indicator,country,place,group,year,value,unit,source,status
census_inactive_by_type_share,DE,DE,"other outside the labour force, 15+",2021,21.17,percent of the inactive aged 15+,"Eurostat cens_21a_r2 (Census 2021, current activity status)","VERIFIED, ratio DERIVED"
census_inactive_by_type_share,DE,DE,"other outside the labour force, 15-64",2021,49.37,percent of the inactive aged 15-64,"Eurostat cens_21a_r2 (Census 2021, current activity status)","VERIFIED, ratio DERIVED"
census_inactive_by_type_share,DE,DE,"retired and capital income recipients, 15+",2021,66.33,percent of the inactive aged 15+,"Eurostat cens_21a_r2 (Census 2021, current activity status)","VERIFIED, ratio DERIVED"
census_inactive_by_type_share,DE,DE,"retired and capital income recipients, 15-64",2021,20.06,percent of the inactive aged 15-64,"Eurostat cens_21a_r2 (Census 2021, current activity status)","VERIFIED, ratio DERIVED"
census_inactive_by_type_share,DE,DE,"students, 15+",2021,12.5,percent of the inactive aged 15+,"Eurostat cens_21a_r2 (Census 2021, current activity status)","VERIFIED, ratio DERIVED"
census_inactive_by_type_share,DE,DE,"students, 15-64",2021,30.57,percent of the inactive aged 15-64,"Eurostat cens_21a_r2 (Census 2021, current activity status)","VERIFIED, ratio DERIVED"
census_inactive_by_type_share,DE,DE1,"other outside the labour force, 15+",2021,23.72,percent of the inactive aged 15+,"Eurostat cens_21a_r2 (Census 2021, current activity status)","VERIFIED, ratio DERIVED"
census_inactive_by_type_share,DE,DE1,"other outside the labour force, 15-64",2021,52.63,percent of the inactive aged 15-64,"Eurostat cens_21a_r2 (Census 2021, current activity status)","VERIFIED, ratio DERIVED"
census_inactive_by_type_share,DE,DE1,"retired and capital income recipients, 15+",2021,62.46,percent of the inactive aged 15+,"Eurostat cens_21a_r2 (Census 2021, current activity status)","VERIFIED, ratio DERIVED"
census_inactive_by_type_share,DE,DE1,"retired and capital income recipients, 15-64",2021,15.2,percent of the inactive aged 15-64,"Eurostat cens_21a_r2 (Census 2021, current activity status)","VERIFIED, ratio DERIVED"
census_inactive_by_type_share,DE,DE1,"students, 15+",2021,13.83,percent of the inactive aged 15+,"Eurostat cens_21a_r2 (Census 2021, current activity status)","VERIFIED, ratio DERIVED"
census_inactive_by_type_share,DE,DE1,"students, 15-64",2021,32.17,percent of the inactive aged 15-64,"Eurostat cens_21a_r2 (Census 2021, current activity status)","VERIFIED, ratio DERIVED"
census_inactive_by_type_share,DE,DE2,"other outside the labour force, 15+",2021,16.39,percent of the inactive aged 15+,"Eurostat cens_21a_r2 (Census 2021, current activity status)","VERIFIED, ratio DERIVED"
census_inactive_by_type_share,DE,DE2,"other outside the labour force, 15-64",2021,40.78,percent of the inactive aged 15-64,"Eurostat cens_21a_r2 (Census 2021, current activity status)","VERIFIED, ratio DERIVED"
census_inactive_by_type_share,DE,DE2,"retired and capital income recipients, 15+",2021,69.66,percent of the inactive aged 15+,"Eurostat cens_21a_r2 (Census 2021, current activity status)","VERIFIED, ratio DERIVED"
census_inactive_by_type_share,DE,DE2,"retired and capital income recipients, 15-64",2021,22.28,percent of the inactive aged 15-64,"Eurostat cens_21a_r2 (Census 2021, current activity status)","VERIFIED, ratio DERIVED"
census_inactive_by_type_share,DE,DE2,"students, 15+",2021,13.94,percent of the inactive aged 15+,"Eurostat cens_21a_r2 (Census 2021, current activity status)","VERIFIED, ratio DERIVED"
census_inactive_by_type_share,DE,DE2,"students, 15-64",2021,36.94,percent of the inactive aged 15-64,"Eurostat cens_21a_r2 (Census 2021, current activity status)","VERIFIED, ratio DERIVED"
census_inactive_by_type_share,DE,DE3,"other outside the labour force, 15+",2021,25.26,percent of the inactive aged 15+,"Eurostat cens_21a_r2 (Census 2021, current activity status)","VERIFIED, ratio DERIVED"
census_inactive_by_type_share,DE,DE3,"other outside the labour force, 15-64",2021,52.74,percent of the inactive aged 15-64,"Eurostat cens_21a_r2 (Census 2021, current activity status)","VERIFIED, ratio DERIVED"
census_inactive_by_type_share,DE,DE3,"retired and capital income recipients, 15+",2021,60.75,percent of the inactive aged 15+,"Eurostat cens_21a_r2 (Census 2021, current activity status)","VERIFIED, ratio DERIVED"
census_inactive_by_type_share,DE,DE3,"retired and capital income recipients, 15-64",2021,17.09,percent of the inactive aged 15-64,"Eurostat cens_21a_r2 (Census 2021, current activity status)","VERIFIED, ratio DERIVED"
census_inactive_by_type_share,DE,DE3,"students, 15+",2021,13.99,percent of the inactive aged 15+,"Eurostat cens_21a_r2 (Census 2021, current activity status)","VERIFIED, ratio DERIVED"
census_inactive_by_type_share,DE,DE3,"students, 15-64",2021,30.16,percent of the inactive aged 15-64,"Eurostat cens_21a_r2 (Census 2021, current activity status)","VERIFIED, ratio DERIVED"
census_inactive_by_type_share,DE,DE4,"other outside the labour force, 15+",2021,15.36,percent of the inactive aged 15+,"Eurostat cens_21a_r2 (Census 2021, current activity status)","VERIFIED, ratio DERIVED"
census_inactive_by_type_share,DE,DE4,"other outside the labour force, 15-64",2021,43.01,percent of the inactive aged 15-64,"Eurostat cens_21a_r2 (Census 2021, current activity status)","VERIFIED, ratio DERIVED"
census_inactive_by_type_share,DE,DE4,"retired and capital income recipients, 15+",2021,74.96,percent of the inactive aged 15+,"Eurostat cens_21a_r2 (Census 2021, current activity status)","VERIFIED, ratio DERIVED"
census_inactive_by_type_share,DE,DE4,"retired and capital income recipients, 15-64",2021,28.92,percent of the inactive aged 15-64,"Eurostat cens_21a_r2 (Census 2021, current activity status)","VERIFIED, ratio DERIVED"
census_inactive_by_type_share,DE,DE4,"students, 15+",2021,9.68,percent of the inactive aged 15+,"Eurostat cens_21a_r2 (Census 2021, current activity status)","VERIFIED, ratio DERIVED"
census_inactive_by_type_share,DE,DE4,"students, 15-64",2021,28.06,percent of the inactive aged 15-64,"Eurostat cens_21a_r2 (Census 2021, current activity status)","VERIFIED, ratio DERIVED"
census_inactive_by_type_share,DE,DE5,"other outside the labour force, 15+",2021,28.07,percent of the inactive aged 15+,"Eurostat cens_21a_r2 (Census 2021, current activity status)","VERIFIED, ratio DERIVED"
census_inactive_by_type_share,DE,DE5,"other outside the labour force, 15-64",2021,57.14,percent of the inactive aged 15-64,"Eurostat cens_21a_r2 (Census 2021, current activity status)","VERIFIED, ratio DERIVED"
census_inactive_by_type_share,DE,DE5,"retired and capital income recipients, 15+",2021,58.78,percent of the inactive aged 15+,"Eurostat cens_21a_r2 (Census 2021, current activity status)","VERIFIED, ratio DERIVED"
census_inactive_by_type_share,DE,DE5,"retired and capital income recipients, 15-64",2021,15.01,percent of the inactive aged 15-64,"Eurostat cens_21a_r2 (Census 2021, current activity status)","VERIFIED, ratio DERIVED"
census_inactive_by_type_share,DE,DE5,"students, 15+",2021,13.15,percent of the inactive aged 15+,"Eurostat cens_21a_r2 (Census 2021, current activity status)","VERIFIED, ratio DERIVED"
census_inactive_by_type_share,DE,DE5,"students, 15-64",2021,27.84,percent of the inactive aged 15-64,"Eurostat cens_21a_r2 (Census 2021, current activity status)","VERIFIED, ratio DERIVED"
census_inactive_by_type_share,DE,DE6,"other outside the labour force, 15+",2021,21.74,percent of the inactive aged 15+,"Eurostat cens_21a_r2 (Census 2021, current activity status)","VERIFIED, ratio DERIVED"
census_inactive_by_type_share,DE,DE6,"other outside the labour force, 15-64",2021,46.89,percent of the inactive aged 15-64,"Eurostat cens_21a_r2 (Census 2021, current activity status)","VERIFIED, ratio DERIVED"
census_inactive_by_type_share,DE,DE6,"retired and capital income recipients, 15+",2021,62.49,percent of the inactive aged 15+,"Eurostat cens_21a_r2 (Census 2021, current activity status)","VERIFIED, ratio DERIVED"
census_inactive_by_type_share,DE,DE6,"retired and capital income recipients, 15-64",2021,17.43,percent of the inactive aged 15-64,"Eurostat cens_21a_r2 (Census 2021, current activity status)","VERIFIED, ratio DERIVED"
census_inactive_by_type_share,DE,DE6,"students, 15+",2021,15.77,percent of the inactive aged 15+,"Eurostat cens_21a_r2 (Census 2021, current activity status)","VERIFIED, ratio DERIVED"
census_inactive_by_type_share,DE,DE6,"students, 15-64",2021,35.68,percent of the inactive aged 15-64,"Eurostat cens_21a_r2 (Census 2021, current activity status)","VERIFIED, ratio DERIVED"
census_inactive_by_type_share,DE,DE7,"other outside the labour force, 15+",2021,24.16,percent of the inactive aged 15+,"Eurostat cens_21a_r2 (Census 2021, current activity status)","VERIFIED, ratio DERIVED"
census_inactive_by_type_share,DE,DE7,"other outside the labour force, 15-64",2021,51.53,percent of the inactive aged 15-64,"Eurostat cens_21a_r2 (Census 2021, current activity status)","VERIFIED, ratio DERIVED"
census_inactive_by_type_share,DE,DE7,"retired and capital income recipients, 15+",2021,62.53,percent of the inactive aged 15+,"Eurostat cens_21a_r2 (Census 2021, current activity status)","VERIFIED, ratio DERIVED"
census_inactive_by_type_share,DE,DE7,"retired and capital income recipients, 15-64",2021,18.68,percent of the inactive aged 15-64,"Eurostat cens_21a_r2 (Census 2021, current activity status)","VERIFIED, ratio DERIVED"
census_inactive_by_type_share,DE,DE7,"students, 15+",2021,13.31,percent of the inactive aged 15+,"Eurostat cens_21a_r2 (Census 2021, current activity status)","VERIFIED, ratio DERIVED"
census_inactive_by_type_share,DE,DE7,"students, 15-64",2021,29.79,percent of the inactive aged 15-64,"Eurostat cens_21a_r2 (Census 2021, current activity status)","VERIFIED, ratio DERIVED"
census_inactive_by_type_share,DE,DE8,"other outside the labour force, 15+",2021,14.42,percent of the inactive aged 15+,"Eurostat cens_21a_r2 (Census 2021, current activity status)","VERIFIED, ratio DERIVED"
census_inactive_by_type_share,DE,DE8,"other outside the labour force, 15-64",2021,40.09,percent of the inactive aged 15-64,"Eurostat cens_21a_r2 (Census 2021, current activity status)","VERIFIED, ratio DERIVED"
census_inactive_by_type_share,DE,DE8,"retired and capital income recipients, 15+",2021,76.43,percent of the inactive aged 15+,"Eurostat cens_21a_r2 (Census 2021, current activity status)","VERIFIED, ratio DERIVED"
census_inactive_by_type_share,DE,DE8,"retired and capital income recipients, 15-64",2021,33.85,percent of the inactive aged 15-64,"Eurostat cens_21a_r2 (Census 2021, current activity status)","VERIFIED, ratio DERIVED"
census_inactive_by_type_share,DE,DE8,"students, 15+",2021,9.15,percent of the inactive aged 15+,"Eurostat cens_21a_r2 (Census 2021, current activity status)","VERIFIED, ratio DERIVED"
census_inactive_by_type_share,DE,DE8,"students, 15-64",2021,26.06,percent of the inactive aged 15-64,"Eurostat cens_21a_r2 (Census 2021, current activity status)","VERIFIED, ratio DERIVED"
census_inactive_by_type_share,DE,DE9,"other outside the labour force, 15+",2021,21.46,percent of the inactive aged 15+,"Eurostat cens_21a_r2 (Census 2021, current activity status)","VERIFIED, ratio DERIVED"
census_inactive_by_type_share,DE,DE9,"other outside the labour force, 15-64",2021,49.98,percent of the inactive aged 15-64,"Eurostat cens_21a_r2 (Census 2021, current activity status)","VERIFIED, ratio DERIVED"
census_inactive_by_type_share,DE,DE9,"retired and capital income recipients, 15+",2021,66.41,percent of the inactive aged 15+,"Eurostat cens_21a_r2 (Census 2021, current activity status)","VERIFIED, ratio DERIVED"
census_inactive_by_type_share,DE,DE9,"retired and capital income recipients, 15-64",2021,20.38,percent of the inactive aged 15-64,"Eurostat cens_21a_r2 (Census 2021, current activity status)","VERIFIED, ratio DERIVED"
census_inactive_by_type_share,DE,DE9,"students, 15+",2021,12.13,percent of the inactive aged 15+,"Eurostat cens_21a_r2 (Census 2021, current activity status)","VERIFIED, ratio DERIVED"
census_inactive_by_type_share,DE,DE9,"students, 15-64",2021,29.64,percent of the inactive aged 15-64,"Eurostat cens_21a_r2 (Census 2021, current activity status)","VERIFIED, ratio DERIVED"
census_inactive_by_type_share,DE,DEA,"other outside the labour force, 15+",2021,25.4,percent of the inactive aged 15+,"Eurostat cens_21a_r2 (Census 2021, current activity status)","VERIFIED, ratio DERIVED"
census_inactive_by_type_share,DE,DEA,"other outside the labour force, 15-64",2021,54.07,percent of the inactive aged 15-64,"Eurostat cens_21a_r2 (Census 2021, current activity status)","VERIFIED, ratio DERIVED"
census_inactive_by_type_share,DE,DEA,"retired and capital income recipients, 15+",2021,62.1,percent of the inactive aged 15+,"Eurostat cens_21a_r2 (Census 2021, current activity status)","VERIFIED, ratio DERIVED"
census_inactive_by_type_share,DE,DEA,"retired and capital income recipients, 15-64",2021,17.99,percent of the inactive aged 15-64,"Eurostat cens_21a_r2 (Census 2021, current activity status)","VERIFIED, ratio DERIVED"
census_inactive_by_type_share,DE,DEA,"students, 15+",2021,12.5,percent of the inactive aged 15+,"Eurostat cens_21a_r2 (Census 2021, current activity status)","VERIFIED, ratio DERIVED"
census_inactive_by_type_share,DE,DEA,"students, 15-64",2021,27.94,percent of the inactive aged 15-64,"Eurostat cens_21a_r2 (Census 2021, current activity status)","VERIFIED, ratio DERIVED"
census_inactive_by_type_share,DE,DEB,"other outside the labour force, 15+",2021,22.68,percent of the inactive aged 15+,"Eurostat cens_21a_r2 (Census 2021, current activity status)","VERIFIED, ratio DERIVED"
census_inactive_by_type_share,DE,DEB,"other outside the labour force, 15-64",2021,52.0,percent of the inactive aged 15-64,"Eurostat cens_21a_r2 (Census 2021, current activity status)","VERIFIED, ratio DERIVED"
census_inactive_by_type_share,DE,DEB,"retired and capital income recipients, 15+",2021,66.26,percent of the inactive aged 15+,"Eurostat cens_21a_r2 (Census 2021, current activity status)","VERIFIED, ratio DERIVED"
census_inactive_by_type_share,DE,DEB,"retired and capital income recipients, 15-64",2021,21.12,percent of the inactive aged 15-64,"Eurostat cens_21a_r2 (Census 2021, current activity status)","VERIFIED, ratio DERIVED"
census_inactive_by_type_share,DE,DEB,"students, 15+",2021,11.06,percent of the inactive aged 15+,"Eurostat cens_21a_r2 (Census 2021, current activity status)","VERIFIED, ratio DERIVED"
census_inactive_by_type_share,DE,DEB,"students, 15-64",2021,26.87,percent of the inactive aged 15-64,"Eurostat cens_21a_r2 (Census 2021, current activity status)","VERIFIED, ratio DERIVED"
census_inactive_by_type_share,DE,DEC,"other outside the labour force, 15+",2021,23.48,percent of the inactive aged 15+,"Eurostat cens_21a_r2 (Census 2021, current activity status)","VERIFIED, ratio DERIVED"
census_inactive_by_type_share,DE,DEC,"other outside the labour force, 15-64",2021,52.28,percent of the inactive aged 15-64,"Eurostat cens_21a_r2 (Census 2021, current activity status)","VERIFIED, ratio DERIVED"
census_inactive_by_type_share,DE,DEC,"retired and capital income recipients, 15+",2021,65.76,percent of the inactive aged 15+,"Eurostat cens_21a_r2 (Census 2021, current activity status)","VERIFIED, ratio DERIVED"
census_inactive_by_type_share,DE,DEC,"retired and capital income recipients, 15-64",2021,21.95,percent of the inactive aged 15-64,"Eurostat cens_21a_r2 (Census 2021, current activity status)","VERIFIED, ratio DERIVED"
census_inactive_by_type_share,DE,DEC,"students, 15+",2021,10.75,percent of the inactive aged 15+,"Eurostat cens_21a_r2 (Census 2021, current activity status)","VERIFIED, ratio DERIVED"
census_inactive_by_type_share,DE,DEC,"students, 15-64",2021,25.76,percent of the inactive aged 15-64,"Eurostat cens_21a_r2 (Census 2021, current activity status)","VERIFIED, ratio DERIVED"
census_inactive_by_type_share,DE,DED,"other outside the labour force, 15+",2021,13.82,percent of the inactive aged 15+,"Eurostat cens_21a_r2 (Census 2021, current activity status)","VERIFIED, ratio DERIVED"
census_inactive_by_type_share,DE,DED,"other outside the labour force, 15-64",2021,42.09,percent of the inactive aged 15-64,"Eurostat cens_21a_r2 (Census 2021, current activity status)","VERIFIED, ratio DERIVED"
census_inactive_by_type_share,DE,DED,"retired and capital income recipients, 15+",2021,75.29,percent of the inactive aged 15+,"Eurostat cens_21a_r2 (Census 2021, current activity status)","VERIFIED, ratio DERIVED"
census_inactive_by_type_share,DE,DED,"retired and capital income recipients, 15-64",2021,23.81,percent of the inactive aged 15-64,"Eurostat cens_21a_r2 (Census 2021, current activity status)","VERIFIED, ratio DERIVED"
census_inactive_by_type_share,DE,DED,"students, 15+",2021,10.89,percent of the inactive aged 15+,"Eurostat cens_21a_r2 (Census 2021, current activity status)","VERIFIED, ratio DERIVED"
census_inactive_by_type_share,DE,DED,"students, 15-64",2021,34.1,percent of the inactive aged 15-64,"Eurostat cens_21a_r2 (Census 2021, current activity status)","VERIFIED, ratio DERIVED"
census_inactive_by_type_share,DE,DEE,"other outside the labour force, 15+",2021,15.78,percent of the inactive aged 15+,"Eurostat cens_21a_r2 (Census 2021, current activity status)","VERIFIED, ratio DERIVED"
census_inactive_by_type_share,DE,DEE,"other outside the labour force, 15-64",2021,45.86,percent of the inactive aged 15-64,"Eurostat cens_21a_r2 (Census 2021, current activity status)","VERIFIED, ratio DERIVED"
census_inactive_by_type_share,DE,DEE,"retired and capital income recipients, 15+",2021,74.99,percent of the inactive aged 15+,"Eurostat cens_21a_r2 (Census 2021, current activity status)","VERIFIED, ratio DERIVED"
census_inactive_by_type_share,DE,DEE,"retired and capital income recipients, 15-64",2021,26.62,percent of the inactive aged 15-64,"Eurostat cens_21a_r2 (Census 2021, current activity status)","VERIFIED, ratio DERIVED"
census_inactive_by_type_share,DE,DEE,"students, 15+",2021,9.22,percent of the inactive aged 15+,"Eurostat cens_21a_r2 (Census 2021, current activity status)","VERIFIED, ratio DERIVED"
census_inactive_by_type_share,DE,DEE,"students, 15-64",2021,27.52,percent of the inactive aged 15-64,"Eurostat cens_21a_r2 (Census 2021, current activity status)","VERIFIED, ratio DERIVED"
census_inactive_by_type_share,DE,DEF,"other outside the labour force, 15+",2021,16.85,percent of the inactive aged 15+,"Eurostat cens_21a_r2 (Census 2021, current activity status)","VERIFIED, ratio DERIVED"
census_inactive_by_type_share,DE,DEF,"other outside the labour force, 15-64",2021,43.01,percent of the inactive aged 15-64,"Eurostat cens_21a_r2 (Census 2021, current activity status)","VERIFIED, ratio DERIVED"
census_inactive_by_type_share,DE,DEF,"retired and capital income recipients, 15+",2021,70.89,percent of the inactive aged 15+,"Eurostat cens_21a_r2 (Census 2021, current activity status)","VERIFIED, ratio DERIVED"
census_inactive_by_type_share,DE,DEF,"retired and capital income recipients, 15-64",2021,24.01,percent of the inactive aged 15-64,"Eurostat cens_21a_r2 (Census 2021, current activity status)","VERIFIED, ratio DERIVED"
census_inactive_by_type_share,DE,DEF,"students, 15+",2021,12.26,percent of the inactive aged 15+,"Eurostat cens_21a_r2 (Census 2021, current activity status)","VERIFIED, ratio DERIVED"
census_inactive_by_type_share,DE,DEF,"students, 15-64",2021,32.98,percent of the inactive aged 15-64,"Eurostat cens_21a_r2 (Census 2021, current activity status)","VERIFIED, ratio DERIVED"
census_inactive_by_type_share,DE,DEG,"other outside the labour force, 15+",2021,14.63,percent of the inactive aged 15+,"Eurostat cens_21a_r2 (Census 2021, current activity status)","VERIFIED, ratio DERIVED"
census_inactive_by_type_share,DE,DEG,"other outside the labour force, 15-64",2021,41.99,percent of the inactive aged 15-64,"Eurostat cens_21a_r2 (Census 2021, current activity status)","VERIFIED, ratio DERIVED"
census_inactive_by_type_share,DE,DEG,"retired and capital income recipients, 15+",2021,75.23,percent of the inactive aged 15+,"Eurostat cens_21a_r2 (Census 2021, current activity status)","VERIFIED, ratio DERIVED"
census_inactive_by_type_share,DE,DEG,"retired and capital income recipients, 15-64",2021,28.01,percent of the inactive aged 15-64,"Eurostat cens_21a_r2 (Census 2021, current activity status)","VERIFIED, ratio DERIVED"
census_inactive_by_type_share,DE,DEG,"students, 15+",2021,10.13,percent of the inactive aged 15+,"Eurostat cens_21a_r2 (Census 2021, current activity status)","VERIFIED, ratio DERIVED"
census_inactive_by_type_share,DE,DEG,"students, 15-64",2021,30.0,percent of the inactive aged 15-64,"Eurostat cens_21a_r2 (Census 2021, current activity status)","VERIFIED, ratio DERIVED"
census_inactive_by_type_share,FR,FR,"other outside the labour force, 15+",2021,17.14,percent of the inactive aged 15+,"Eurostat cens_21a_r2 (Census 2021, current activity status)","VERIFIED, ratio DERIVED"
census_inactive_by_type_share,FR,FR,"other outside the labour force, 15-64",2021,34.22,percent of the inactive aged 15-64,"Eurostat cens_21a_r2 (Census 2021, current activity status)","VERIFIED, ratio DERIVED"
census_inactive_by_type_share,FR,FR,"retired and capital income recipients, 15+",2021,64.27,percent of the inactive aged 15+,"Eurostat cens_21a_r2 (Census 2021, current activity status)","VERIFIED, ratio DERIVED"
census_inactive_by_type_share,FR,FR,"retired and capital income recipients, 15-64",2021,24.29,percent of the inactive aged 15-64,"Eurostat cens_21a_r2 (Census 2021, current activity status)","VERIFIED, ratio DERIVED"
census_inactive_by_type_share,FR,FR,"students, 15+",2021,18.59,percent of the inactive aged 15+,"Eurostat cens_21a_r2 (Census 2021, current activity status)","VERIFIED, ratio DERIVED"
census_inactive_by_type_share,FR,FR,"students, 15-64",2021,41.49,percent of the inactive aged 15-64,"Eurostat cens_21a_r2 (Census 2021, current activity status)","VERIFIED, ratio DERIVED"
census_inactive_by_type_share,FR,FR1,"other outside the labour force, 15+",2021,20.01,percent of the inactive aged 15+,"Eurostat cens_21a_r2 (Census 2021, current activity status)","VERIFIED, ratio DERIVED"
census_inactive_by_type_share,FR,FR1,"other outside the labour force, 15-64",2021,34.35,percent of the inactive aged 15-64,"Eurostat cens_21a_r2 (Census 2021, current activity status)","VERIFIED, ratio DERIVED"
census_inactive_by_type_share,FR,FR1,"retired and capital income recipients, 15+",2021,54.03,percent of the inactive aged 15+,"Eurostat cens_21a_r2 (Census 2021, current activity status)","VERIFIED, ratio DERIVED"
census_inactive_by_type_share,FR,FR1,"retired and capital income recipients, 15-64",2021,15.89,percent of the inactive aged 15-64,"Eurostat cens_21a_r2 (Census 2021, current activity status)","VERIFIED, ratio DERIVED"
census_inactive_by_type_share,FR,FR1,"students, 15+",2021,25.96,percent of the inactive aged 15+,"Eurostat cens_21a_r2 (Census 2021, current activity status)","VERIFIED, ratio DERIVED"
census_inactive_by_type_share,FR,FR1,"students, 15-64",2021,49.76,percent of the inactive aged 15-64,"Eurostat cens_21a_r2 (Census 2021, current activity status)","VERIFIED, ratio DERIVED"
census_inactive_by_type_share,FR,FRB,"other outside the labour force, 15+",2021,13.56,percent of the inactive aged 15+,"Eurostat cens_21a_r2 (Census 2021, current activity status)","VERIFIED, ratio DERIVED"
census_inactive_by_type_share,FR,FRB,"other outside the labour force, 15-64",2021,30.59,percent of the inactive aged 15-64,"Eurostat cens_21a_r2 (Census 2021, current activity status)","VERIFIED, ratio DERIVED"
census_inactive_by_type_share,FR,FRB,"retired and capital income recipients, 15+",2021,70.88,percent of the inactive aged 15+,"Eurostat cens_21a_r2 (Census 2021, current activity status)","VERIFIED, ratio DERIVED"
census_inactive_by_type_share,FR,FRB,"retired and capital income recipients, 15-64",2021,30.82,percent of the inactive aged 15-64,"Eurostat cens_21a_r2 (Census 2021, current activity status)","VERIFIED, ratio DERIVED"
census_inactive_by_type_share,FR,FRB,"students, 15+",2021,15.56,percent of the inactive aged 15+,"Eurostat cens_21a_r2 (Census 2021, current activity status)","VERIFIED, ratio DERIVED"
census_inactive_by_type_share,FR,FRB,"students, 15-64",2021,38.59,percent of the inactive aged 15-64,"Eurostat cens_21a_r2 (Census 2021, current activity status)","VERIFIED, ratio DERIVED"
census_inactive_by_type_share,FR,FRC,"other outside the labour force, 15+",2021,14.39,percent of the inactive aged 15+,"Eurostat cens_21a_r2 (Census 2021, current activity status)","VERIFIED, ratio DERIVED"
census_inactive_by_type_share,FR,FRC,"other outside the labour force, 15-64",2021,32.16,percent of the inactive aged 15-64,"Eurostat cens_21a_r2 (Census 2021, current activity status)","VERIFIED, ratio DERIVED"
census_inactive_by_type_share,FR,FRC,"retired and capital income recipients, 15+",2021,70.54,percent of the inactive aged 15+,"Eurostat cens_21a_r2 (Census 2021, current activity status)","VERIFIED, ratio DERIVED"
census_inactive_by_type_share,FR,FRC,"retired and capital income recipients, 15-64",2021,30.54,percent of the inactive aged 15-64,"Eurostat cens_21a_r2 (Census 2021, current activity status)","VERIFIED, ratio DERIVED"
census_inactive_by_type_share,FR,FRC,"students, 15+",2021,15.07,percent of the inactive aged 15+,"Eurostat cens_21a_r2 (Census 2021, current activity status)","VERIFIED, ratio DERIVED"
census_inactive_by_type_share,FR,FRC,"students, 15-64",2021,37.3,percent of the inactive aged 15-64,"Eurostat cens_21a_r2 (Census 2021, current activity status)","VERIFIED, ratio DERIVED"
census_inactive_by_type_share,FR,FRD,"other outside the labour force, 15+",2021,14.88,percent of the inactive aged 15+,"Eurostat cens_21a_r2 (Census 2021, current activity status)","VERIFIED, ratio DERIVED"
census_inactive_by_type_share,FR,FRD,"other outside the labour force, 15-64",2021,31.94,percent of the inactive aged 15-64,"Eurostat cens_21a_r2 (Census 2021, current activity status)","VERIFIED, ratio DERIVED"
census_inactive_by_type_share,FR,FRD,"retired and capital income recipients, 15+",2021,68.82,percent of the inactive aged 15+,"Eurostat cens_21a_r2 (Census 2021, current activity status)","VERIFIED, ratio DERIVED"
census_inactive_by_type_share,FR,FRD,"retired and capital income recipients, 15-64",2021,29.98,percent of the inactive aged 15-64,"Eurostat cens_21a_r2 (Census 2021, current activity status)","VERIFIED, ratio DERIVED"
census_inactive_by_type_share,FR,FRD,"students, 15+",2021,16.3,percent of the inactive aged 15+,"Eurostat cens_21a_r2 (Census 2021, current activity status)","VERIFIED, ratio DERIVED"
census_inactive_by_type_share,FR,FRD,"students, 15-64",2021,38.08,percent of the inactive aged 15-64,"Eurostat cens_21a_r2 (Census 2021, current activity status)","VERIFIED, ratio DERIVED"
census_inactive_by_type_share,FR,FRE,"other outside the labour force, 15+",2021,20.51,percent of the inactive aged 15+,"Eurostat cens_21a_r2 (Census 2021, current activity status)","VERIFIED, ratio DERIVED"
census_inactive_by_type_share,FR,FRE,"other outside the labour force, 15-64",2021,37.72,percent of the inactive aged 15-64,"Eurostat cens_21a_r2 (Census 2021, current activity status)","VERIFIED, ratio DERIVED"
census_inactive_by_type_share,FR,FRE,"retired and capital income recipients, 15+",2021,60.09,percent of the inactive aged 15+,"Eurostat cens_21a_r2 (Census 2021, current activity status)","VERIFIED, ratio DERIVED"
census_inactive_by_type_share,FR,FRE,"retired and capital income recipients, 15-64",2021,23.35,percent of the inactive aged 15-64,"Eurostat cens_21a_r2 (Census 2021, current activity status)","VERIFIED, ratio DERIVED"
census_inactive_by_type_share,FR,FRE,"students, 15+",2021,19.4,percent of the inactive aged 15+,"Eurostat cens_21a_r2 (Census 2021, current activity status)","VERIFIED, ratio DERIVED"
census_inactive_by_type_share,FR,FRE,"students, 15-64",2021,38.93,percent of the inactive aged 15-64,"Eurostat cens_21a_r2 (Census 2021, current activity status)","VERIFIED, ratio DERIVED"
census_inactive_by_type_share,FR,FRF,"other outside the labour force, 15+",2021,17.77,percent of the inactive aged 15+,"Eurostat cens_21a_r2 (Census 2021, current activity status)","VERIFIED, ratio DERIVED"
census_inactive_by_type_share,FR,FRF,"other outside the labour force, 15-64",2021,34.23,percent of the inactive aged 15-64,"Eurostat cens_21a_r2 (Census 2021, current activity status)","VERIFIED, ratio DERIVED"
census_inactive_by_type_share,FR,FRF,"retired and capital income recipients, 15+",2021,64.68,percent of the inactive aged 15+,"Eurostat cens_21a_r2 (Census 2021, current activity status)","VERIFIED, ratio DERIVED"
census_inactive_by_type_share,FR,FRF,"retired and capital income recipients, 15-64",2021,27.0,percent of the inactive aged 15-64,"Eurostat cens_21a_r2 (Census 2021, current activity status)","VERIFIED, ratio DERIVED"
census_inactive_by_type_share,FR,FRF,"students, 15+",2021,17.55,percent of the inactive aged 15+,"Eurostat cens_21a_r2 (Census 2021, current activity status)","VERIFIED, ratio DERIVED"
census_inactive_by_type_share,FR,FRF,"students, 15-64",2021,38.77,percent of the inactive aged 15-64,"Eurostat cens_21a_r2 (Census 2021, current activity status)","VERIFIED, ratio DERIVED"
census_inactive_by_type_share,FR,FRG,"other outside the labour force, 15+",2021,11.73,percent of the inactive aged 15+,"Eurostat cens_21a_r2 (Census 2021, current activity status)","VERIFIED, ratio DERIVED"
census_inactive_by_type_share,FR,FRG,"other outside the labour force, 15-64",2021,25.72,percent of the inactive aged 15-64,"Eurostat cens_21a_r2 (Census 2021, current activity status)","VERIFIED, ratio DERIVED"
census_inactive_by_type_share,FR,FRG,"retired and capital income recipients, 15+",2021,70.38,percent of the inactive aged 15+,"Eurostat cens_21a_r2 (Census 2021, current activity status)","VERIFIED, ratio DERIVED"
census_inactive_by_type_share,FR,FRG,"retired and capital income recipients, 15-64",2021,31.14,percent of the inactive aged 15-64,"Eurostat cens_21a_r2 (Census 2021, current activity status)","VERIFIED, ratio DERIVED"
census_inactive_by_type_share,FR,FRG,"students, 15+",2021,17.89,percent of the inactive aged 15+,"Eurostat cens_21a_r2 (Census 2021, current activity status)","VERIFIED, ratio DERIVED"
census_inactive_by_type_share,FR,FRG,"students, 15-64",2021,43.14,percent of the inactive aged 15-64,"Eurostat cens_21a_r2 (Census 2021, current activity status)","VERIFIED, ratio DERIVED"
census_inactive_by_type_share,FR,FRH,"other outside the labour force, 15+",2021,12.43,percent of the inactive aged 15+,"Eurostat cens_21a_r2 (Census 2021, current activity status)","VERIFIED, ratio DERIVED"
census_inactive_by_type_share,FR,FRH,"other outside the labour force, 15-64",2021,26.82,percent of the inactive aged 15-64,"Eurostat cens_21a_r2 (Census 2021, current activity status)","VERIFIED, ratio DERIVED"
census_inactive_by_type_share,FR,FRH,"retired and capital income recipients, 15+",2021,70.23,percent of the inactive aged 15+,"Eurostat cens_21a_r2 (Census 2021, current activity status)","VERIFIED, ratio DERIVED"
census_inactive_by_type_share,FR,FRH,"retired and capital income recipients, 15-64",2021,31.25,percent of the inactive aged 15-64,"Eurostat cens_21a_r2 (Census 2021, current activity status)","VERIFIED, ratio DERIVED"
census_inactive_by_type_share,FR,FRH,"students, 15+",2021,17.35,percent of the inactive aged 15+,"Eurostat cens_21a_r2 (Census 2021, current activity status)","VERIFIED, ratio DERIVED"
census_inactive_by_type_share,FR,FRH,"students, 15-64",2021,41.93,percent of the inactive aged 15-64,"Eurostat cens_21a_r2 (Census 2021, current activity status)","VERIFIED, ratio DERIVED"
census_inactive_by_type_share,FR,FRI,"other outside the labour force, 15+",2021,13.59,percent of the inactive aged 15+,"Eurostat cens_21a_r2 (Census 2021, current activity status)","VERIFIED, ratio DERIVED"
census_inactive_by_type_share,FR,FRI,"other outside the labour force, 15-64",2021,30.95,percent of the inactive aged 15-64,"Eurostat cens_21a_r2 (Census 2021, current activity status)","VERIFIED, ratio DERIVED"
census_inactive_by_type_share,FR,FRI,"retired and capital income recipients, 15+",2021,71.06,percent of the inactive aged 15+,"Eurostat cens_21a_r2 (Census 2021, current activity status)","VERIFIED, ratio DERIVED"
census_inactive_by_type_share,FR,FRI,"retired and capital income recipients, 15-64",2021,30.03,percent of the inactive aged 15-64,"Eurostat cens_21a_r2 (Census 2021, current activity status)","VERIFIED, ratio DERIVED"
census_inactive_by_type_share,FR,FRI,"students, 15+",2021,15.35,percent of the inactive aged 15+,"Eurostat cens_21a_r2 (Census 2021, current activity status)","VERIFIED, ratio DERIVED"
census_inactive_by_type_share,FR,FRI,"students, 15-64",2021,39.02,percent of the inactive aged 15-64,"Eurostat cens_21a_r2 (Census 2021, current activity status)","VERIFIED, ratio DERIVED"
census_inactive_by_type_share,FR,FRJ,"other outside the labour force, 15+",2021,16.92,percent of the inactive aged 15+,"Eurostat cens_21a_r2 (Census 2021, current activity status)","VERIFIED, ratio DERIVED"
census_inactive_by_type_share,FR,FRJ,"other outside the labour force, 15-64",2021,35.5,percent of the inactive aged 15-64,"Eurostat cens_21a_r2 (Census 2021, current activity status)","VERIFIED, ratio DERIVED"
census_inactive_by_type_share,FR,FRJ,"retired and capital income recipients, 15+",2021,65.95,percent of the inactive aged 15+,"Eurostat cens_21a_r2 (Census 2021, current activity status)","VERIFIED, ratio DERIVED"
census_inactive_by_type_share,FR,FRJ,"retired and capital income recipients, 15-64",2021,24.08,percent of the inactive aged 15-64,"Eurostat cens_21a_r2 (Census 2021, current activity status)","VERIFIED, ratio DERIVED"
census_inactive_by_type_share,FR,FRJ,"students, 15+",2021,17.13,percent of the inactive aged 15+,"Eurostat cens_21a_r2 (Census 2021, current activity status)","VERIFIED, ratio DERIVED"
census_inactive_by_type_share,FR,FRJ,"students, 15-64",2021,40.42,percent of the inactive aged 15-64,"Eurostat cens_21a_r2 (Census 2021, current activity status)","VERIFIED, ratio DERIVED"
census_inactive_by_type_share,FR,FRK,"other outside the labour force, 15+",2021,15.4,percent of the inactive aged 15+,"Eurostat cens_21a_r2 (Census 2021, current activity status)","VERIFIED, ratio DERIVED"
census_inactive_by_type_share,FR,FRK,"other outside the labour force, 15-64",2021,31.78,percent of the inactive aged 15-64,"Eurostat cens_21a_r2 (Census 2021, current activity status)","VERIFIED, ratio DERIVED"
census_inactive_by_type_share,FR,FRK,"retired and capital income recipients, 15+",2021,65.72,percent of the inactive aged 15+,"Eurostat cens_21a_r2 (Census 2021, current activity status)","VERIFIED, ratio DERIVED"
census_inactive_by_type_share,FR,FRK,"retired and capital income recipients, 15-64",2021,24.88,percent of the inactive aged 15-64,"Eurostat cens_21a_r2 (Census 2021, current activity status)","VERIFIED, ratio DERIVED"
census_inactive_by_type_share,FR,FRK,"students, 15+",2021,18.88,percent of the inactive aged 15+,"Eurostat cens_21a_r2 (Census 2021, current activity status)","VERIFIED, ratio DERIVED"
census_inactive_by_type_share,FR,FRK,"students, 15-64",2021,43.33,percent of the inactive aged 15-64,"Eurostat cens_21a_r2 (Census 2021, current activity status)","VERIFIED, ratio DERIVED"
census_inactive_by_type_share,FR,FRL,"other outside the labour force, 15+",2021,19.8,percent of the inactive aged 15+,"Eurostat cens_21a_r2 (Census 2021, current activity status)","VERIFIED, ratio DERIVED"
census_inactive_by_type_share,FR,FRL,"other outside the labour force, 15-64",2021,40.74,percent of the inactive aged 15-64,"Eurostat cens_21a_r2 (Census 2021, current activity status)","VERIFIED, ratio DERIVED"
census_inactive_by_type_share,FR,FRL,"retired and capital income recipients, 15+",2021,64.39,percent of the inactive aged 15+,"Eurostat cens_21a_r2 (Census 2021, current activity status)","VERIFIED, ratio DERIVED"
census_inactive_by_type_share,FR,FRL,"retired and capital income recipients, 15-64",2021,21.92,percent of the inactive aged 15-64,"Eurostat cens_21a_r2 (Census 2021, current activity status)","VERIFIED, ratio DERIVED"
census_inactive_by_type_share,FR,FRL,"students, 15+",2021,15.81,percent of the inactive aged 15+,"Eurostat cens_21a_r2 (Census 2021, current activity status)","VERIFIED, ratio DERIVED"
census_inactive_by_type_share,FR,FRL,"students, 15-64",2021,37.34,percent of the inactive aged 15-64,"Eurostat cens_21a_r2 (Census 2021, current activity status)","VERIFIED, ratio DERIVED"
census_inactive_by_type_share,FR,FRM,"other outside the labour force, 15+",2021,25.59,percent of the inactive aged 15+,"Eurostat cens_21a_r2 (Census 2021, current activity status)","VERIFIED, ratio DERIVED"
census_inactive_by_type_share,FR,FRM,"other outside the labour force, 15-64",2021,48.15,percent of the inactive aged 15-64,"Eurostat cens_21a_r2 (Census 2021, current activity status)","VERIFIED, ratio DERIVED"
census_inactive_by_type_share,FR,FRM,"retired and capital income recipients, 15+",2021,61.36,percent of the inactive aged 15+,"Eurostat cens_21a_r2 (Census 2021, current activity status)","VERIFIED, ratio DERIVED"
census_inactive_by_type_share,FR,FRM,"retired and capital income recipients, 15-64",2021,21.09,percent of the inactive aged 15-64,"Eurostat cens_21a_r2 (Census 2021, current activity status)","VERIFIED, ratio DERIVED"
census_inactive_by_type_share,FR,FRM,"students, 15+",2021,13.05,percent of the inactive aged 15+,"Eurostat cens_21a_r2 (Census 2021, current activity status)","VERIFIED, ratio DERIVED"
census_inactive_by_type_share,FR,FRM,"students, 15-64",2021,30.76,percent of the inactive aged 15-64,"Eurostat cens_21a_r2 (Census 2021, current activity status)","VERIFIED, ratio DERIVED"
census_inactive_by_type_share,FR,FRY,"other outside the labour force, 15+",2021,33.8,percent of the inactive aged 15+,"Eurostat cens_21a_r2 (Census 2021, current activity status)","VERIFIED, ratio DERIVED"
census_inactive_by_type_share,FR,FRY,"other outside the labour force, 15-64",2021,51.76,percent of the inactive aged 15-64,"Eurostat cens_21a_r2 (Census 2021, current activity status)","VERIFIED, ratio DERIVED"
census_inactive_by_type_share,FR,FRY,"retired and capital income recipients, 15+",2021,44.64,percent of the inactive aged 15+,"Eurostat cens_21a_r2 (Census 2021, current activity status)","VERIFIED, ratio DERIVED"
census_inactive_by_type_share,FR,FRY,"retired and capital income recipients, 15-64",2021,11.57,percent of the inactive aged 15-64,"Eurostat cens_21a_r2 (Census 2021, current activity status)","VERIFIED, ratio DERIVED"
census_inactive_by_type_share,FR,FRY,"students, 15+",2021,21.56,percent of the inactive aged 15+,"Eurostat cens_21a_r2 (Census 2021, current activity status)","VERIFIED, ratio DERIVED"
census_inactive_by_type_share,FR,FRY,"students, 15-64",2021,36.68,percent of the inactive aged 15-64,"Eurostat cens_21a_r2 (Census 2021, current activity status)","VERIFIED, ratio DERIVED"
census_inactive_by_type_share,IT,IT,"other outside the labour force, 15+",2021,37.34,percent of the inactive aged 15+,"Eurostat cens_21a_r2 (Census 2021, current activity status)","VERIFIED, ratio DERIVED"
census_inactive_by_type_share,IT,IT,"other outside the labour force, 15-64",2021,55.77,percent of the inactive aged 15-64,"Eurostat cens_21a_r2 (Census 2021, current activity status)","VERIFIED, ratio DERIVED"
census_inactive_by_type_share,IT,IT,"retired and capital income recipients, 15+",2021,46.59,percent of the inactive aged 15+,"Eurostat cens_21a_r2 (Census 2021, current activity status)","VERIFIED, ratio DERIVED"
census_inactive_by_type_share,IT,IT,"retired and capital income recipients, 15-64",2021,11.18,percent of the inactive aged 15-64,"Eurostat cens_21a_r2 (Census 2021, current activity status)","VERIFIED, ratio DERIVED"
census_inactive_by_type_share,IT,IT,"students, 15+",2021,16.07,percent of the inactive aged 15+,"Eurostat cens_21a_r2 (Census 2021, current activity status)","VERIFIED, ratio DERIVED"
census_inactive_by_type_share,IT,IT,"students, 15-64",2021,33.05,percent of the inactive aged 15-64,"Eurostat cens_21a_r2 (Census 2021, current activity status)","VERIFIED, ratio DERIVED"
census_inactive_by_type_share,IT,ITC1,"other outside the labour force, 15+",2021,28.01,percent of the inactive aged 15+,"Eurostat cens_21a_r2 (Census 2021, current activity status)","VERIFIED, ratio DERIVED"
census_inactive_by_type_share,IT,ITC1,"other outside the labour force, 15-64",2021,47.49,percent of the inactive aged 15-64,"Eurostat cens_21a_r2 (Census 2021, current activity status)","VERIFIED, ratio DERIVED"
census_inactive_by_type_share,IT,ITC1,"retired and capital income recipients, 15+",2021,57.24,percent of the inactive aged 15+,"Eurostat cens_21a_r2 (Census 2021, current activity status)","VERIFIED, ratio DERIVED"
census_inactive_by_type_share,IT,ITC1,"retired and capital income recipients, 15-64",2021,16.49,percent of the inactive aged 15-64,"Eurostat cens_21a_r2 (Census 2021, current activity status)","VERIFIED, ratio DERIVED"
census_inactive_by_type_share,IT,ITC1,"students, 15+",2021,14.75,percent of the inactive aged 15+,"Eurostat cens_21a_r2 (Census 2021, current activity status)","VERIFIED, ratio DERIVED"
census_inactive_by_type_share,IT,ITC1,"students, 15-64",2021,36.02,percent of the inactive aged 15-64,"Eurostat cens_21a_r2 (Census 2021, current activity status)","VERIFIED, ratio DERIVED"
census_inactive_by_type_share,IT,ITC2,"other outside the labour force, 15+",2021,27.18,percent of the inactive aged 15+,"Eurostat cens_21a_r2 (Census 2021, current activity status)","VERIFIED, ratio DERIVED"
census_inactive_by_type_share,IT,ITC2,"other outside the labour force, 15-64",2021,44.28,percent of the inactive aged 15-64,"Eurostat cens_21a_r2 (Census 2021, current activity status)","VERIFIED, ratio DERIVED"
census_inactive_by_type_share,IT,ITC2,"retired and capital income recipients, 15+",2021,56.77,percent of the inactive aged 15+,"Eurostat cens_21a_r2 (Census 2021, current activity status)","VERIFIED, ratio DERIVED"
census_inactive_by_type_share,IT,ITC2,"retired and capital income recipients, 15-64",2021,18.49,percent of the inactive aged 15-64,"Eurostat cens_21a_r2 (Census 2021, current activity status)","VERIFIED, ratio DERIVED"
census_inactive_by_type_share,IT,ITC2,"students, 15+",2021,16.05,percent of the inactive aged 15+,"Eurostat cens_21a_r2 (Census 2021, current activity status)","VERIFIED, ratio DERIVED"
census_inactive_by_type_share,IT,ITC2,"students, 15-64",2021,37.22,percent of the inactive aged 15-64,"Eurostat cens_21a_r2 (Census 2021, current activity status)","VERIFIED, ratio DERIVED"
census_inactive_by_type_share,IT,ITC3,"other outside the labour force, 15+",2021,32.43,percent of the inactive aged 15+,"Eurostat cens_21a_r2 (Census 2021, current activity status)","VERIFIED, ratio DERIVED"
census_inactive_by_type_share,IT,ITC3,"other outside the labour force, 15-64",2021,51.95,percent of the inactive aged 15-64,"Eurostat cens_21a_r2 (Census 2021, current activity status)","VERIFIED, ratio DERIVED"
census_inactive_by_type_share,IT,ITC3,"retired and capital income recipients, 15+",2021,53.75,percent of the inactive aged 15+,"Eurostat cens_21a_r2 (Census 2021, current activity status)","VERIFIED, ratio DERIVED"
census_inactive_by_type_share,IT,ITC3,"retired and capital income recipients, 15-64",2021,13.61,percent of the inactive aged 15-64,"Eurostat cens_21a_r2 (Census 2021, current activity status)","VERIFIED, ratio DERIVED"
census_inactive_by_type_share,IT,ITC3,"students, 15+",2021,13.81,percent of the inactive aged 15+,"Eurostat cens_21a_r2 (Census 2021, current activity status)","VERIFIED, ratio DERIVED"
census_inactive_by_type_share,IT,ITC3,"students, 15-64",2021,34.44,percent of the inactive aged 15-64,"Eurostat cens_21a_r2 (Census 2021, current activity status)","VERIFIED, ratio DERIVED"
census_inactive_by_type_share,IT,ITC4,"other outside the labour force, 15+",2021,29.73,percent of the inactive aged 15+,"Eurostat cens_21a_r2 (Census 2021, current activity status)","VERIFIED, ratio DERIVED"
census_inactive_by_type_share,IT,ITC4,"other outside the labour force, 15-64",2021,46.94,percent of the inactive aged 15-64,"Eurostat cens_21a_r2 (Census 2021, current activity status)","VERIFIED, ratio DERIVED"
census_inactive_by_type_share,IT,ITC4,"retired and capital income recipients, 15+",2021,53.69,percent of the inactive aged 15+,"Eurostat cens_21a_r2 (Census 2021, current activity status)","VERIFIED, ratio DERIVED"
census_inactive_by_type_share,IT,ITC4,"retired and capital income recipients, 15-64",2021,15.67,percent of the inactive aged 15-64,"Eurostat cens_21a_r2 (Census 2021, current activity status)","VERIFIED, ratio DERIVED"
census_inactive_by_type_share,IT,ITC4,"students, 15+",2021,16.58,percent of the inactive aged 15+,"Eurostat cens_21a_r2 (Census 2021, current activity status)","VERIFIED, ratio DERIVED"
census_inactive_by_type_share,IT,ITC4,"students, 15-64",2021,37.4,percent of the inactive aged 15-64,"Eurostat cens_21a_r2 (Census 2021, current activity status)","VERIFIED, ratio DERIVED"
census_inactive_by_type_share,IT,ITF1,"other outside the labour force, 15+",2021,36.53,percent of the inactive aged 15+,"Eurostat cens_21a_r2 (Census 2021, current activity status)","VERIFIED, ratio DERIVED"
census_inactive_by_type_share,IT,ITF1,"other outside the labour force, 15-64",2021,54.9,percent of the inactive aged 15-64,"Eurostat cens_21a_r2 (Census 2021, current activity status)","VERIFIED, ratio DERIVED"
census_inactive_by_type_share,IT,ITF1,"retired and capital income recipients, 15+",2021,47.11,percent of the inactive aged 15+,"Eurostat cens_21a_r2 (Census 2021, current activity status)","VERIFIED, ratio DERIVED"
census_inactive_by_type_share,IT,ITF1,"retired and capital income recipients, 15-64",2021,10.75,percent of the inactive aged 15-64,"Eurostat cens_21a_r2 (Census 2021, current activity status)","VERIFIED, ratio DERIVED"
census_inactive_by_type_share,IT,ITF1,"students, 15+",2021,16.35,percent of the inactive aged 15+,"Eurostat cens_21a_r2 (Census 2021, current activity status)","VERIFIED, ratio DERIVED"
census_inactive_by_type_share,IT,ITF1,"students, 15-64",2021,34.36,percent of the inactive aged 15-64,"Eurostat cens_21a_r2 (Census 2021, current activity status)","VERIFIED, ratio DERIVED"
census_inactive_by_type_share,IT,ITF2,"other outside the labour force, 15+",2021,37.82,percent of the inactive aged 15+,"Eurostat cens_21a_r2 (Census 2021, current activity status)","VERIFIED, ratio DERIVED"
census_inactive_by_type_share,IT,ITF2,"other outside the labour force, 15-64",2021,58.53,percent of the inactive aged 15-64,"Eurostat cens_21a_r2 (Census 2021, current activity status)","VERIFIED, ratio DERIVED"
census_inactive_by_type_share,IT,ITF2,"retired and capital income recipients, 15+",2021,46.63,percent of the inactive aged 15+,"Eurostat cens_21a_r2 (Census 2021, current activity status)","VERIFIED, ratio DERIVED"
census_inactive_by_type_share,IT,ITF2,"retired and capital income recipients, 15-64",2021,9.49,percent of the inactive aged 15-64,"Eurostat cens_21a_r2 (Census 2021, current activity status)","VERIFIED, ratio DERIVED"
census_inactive_by_type_share,IT,ITF2,"students, 15+",2021,15.55,percent of the inactive aged 15+,"Eurostat cens_21a_r2 (Census 2021, current activity status)","VERIFIED, ratio DERIVED"
census_inactive_by_type_share,IT,ITF2,"students, 15-64",2021,31.98,percent of the inactive aged 15-64,"Eurostat cens_21a_r2 (Census 2021, current activity status)","VERIFIED, ratio DERIVED"
census_inactive_by_type_share,IT,ITF3,"other outside the labour force, 15+",2021,51.69,percent of the inactive aged 15+,"Eurostat cens_21a_r2 (Census 2021, current activity status)","VERIFIED, ratio DERIVED"
census_inactive_by_type_share,IT,ITF3,"other outside the labour force, 15-64",2021,66.97,percent of the inactive aged 15-64,"Eurostat cens_21a_r2 (Census 2021, current activity status)","VERIFIED, ratio DERIVED"
census_inactive_by_type_share,IT,ITF3,"retired and capital income recipients, 15+",2021,31.59,percent of the inactive aged 15+,"Eurostat cens_21a_r2 (Census 2021, current activity status)","VERIFIED, ratio DERIVED"
census_inactive_by_type_share,IT,ITF3,"retired and capital income recipients, 15-64",2021,5.65,percent of the inactive aged 15-64,"Eurostat cens_21a_r2 (Census 2021, current activity status)","VERIFIED, ratio DERIVED"
census_inactive_by_type_share,IT,ITF3,"students, 15+",2021,16.72,percent of the inactive aged 15+,"Eurostat cens_21a_r2 (Census 2021, current activity status)","VERIFIED, ratio DERIVED"
census_inactive_by_type_share,IT,ITF3,"students, 15-64",2021,27.38,percent of the inactive aged 15-64,"Eurostat cens_21a_r2 (Census 2021, current activity status)","VERIFIED, ratio DERIVED"
census_inactive_by_type_share,IT,ITF4,"other outside the labour force, 15+",2021,45.94,percent of the inactive aged 15+,"Eurostat cens_21a_r2 (Census 2021, current activity status)","VERIFIED, ratio DERIVED"
census_inactive_by_type_share,IT,ITF4,"other outside the labour force, 15-64",2021,63.63,percent of the inactive aged 15-64,"Eurostat cens_21a_r2 (Census 2021, current activity status)","VERIFIED, ratio DERIVED"
census_inactive_by_type_share,IT,ITF4,"retired and capital income recipients, 15+",2021,38.71,percent of the inactive aged 15+,"Eurostat cens_21a_r2 (Census 2021, current activity status)","VERIFIED, ratio DERIVED"
census_inactive_by_type_share,IT,ITF4,"retired and capital income recipients, 15-64",2021,8.15,percent of the inactive aged 15-64,"Eurostat cens_21a_r2 (Census 2021, current activity status)","VERIFIED, ratio DERIVED"
census_inactive_by_type_share,IT,ITF4,"students, 15+",2021,15.35,percent of the inactive aged 15+,"Eurostat cens_21a_r2 (Census 2021, current activity status)","VERIFIED, ratio DERIVED"
census_inactive_by_type_share,IT,ITF4,"students, 15-64",2021,28.22,percent of the inactive aged 15-64,"Eurostat cens_21a_r2 (Census 2021, current activity status)","VERIFIED, ratio DERIVED"
census_inactive_by_type_share,IT,ITF5,"other outside the labour force, 15+",2021,41.67,percent of the inactive aged 15+,"Eurostat cens_21a_r2 (Census 2021, current activity status)","VERIFIED, ratio DERIVED"
census_inactive_by_type_share,IT,ITF5,"other outside the labour force, 15-64",2021,60.13,percent of the inactive aged 15-64,"Eurostat cens_21a_r2 (Census 2021, current activity status)","VERIFIED, ratio DERIVED"
census_inactive_by_type_share,IT,ITF5,"retired and capital income recipients, 15+",2021,41.61,percent of the inactive aged 15+,"Eurostat cens_21a_r2 (Census 2021, current activity status)","VERIFIED, ratio DERIVED"
census_inactive_by_type_share,IT,ITF5,"retired and capital income recipients, 15-64",2021,7.59,percent of the inactive aged 15-64,"Eurostat cens_21a_r2 (Census 2021, current activity status)","VERIFIED, ratio DERIVED"
census_inactive_by_type_share,IT,ITF5,"students, 15+",2021,16.72,percent of the inactive aged 15+,"Eurostat cens_21a_r2 (Census 2021, current activity status)","VERIFIED, ratio DERIVED"
census_inactive_by_type_share,IT,ITF5,"students, 15-64",2021,32.27,percent of the inactive aged 15-64,"Eurostat cens_21a_r2 (Census 2021, current activity status)","VERIFIED, ratio DERIVED"
census_inactive_by_type_share,IT,ITF6,"other outside the labour force, 15+",2021,46.72,percent of the inactive aged 15+,"Eurostat cens_21a_r2 (Census 2021, current activity status)","VERIFIED, ratio DERIVED"
census_inactive_by_type_share,IT,ITF6,"other outside the labour force, 15-64",2021,64.93,percent of the inactive aged 15-64,"Eurostat cens_21a_r2 (Census 2021, current activity status)","VERIFIED, ratio DERIVED"
census_inactive_by_type_share,IT,ITF6,"retired and capital income recipients, 15+",2021,37.59,percent of the inactive aged 15+,"Eurostat cens_21a_r2 (Census 2021, current activity status)","VERIFIED, ratio DERIVED"
census_inactive_by_type_share,IT,ITF6,"retired and capital income recipients, 15-64",2021,7.25,percent of the inactive aged 15-64,"Eurostat cens_21a_r2 (Census 2021, current activity status)","VERIFIED, ratio DERIVED"
census_inactive_by_type_share,IT,ITF6,"students, 15+",2021,15.69,percent of the inactive aged 15+,"Eurostat cens_21a_r2 (Census 2021, current activity status)","VERIFIED, ratio DERIVED"
census_inactive_by_type_share,IT,ITF6,"students, 15-64",2021,27.81,percent of the inactive aged 15-64,"Eurostat cens_21a_r2 (Census 2021, current activity status)","VERIFIED, ratio DERIVED"
census_inactive_by_type_share,IT,ITG1,"other outside the labour force, 15+",2021,50.54,percent of the inactive aged 15+,"Eurostat cens_21a_r2 (Census 2021, current activity status)","VERIFIED, ratio DERIVED"
census_inactive_by_type_share,IT,ITG1,"other outside the labour force, 15-64",2021,67.03,percent of the inactive aged 15-64,"Eurostat cens_21a_r2 (Census 2021, current activity status)","VERIFIED, ratio DERIVED"
census_inactive_by_type_share,IT,ITG1,"retired and capital income recipients, 15+",2021,34.16,percent of the inactive aged 15+,"Eurostat cens_21a_r2 (Census 2021, current activity status)","VERIFIED, ratio DERIVED"
census_inactive_by_type_share,IT,ITG1,"retired and capital income recipients, 15-64",2021,6.33,percent of the inactive aged 15-64,"Eurostat cens_21a_r2 (Census 2021, current activity status)","VERIFIED, ratio DERIVED"
census_inactive_by_type_share,IT,ITG1,"students, 15+",2021,15.3,percent of the inactive aged 15+,"Eurostat cens_21a_r2 (Census 2021, current activity status)","VERIFIED, ratio DERIVED"
census_inactive_by_type_share,IT,ITG1,"students, 15-64",2021,26.65,percent of the inactive aged 15-64,"Eurostat cens_21a_r2 (Census 2021, current activity status)","VERIFIED, ratio DERIVED"
census_inactive_by_type_share,IT,ITG2,"other outside the labour force, 15+",2021,41.35,percent of the inactive aged 15+,"Eurostat cens_21a_r2 (Census 2021, current activity status)","VERIFIED, ratio DERIVED"
census_inactive_by_type_share,IT,ITG2,"other outside the labour force, 15-64",2021,59.78,percent of the inactive aged 15-64,"Eurostat cens_21a_r2 (Census 2021, current activity status)","VERIFIED, ratio DERIVED"
census_inactive_by_type_share,IT,ITG2,"retired and capital income recipients, 15+",2021,44.12,percent of the inactive aged 15+,"Eurostat cens_21a_r2 (Census 2021, current activity status)","VERIFIED, ratio DERIVED"
census_inactive_by_type_share,IT,ITG2,"retired and capital income recipients, 15-64",2021,9.89,percent of the inactive aged 15-64,"Eurostat cens_21a_r2 (Census 2021, current activity status)","VERIFIED, ratio DERIVED"
census_inactive_by_type_share,IT,ITG2,"students, 15+",2021,14.53,percent of the inactive aged 15+,"Eurostat cens_21a_r2 (Census 2021, current activity status)","VERIFIED, ratio DERIVED"
census_inactive_by_type_share,IT,ITG2,"students, 15-64",2021,30.33,percent of the inactive aged 15-64,"Eurostat cens_21a_r2 (Census 2021, current activity status)","VERIFIED, ratio DERIVED"
census_inactive_by_type_share,IT,ITH1,"other outside the labour force, 15+",2021,24.48,percent of the inactive aged 15+,"Eurostat cens_21a_r2 (Census 2021, current activity status)","VERIFIED, ratio DERIVED"
census_inactive_by_type_share,IT,ITH1,"other outside the labour force, 15-64",2021,39.19,percent of the inactive aged 15-64,"Eurostat cens_21a_r2 (Census 2021, current activity status)","VERIFIED, ratio DERIVED"
census_inactive_by_type_share,IT,ITH1,"retired and capital income recipients, 15+",2021,56.04,percent of the inactive aged 15+,"Eurostat cens_21a_r2 (Census 2021, current activity status)","VERIFIED, ratio DERIVED"
census_inactive_by_type_share,IT,ITH1,"retired and capital income recipients, 15-64",2021,18.79,percent of the inactive aged 15-64,"Eurostat cens_21a_r2 (Census 2021, current activity status)","VERIFIED, ratio DERIVED"
census_inactive_by_type_share,IT,ITH1,"students, 15+",2021,19.48,percent of the inactive aged 15+,"Eurostat cens_21a_r2 (Census 2021, current activity status)","VERIFIED, ratio DERIVED"
census_inactive_by_type_share,IT,ITH1,"students, 15-64",2021,42.02,percent of the inactive aged 15-64,"Eurostat cens_21a_r2 (Census 2021, current activity status)","VERIFIED, ratio DERIVED"
census_inactive_by_type_share,IT,ITH2,"other outside the labour force, 15+",2021,26.22,percent of the inactive aged 15+,"Eurostat cens_21a_r2 (Census 2021, current activity status)","VERIFIED, ratio DERIVED"
census_inactive_by_type_share,IT,ITH2,"other outside the labour force, 15-64",2021,41.39,percent of the inactive aged 15-64,"Eurostat cens_21a_r2 (Census 2021, current activity status)","VERIFIED, ratio DERIVED"
census_inactive_by_type_share,IT,ITH2,"retired and capital income recipients, 15+",2021,55.29,percent of the inactive aged 15+,"Eurostat cens_21a_r2 (Census 2021, current activity status)","VERIFIED, ratio DERIVED"
census_inactive_by_type_share,IT,ITH2,"retired and capital income recipients, 15-64",2021,16.81,percent of the inactive aged 15-64,"Eurostat cens_21a_r2 (Census 2021, current activity status)","VERIFIED, ratio DERIVED"
census_inactive_by_type_share,IT,ITH2,"students, 15+",2021,18.5,percent of the inactive aged 15+,"Eurostat cens_21a_r2 (Census 2021, current activity status)","VERIFIED, ratio DERIVED"
census_inactive_by_type_share,IT,ITH2,"students, 15-64",2021,41.8,percent of the inactive aged 15-64,"Eurostat cens_21a_r2 (Census 2021, current activity status)","VERIFIED, ratio DERIVED"
census_inactive_by_type_share,IT,ITH3,"other outside the labour force, 15+",2021,31.52,percent of the inactive aged 15+,"Eurostat cens_21a_r2 (Census 2021, current activity status)","VERIFIED, ratio DERIVED"
census_inactive_by_type_share,IT,ITH3,"other outside the labour force, 15-64",2021,47.52,percent of the inactive aged 15-64,"Eurostat cens_21a_r2 (Census 2021, current activity status)","VERIFIED, ratio DERIVED"
census_inactive_by_type_share,IT,ITH3,"retired and capital income recipients, 15+",2021,52.08,percent of the inactive aged 15+,"Eurostat cens_21a_r2 (Census 2021, current activity status)","VERIFIED, ratio DERIVED"
census_inactive_by_type_share,IT,ITH3,"retired and capital income recipients, 15-64",2021,15.6,percent of the inactive aged 15-64,"Eurostat cens_21a_r2 (Census 2021, current activity status)","VERIFIED, ratio DERIVED"
census_inactive_by_type_share,IT,ITH3,"students, 15+",2021,16.41,percent of the inactive aged 15+,"Eurostat cens_21a_r2 (Census 2021, current activity status)","VERIFIED, ratio DERIVED"
census_inactive_by_type_share,IT,ITH3,"students, 15-64",2021,36.88,percent of the inactive aged 15-64,"Eurostat cens_21a_r2 (Census 2021, current activity status)","VERIFIED, ratio DERIVED"
census_inactive_by_type_share,IT,ITH4,"other outside the labour force, 15+",2021,28.01,percent of the inactive aged 15+,"Eurostat cens_21a_r2 (Census 2021, current activity status)","VERIFIED, ratio DERIVED"
census_inactive_by_type_share,IT,ITH4,"other outside the labour force, 15-64",2021,44.94,percent of the inactive aged 15-64,"Eurostat cens_21a_r2 (Census 2021, current activity status)","VERIFIED, ratio DERIVED"
census_inactive_by_type_share,IT,ITH4,"retired and capital income recipients, 15+",2021,56.68,percent of the inactive aged 15+,"Eurostat cens_21a_r2 (Census 2021, current activity status)","VERIFIED, ratio DERIVED"
census_inactive_by_type_share,IT,ITH4,"retired and capital income recipients, 15-64",2021,17.18,percent of the inactive aged 15-64,"Eurostat cens_21a_r2 (Census 2021, current activity status)","VERIFIED, ratio DERIVED"
census_inactive_by_type_share,IT,ITH4,"students, 15+",2021,15.3,percent of the inactive aged 15+,"Eurostat cens_21a_r2 (Census 2021, current activity status)","VERIFIED, ratio DERIVED"
census_inactive_by_type_share,IT,ITH4,"students, 15-64",2021,37.87,percent of the inactive aged 15-64,"Eurostat cens_21a_r2 (Census 2021, current activity status)","VERIFIED, ratio DERIVED"
census_inactive_by_type_share,IT,ITH5,"other outside the labour force, 15+",2021,27.1,percent of the inactive aged 15+,"Eurostat cens_21a_r2 (Census 2021, current activity status)","VERIFIED, ratio DERIVED"
census_inactive_by_type_share,IT,ITH5,"other outside the labour force, 15-64",2021,45.83,percent of the inactive aged 15-64,"Eurostat cens_21a_r2 (Census 2021, current activity status)","VERIFIED, ratio DERIVED"
census_inactive_by_type_share,IT,ITH5,"retired and capital income recipients, 15+",2021,56.67,percent of the inactive aged 15+,"Eurostat cens_21a_r2 (Census 2021, current activity status)","VERIFIED, ratio DERIVED"
census_inactive_by_type_share,IT,ITH5,"retired and capital income recipients, 15-64",2021,16.33,percent of the inactive aged 15-64,"Eurostat cens_21a_r2 (Census 2021, current activity status)","VERIFIED, ratio DERIVED"
census_inactive_by_type_share,IT,ITH5,"students, 15+",2021,16.23,percent of the inactive aged 15+,"Eurostat cens_21a_r2 (Census 2021, current activity status)","VERIFIED, ratio DERIVED"
census_inactive_by_type_share,IT,ITH5,"students, 15-64",2021,37.85,percent of the inactive aged 15-64,"Eurostat cens_21a_r2 (Census 2021, current activity status)","VERIFIED, ratio DERIVED"
census_inactive_by_type_share,IT,ITI1,"other outside the labour force, 15+",2021,30.54,percent of the inactive aged 15+,"Eurostat cens_21a_r2 (Census 2021, current activity status)","VERIFIED, ratio DERIVED"
census_inactive_by_type_share,IT,ITI1,"other outside the labour force, 15-64",2021,49.15,percent of the inactive aged 15-64,"Eurostat cens_21a_r2 (Census 2021, current activity status)","VERIFIED, ratio DERIVED"
census_inactive_by_type_share,IT,ITI1,"retired and capital income recipients, 15+",2021,53.65,percent of the inactive aged 15+,"Eurostat cens_21a_r2 (Census 2021, current activity status)","VERIFIED, ratio DERIVED"
census_inactive_by_type_share,IT,ITI1,"retired and capital income recipients, 15-64",2021,13.26,percent of the inactive aged 15-64,"Eurostat cens_21a_r2 (Census 2021, current activity status)","VERIFIED, ratio DERIVED"
census_inactive_by_type_share,IT,ITI1,"students, 15+",2021,15.81,percent of the inactive aged 15+,"Eurostat cens_21a_r2 (Census 2021, current activity status)","VERIFIED, ratio DERIVED"
census_inactive_by_type_share,IT,ITI1,"students, 15-64",2021,37.59,percent of the inactive aged 15-64,"Eurostat cens_21a_r2 (Census 2021, current activity status)","VERIFIED, ratio DERIVED"
census_inactive_by_type_share,IT,ITI2,"other outside the labour force, 15+",2021,30.55,percent of the inactive aged 15+,"Eurostat cens_21a_r2 (Census 2021, current activity status)","VERIFIED, ratio DERIVED"
census_inactive_by_type_share,IT,ITI2,"other outside the labour force, 15-64",2021,48.21,percent of the inactive aged 15-64,"Eurostat cens_21a_r2 (Census 2021, current activity status)","VERIFIED, ratio DERIVED"
census_inactive_by_type_share,IT,ITI2,"retired and capital income recipients, 15+",2021,53.34,percent of the inactive aged 15+,"Eurostat cens_21a_r2 (Census 2021, current activity status)","VERIFIED, ratio DERIVED"
census_inactive_by_type_share,IT,ITI2,"retired and capital income recipients, 15-64",2021,13.97,percent of the inactive aged 15-64,"Eurostat cens_21a_r2 (Census 2021, current activity status)","VERIFIED, ratio DERIVED"
census_inactive_by_type_share,IT,ITI2,"students, 15+",2021,16.11,percent of the inactive aged 15+,"Eurostat cens_21a_r2 (Census 2021, current activity status)","VERIFIED, ratio DERIVED"
census_inactive_by_type_share,IT,ITI2,"students, 15-64",2021,37.81,percent of the inactive aged 15-64,"Eurostat cens_21a_r2 (Census 2021, current activity status)","VERIFIED, ratio DERIVED"
census_inactive_by_type_share,IT,ITI3,"other outside the labour force, 15+",2021,28.31,percent of the inactive aged 15+,"Eurostat cens_21a_r2 (Census 2021, current activity status)","VERIFIED, ratio DERIVED"
census_inactive_by_type_share,IT,ITI3,"other outside the labour force, 15-64",2021,46.38,percent of the inactive aged 15-64,"Eurostat cens_21a_r2 (Census 2021, current activity status)","VERIFIED, ratio DERIVED"
census_inactive_by_type_share,IT,ITI3,"retired and capital income recipients, 15+",2021,54.81,percent of the inactive aged 15+,"Eurostat cens_21a_r2 (Census 2021, current activity status)","VERIFIED, ratio DERIVED"
census_inactive_by_type_share,IT,ITI3,"retired and capital income recipients, 15-64",2021,14.72,percent of the inactive aged 15-64,"Eurostat cens_21a_r2 (Census 2021, current activity status)","VERIFIED, ratio DERIVED"
census_inactive_by_type_share,IT,ITI3,"students, 15+",2021,16.88,percent of the inactive aged 15+,"Eurostat cens_21a_r2 (Census 2021, current activity status)","VERIFIED, ratio DERIVED"
census_inactive_by_type_share,IT,ITI3,"students, 15-64",2021,38.9,percent of the inactive aged 15-64,"Eurostat cens_21a_r2 (Census 2021, current activity status)","VERIFIED, ratio DERIVED"
census_inactive_by_type_share,IT,ITI4,"other outside the labour force, 15+",2021,40.38,percent of the inactive aged 15+,"Eurostat cens_21a_r2 (Census 2021, current activity status)","VERIFIED, ratio DERIVED"
census_inactive_by_type_share,IT,ITI4,"other outside the labour force, 15-64",2021,56.43,percent of the inactive aged 15-64,"Eurostat cens_21a_r2 (Census 2021, current activity status)","VERIFIED, ratio DERIVED"
census_inactive_by_type_share,IT,ITI4,"retired and capital income recipients, 15+",2021,42.37,percent of the inactive aged 15+,"Eurostat cens_21a_r2 (Census 2021, current activity status)","VERIFIED, ratio DERIVED"
census_inactive_by_type_share,IT,ITI4,"retired and capital income recipients, 15-64",2021,8.81,percent of the inactive aged 15-64,"Eurostat cens_21a_r2 (Census 2021, current activity status)","VERIFIED, ratio DERIVED"
census_inactive_by_type_share,IT,ITI4,"students, 15+",2021,17.25,percent of the inactive aged 15+,"Eurostat cens_21a_r2 (Census 2021, current activity status)","VERIFIED, ratio DERIVED"
census_inactive_by_type_share,IT,ITI4,"students, 15-64",2021,34.76,percent of the inactive aged 15-64,"Eurostat cens_21a_r2 (Census 2021, current activity status)","VERIFIED, ratio DERIVED"
census_inactive_share,DE,DE,Y15-64,2021,21.66,percent of population aged 15-64,"Eurostat cens_21a_r2 (Census 2021, current activity status)","VERIFIED, ratio DERIVED"
census_inactive_share,DE,DE,Y_GE15,2021,39.32,percent of population aged 15+,"Eurostat cens_21a_r2 (Census 2021, current activity status)","VERIFIED, ratio DERIVED"
census_inactive_share,DE,DE1,Y15-64,2021,21.42,percent of population aged 15-64,"Eurostat cens_21a_r2 (Census 2021, current activity status)","VERIFIED, ratio DERIVED"
census_inactive_share,DE,DE1,Y_GE15,2021,37.72,percent of population aged 15+,"Eurostat cens_21a_r2 (Census 2021, current activity status)","VERIFIED, ratio DERIVED"
census_inactive_share,DE,DE2,Y15-64,2021,17.43,percent of population aged 15-64,"Eurostat cens_21a_r2 (Census 2021, current activity status)","VERIFIED, ratio DERIVED"
census_inactive_share,DE,DE2,Y_GE15,2021,34.91,percent of population aged 15+,"Eurostat cens_21a_r2 (Census 2021, current activity status)","VERIFIED, ratio DERIVED"
census_inactive_share,DE,DE3,Y15-64,2021,22.81,percent of population aged 15-64,"Eurostat cens_21a_r2 (Census 2021, current activity status)","VERIFIED, ratio DERIVED"
census_inactive_share,DE,DE3,Y_GE15,2021,38.01,percent of population aged 15+,"Eurostat cens_21a_r2 (Census 2021, current activity status)","VERIFIED, ratio DERIVED"
census_inactive_share,DE,DE4,Y15-64,2021,20.47,percent of population aged 15-64,"Eurostat cens_21a_r2 (Census 2021, current activity status)","VERIFIED, ratio DERIVED"
census_inactive_share,DE,DE4,Y_GE15,2021,41.83,percent of population aged 15+,"Eurostat cens_21a_r2 (Census 2021, current activity status)","VERIFIED, ratio DERIVED"
census_inactive_share,DE,DE5,Y15-64,2021,25.96,percent of population aged 15-64,"Eurostat cens_21a_r2 (Census 2021, current activity status)","VERIFIED, ratio DERIVED"
census_inactive_share,DE,DE5,Y_GE15,2021,41.66,percent of population aged 15+,"Eurostat cens_21a_r2 (Census 2021, current activity status)","VERIFIED, ratio DERIVED"
census_inactive_share,DE,DE6,Y15-64,2021,19.14,percent of population aged 15-64,"Eurostat cens_21a_r2 (Census 2021, current activity status)","VERIFIED, ratio DERIVED"
census_inactive_share,DE,DE6,Y_GE15,2021,34.1,percent of population aged 15+,"Eurostat cens_21a_r2 (Census 2021, current activity status)","VERIFIED, ratio DERIVED"
census_inactive_share,DE,DE7,Y15-64,2021,23.71,percent of population aged 15-64,"Eurostat cens_21a_r2 (Census 2021, current activity status)","VERIFIED, ratio DERIVED"
census_inactive_share,DE,DE7,Y_GE15,2021,39.97,percent of population aged 15+,"Eurostat cens_21a_r2 (Census 2021, current activity status)","VERIFIED, ratio DERIVED"
census_inactive_share,DE,DE8,Y15-64,2021,22.34,percent of population aged 15-64,"Eurostat cens_21a_r2 (Census 2021, current activity status)","VERIFIED, ratio DERIVED"
census_inactive_share,DE,DE8,Y_GE15,2021,44.13,percent of population aged 15+,"Eurostat cens_21a_r2 (Census 2021, current activity status)","VERIFIED, ratio DERIVED"
census_inactive_share,DE,DE9,Y15-64,2021,22.12,percent of population aged 15-64,"Eurostat cens_21a_r2 (Census 2021, current activity status)","VERIFIED, ratio DERIVED"
census_inactive_share,DE,DE9,Y_GE15,2021,39.83,percent of population aged 15+,"Eurostat cens_21a_r2 (Census 2021, current activity status)","VERIFIED, ratio DERIVED"
census_inactive_share,DE,DEA,Y15-64,2021,24.31,percent of population aged 15-64,"Eurostat cens_21a_r2 (Census 2021, current activity status)","VERIFIED, ratio DERIVED"
census_inactive_share,DE,DEA,Y_GE15,2021,40.78,percent of population aged 15+,"Eurostat cens_21a_r2 (Census 2021, current activity status)","VERIFIED, ratio DERIVED"
census_inactive_share,DE,DEB,Y15-64,2021,22.16,percent of population aged 15-64,"Eurostat cens_21a_r2 (Census 2021, current activity status)","VERIFIED, ratio DERIVED"
census_inactive_share,DE,DEB,Y_GE15,2021,39.78,percent of population aged 15+,"Eurostat cens_21a_r2 (Census 2021, current activity status)","VERIFIED, ratio DERIVED"
census_inactive_share,DE,DEC,Y15-64,2021,25.34,percent of population aged 15-64,"Eurostat cens_21a_r2 (Census 2021, current activity status)","VERIFIED, ratio DERIVED"
census_inactive_share,DE,DEC,Y_GE15,2021,43.79,percent of population aged 15+,"Eurostat cens_21a_r2 (Census 2021, current activity status)","VERIFIED, ratio DERIVED"
census_inactive_share,DE,DED,Y15-64,2021,19.56,percent of population aged 15-64,"Eurostat cens_21a_r2 (Census 2021, current activity status)","VERIFIED, ratio DERIVED"
census_inactive_share,DE,DED,Y_GE15,2021,42.27,percent of population aged 15+,"Eurostat cens_21a_r2 (Census 2021, current activity status)","VERIFIED, ratio DERIVED"
census_inactive_share,DE,DEE,Y15-64,2021,22.1,percent of population aged 15-64,"Eurostat cens_21a_r2 (Census 2021, current activity status)","VERIFIED, ratio DERIVED"
census_inactive_share,DE,DEE,Y_GE15,2021,45.02,percent of population aged 15+,"Eurostat cens_21a_r2 (Census 2021, current activity status)","VERIFIED, ratio DERIVED"
census_inactive_share,DE,DEF,Y15-64,2021,19.88,percent of population aged 15-64,"Eurostat cens_21a_r2 (Census 2021, current activity status)","VERIFIED, ratio DERIVED"
census_inactive_share,DE,DEF,Y_GE15,2021,38.97,percent of population aged 15+,"Eurostat cens_21a_r2 (Census 2021, current activity status)","VERIFIED, ratio DERIVED"
census_inactive_share,DE,DEG,Y15-64,2021,21.32,percent of population aged 15-64,"Eurostat cens_21a_r2 (Census 2021, current activity status)","VERIFIED, ratio DERIVED"
census_inactive_share,DE,DEG,Y_GE15,2021,43.52,percent of population aged 15+,"Eurostat cens_21a_r2 (Census 2021, current activity status)","VERIFIED, ratio DERIVED"
census_inactive_share,FR,FR,Y15-64,2021,25.54,percent of population aged 15-64,"Eurostat cens_21a_r2 (Census 2021, current activity status)","VERIFIED, ratio DERIVED"
census_inactive_share,FR,FR,Y_GE15,2021,43.0,percent of population aged 15+,"Eurostat cens_21a_r2 (Census 2021, current activity status)","VERIFIED, ratio DERIVED"
census_inactive_share,FR,FR1,Y15-64,2021,23.55,percent of population aged 15-64,"Eurostat cens_21a_r2 (Census 2021, current activity status)","VERIFIED, ratio DERIVED"
census_inactive_share,FR,FR1,Y_GE15,2021,36.71,percent of population aged 15+,"Eurostat cens_21a_r2 (Census 2021, current activity status)","VERIFIED, ratio DERIVED"
census_inactive_share,FR,FRB,Y15-64,2021,24.73,percent of population aged 15-64,"Eurostat cens_21a_r2 (Census 2021, current activity status)","VERIFIED, ratio DERIVED"
census_inactive_share,FR,FRB,Y_GE15,2021,44.58,percent of population aged 15+,"Eurostat cens_21a_r2 (Census 2021, current activity status)","VERIFIED, ratio DERIVED"
census_inactive_share,FR,FRC,Y15-64,2021,25.46,percent of population aged 15-64,"Eurostat cens_21a_r2 (Census 2021, current activity status)","VERIFIED, ratio DERIVED"
census_inactive_share,FR,FRC,Y_GE15,2021,45.47,percent of population aged 15+,"Eurostat cens_21a_r2 (Census 2021, current activity status)","VERIFIED, ratio DERIVED"
census_inactive_share,FR,FRD,Y15-64,2021,26.13,percent of population aged 15-64,"Eurostat cens_21a_r2 (Census 2021, current activity status)","VERIFIED, ratio DERIVED"
census_inactive_share,FR,FRD,Y_GE15,2021,44.92,percent of population aged 15+,"Eurostat cens_21a_r2 (Census 2021, current activity status)","VERIFIED, ratio DERIVED"
census_inactive_share,FR,FRE,Y15-64,2021,28.14,percent of population aged 15-64,"Eurostat cens_21a_r2 (Census 2021, current activity status)","VERIFIED, ratio DERIVED"
census_inactive_share,FR,FRE,Y_GE15,2021,43.77,percent of population aged 15+,"Eurostat cens_21a_r2 (Census 2021, current activity status)","VERIFIED, ratio DERIVED"
census_inactive_share,FR,FRF,Y15-64,2021,26.01,percent of population aged 15-64,"Eurostat cens_21a_r2 (Census 2021, current activity status)","VERIFIED, ratio DERIVED"
census_inactive_share,FR,FRF,Y_GE15,2021,43.4,percent of population aged 15+,"Eurostat cens_21a_r2 (Census 2021, current activity status)","VERIFIED, ratio DERIVED"
census_inactive_share,FR,FRG,Y15-64,2021,23.78,percent of population aged 15-64,"Eurostat cens_21a_r2 (Census 2021, current activity status)","VERIFIED, ratio DERIVED"
census_inactive_share,FR,FRG,Y_GE15,2021,42.71,percent of population aged 15+,"Eurostat cens_21a_r2 (Census 2021, current activity status)","VERIFIED, ratio DERIVED"
census_inactive_share,FR,FRH,Y15-64,2021,25.76,percent of population aged 15-64,"Eurostat cens_21a_r2 (Census 2021, current activity status)","VERIFIED, ratio DERIVED"
census_inactive_share,FR,FRH,Y_GE15,2021,45.34,percent of population aged 15+,"Eurostat cens_21a_r2 (Census 2021, current activity status)","VERIFIED, ratio DERIVED"
census_inactive_share,FR,FRI,Y15-64,2021,25.31,percent of population aged 15-64,"Eurostat cens_21a_r2 (Census 2021, current activity status)","VERIFIED, ratio DERIVED"
census_inactive_share,FR,FRI,Y_GE15,2021,45.89,percent of population aged 15+,"Eurostat cens_21a_r2 (Census 2021, current activity status)","VERIFIED, ratio DERIVED"
census_inactive_share,FR,FRJ,Y15-64,2021,26.68,percent of population aged 15-64,"Eurostat cens_21a_r2 (Census 2021, current activity status)","VERIFIED, ratio DERIVED"
census_inactive_share,FR,FRJ,Y_GE15,2021,45.78,percent of population aged 15+,"Eurostat cens_21a_r2 (Census 2021, current activity status)","VERIFIED, ratio DERIVED"
census_inactive_share,FR,FRK,Y15-64,2021,24.23,percent of population aged 15-64,"Eurostat cens_21a_r2 (Census 2021, current activity status)","VERIFIED, ratio DERIVED"
census_inactive_share,FR,FRK,Y_GE15,2021,42.0,percent of population aged 15+,"Eurostat cens_21a_r2 (Census 2021, current activity status)","VERIFIED, ratio DERIVED"
census_inactive_share,FR,FRL,Y15-64,2021,27.19,percent of population aged 15-64,"Eurostat cens_21a_r2 (Census 2021, current activity status)","VERIFIED, ratio DERIVED"
census_inactive_share,FR,FRL,Y_GE15,2021,46.35,percent of population aged 15+,"Eurostat cens_21a_r2 (Census 2021, current activity status)","VERIFIED, ratio DERIVED"
census_inactive_share,FR,FRM,Y15-64,2021,27.43,percent of population aged 15-64,"Eurostat cens_21a_r2 (Census 2021, current activity status)","VERIFIED, ratio DERIVED"
census_inactive_share,FR,FRM,Y_GE15,2021,46.49,percent of population aged 15+,"Eurostat cens_21a_r2 (Census 2021, current activity status)","VERIFIED, ratio DERIVED"
census_inactive_share,FR,FRY,Y15-64,2021,30.75,percent of population aged 15-64,"Eurostat cens_21a_r2 (Census 2021, current activity status)","VERIFIED, ratio DERIVED"
census_inactive_share,FR,FRY,Y_GE15,2021,42.6,percent of population aged 15+,"Eurostat cens_21a_r2 (Census 2021, current activity status)","VERIFIED, ratio DERIVED"
census_inactive_share,IT,IT,Y15-64,2021,33.09,percent of population aged 15-64,"Eurostat cens_21a_r2 (Census 2021, current activity status)","VERIFIED, ratio DERIVED"
census_inactive_share,IT,IT,Y_GE15,2021,49.5,percent of population aged 15+,"Eurostat cens_21a_r2 (Census 2021, current activity status)","VERIFIED, ratio DERIVED"
census_inactive_share,IT,ITC1,Y15-64,2021,27.63,percent of population aged 15-64,"Eurostat cens_21a_r2 (Census 2021, current activity status)","VERIFIED, ratio DERIVED"
census_inactive_share,IT,ITC1,Y_GE15,2021,47.37,percent of population aged 15+,"Eurostat cens_21a_r2 (Census 2021, current activity status)","VERIFIED, ratio DERIVED"
census_inactive_share,IT,ITC2,Y15-64,2021,27.35,percent of population aged 15-64,"Eurostat cens_21a_r2 (Census 2021, current activity status)","VERIFIED, ratio DERIVED"
census_inactive_share,IT,ITC2,Y_GE15,2021,45.79,percent of population aged 15+,"Eurostat cens_21a_r2 (Census 2021, current activity status)","VERIFIED, ratio DERIVED"
census_inactive_share,IT,ITC3,Y15-64,2021,29.83,percent of population aged 15-64,"Eurostat cens_21a_r2 (Census 2021, current activity status)","VERIFIED, ratio DERIVED"
census_inactive_share,IT,ITC3,Y_GE15,2021,50.32,percent of population aged 15+,"Eurostat cens_21a_r2 (Census 2021, current activity status)","VERIFIED, ratio DERIVED"
census_inactive_share,IT,ITC4,Y15-64,2021,27.06,percent of population aged 15-64,"Eurostat cens_21a_r2 (Census 2021, current activity status)","VERIFIED, ratio DERIVED"
census_inactive_share,IT,ITC4,Y_GE15,2021,44.77,percent of population aged 15+,"Eurostat cens_21a_r2 (Census 2021, current activity status)","VERIFIED, ratio DERIVED"
census_inactive_share,IT,ITF1,Y15-64,2021,33.7,percent of population aged 15-64,"Eurostat cens_21a_r2 (Census 2021, current activity status)","VERIFIED, ratio DERIVED"
census_inactive_share,IT,ITF1,Y_GE15,2021,50.68,percent of population aged 15+,"Eurostat cens_21a_r2 (Census 2021, current activity status)","VERIFIED, ratio DERIVED"
census_inactive_share,IT,ITF2,Y15-64,2021,36.86,percent of population aged 15-64,"Eurostat cens_21a_r2 (Census 2021, current activity status)","VERIFIED, ratio DERIVED"
census_inactive_share,IT,ITF2,Y_GE15,2021,53.61,percent of population aged 15+,"Eurostat cens_21a_r2 (Census 2021, current activity status)","VERIFIED, ratio DERIVED"
census_inactive_share,IT,ITF3,Y15-64,2021,44.85,percent of population aged 15-64,"Eurostat cens_21a_r2 (Census 2021, current activity status)","VERIFIED, ratio DERIVED"
census_inactive_share,IT,ITF3,Y_GE15,2021,56.23,percent of population aged 15+,"Eurostat cens_21a_r2 (Census 2021, current activity status)","VERIFIED, ratio DERIVED"
census_inactive_share,IT,ITF4,Y15-64,2021,41.29,percent of population aged 15-64,"Eurostat cens_21a_r2 (Census 2021, current activity status)","VERIFIED, ratio DERIVED"
census_inactive_share,IT,ITF4,Y_GE15,2021,55.58,percent of population aged 15+,"Eurostat cens_21a_r2 (Census 2021, current activity status)","VERIFIED, ratio DERIVED"
census_inactive_share,IT,ITF5,Y15-64,2021,38.5,percent of population aged 15-64,"Eurostat cens_21a_r2 (Census 2021, current activity status)","VERIFIED, ratio DERIVED"
census_inactive_share,IT,ITF5,Y_GE15,2021,53.76,percent of population aged 15+,"Eurostat cens_21a_r2 (Census 2021, current activity status)","VERIFIED, ratio DERIVED"
census_inactive_share,IT,ITF6,Y15-64,2021,44.12,percent of population aged 15-64,"Eurostat cens_21a_r2 (Census 2021, current activity status)","VERIFIED, ratio DERIVED"
census_inactive_share,IT,ITF6,Y_GE15,2021,57.37,percent of population aged 15+,"Eurostat cens_21a_r2 (Census 2021, current activity status)","VERIFIED, ratio DERIVED"
census_inactive_share,IT,ITG1,Y15-64,2021,44.7,percent of population aged 15-64,"Eurostat cens_21a_r2 (Census 2021, current activity status)","VERIFIED, ratio DERIVED"
census_inactive_share,IT,ITG1,Y_GE15,2021,57.58,percent of population aged 15+,"Eurostat cens_21a_r2 (Census 2021, current activity status)","VERIFIED, ratio DERIVED"
census_inactive_share,IT,ITG2,Y15-64,2021,34.8,percent of population aged 15-64,"Eurostat cens_21a_r2 (Census 2021, current activity status)","VERIFIED, ratio DERIVED"
census_inactive_share,IT,ITG2,Y_GE15,2021,51.74,percent of population aged 15+,"Eurostat cens_21a_r2 (Census 2021, current activity status)","VERIFIED, ratio DERIVED"
census_inactive_share,IT,ITH1,Y15-64,2021,24.09,percent of population aged 15-64,"Eurostat cens_21a_r2 (Census 2021, current activity status)","VERIFIED, ratio DERIVED"
census_inactive_share,IT,ITH1,Y_GE15,2021,39.67,percent of population aged 15+,"Eurostat cens_21a_r2 (Census 2021, current activity status)","VERIFIED, ratio DERIVED"
census_inactive_share,IT,ITH2,Y15-64,2021,26.59,percent of population aged 15-64,"Eurostat cens_21a_r2 (Census 2021, current activity status)","VERIFIED, ratio DERIVED"
census_inactive_share,IT,ITH2,Y_GE15,2021,44.17,percent of population aged 15+,"Eurostat cens_21a_r2 (Census 2021, current activity status)","VERIFIED, ratio DERIVED"
census_inactive_share,IT,ITH3,Y15-64,2021,27.97,percent of population aged 15-64,"Eurostat cens_21a_r2 (Census 2021, current activity status)","VERIFIED, ratio DERIVED"
census_inactive_share,IT,ITH3,Y_GE15,2021,45.72,percent of population aged 15+,"Eurostat cens_21a_r2 (Census 2021, current activity status)","VERIFIED, ratio DERIVED"
census_inactive_share,IT,ITH4,Y15-64,2021,27.59,percent of population aged 15-64,"Eurostat cens_21a_r2 (Census 2021, current activity status)","VERIFIED, ratio DERIVED"
census_inactive_share,IT,ITH4,Y_GE15,2021,47.65,percent of population aged 15+,"Eurostat cens_21a_r2 (Census 2021, current activity status)","VERIFIED, ratio DERIVED"
census_inactive_share,IT,ITH5,Y15-64,2021,26.8,percent of population aged 15-64,"Eurostat cens_21a_r2 (Census 2021, current activity status)","VERIFIED, ratio DERIVED"
census_inactive_share,IT,ITH5,Y_GE15,2021,45.07,percent of population aged 15+,"Eurostat cens_21a_r2 (Census 2021, current activity status)","VERIFIED, ratio DERIVED"
census_inactive_share,IT,ITI1,Y15-64,2021,28.18,percent of population aged 15-64,"Eurostat cens_21a_r2 (Census 2021, current activity status)","VERIFIED, ratio DERIVED"
census_inactive_share,IT,ITI1,Y_GE15,2021,47.19,percent of population aged 15+,"Eurostat cens_21a_r2 (Census 2021, current activity status)","VERIFIED, ratio DERIVED"
census_inactive_share,IT,ITI2,Y15-64,2021,29.75,percent of population aged 15-64,"Eurostat cens_21a_r2 (Census 2021, current activity status)","VERIFIED, ratio DERIVED"
census_inactive_share,IT,ITI2,Y_GE15,2021,48.79,percent of population aged 15+,"Eurostat cens_21a_r2 (Census 2021, current activity status)","VERIFIED, ratio DERIVED"
census_inactive_share,IT,ITI3,Y15-64,2021,29.27,percent of population aged 15-64,"Eurostat cens_21a_r2 (Census 2021, current activity status)","VERIFIED, ratio DERIVED"
census_inactive_share,IT,ITI3,Y_GE15,2021,47.73,percent of population aged 15+,"Eurostat cens_21a_r2 (Census 2021, current activity status)","VERIFIED, ratio DERIVED"
census_inactive_share,IT,ITI4,Y15-64,2021,32.32,percent of population aged 15-64,"Eurostat cens_21a_r2 (Census 2021, current activity status)","VERIFIED, ratio DERIVED"
census_inactive_share,IT,ITI4,Y_GE15,2021,48.06,percent of population aged 15+,"Eurostat cens_21a_r2 (Census 2021, current activity status)","VERIFIED, ratio DERIVED"
inactive_by_age_share,DE,DE,Y15-24,2015,15.38,percent of the inactive aged 15+,"Eurostat lfst_r_lfsd2pwc (LFS, private households): INAC by age, differences of published age bands","VERIFIED, ratio DERIVED"
inactive_by_age_share,DE,DE,Y25-64,2015,27.07,percent of the inactive aged 15+,"Eurostat lfst_r_lfsd2pwc (LFS, private households): INAC by age, differences of published age bands","VERIFIED, ratio DERIVED"
inactive_by_age_share,DE,DE,Y65-74,2015,27.55,percent of the inactive aged 15+,"Eurostat lfst_r_lfsd2pwc (LFS, private households): INAC by age, differences of published age bands","VERIFIED, ratio DERIVED"
inactive_by_age_share,DE,DE,Y_GE75,2015,30.01,percent of the inactive aged 15+,"Eurostat lfst_r_lfsd2pwc (LFS, private households): INAC by age, differences of published age bands","VERIFIED, ratio DERIVED"
inactive_by_age_share,DE,DE1,Y15-24,2015,17.95,percent of the inactive aged 15+,"Eurostat lfst_r_lfsd2pwc (LFS, private households): INAC by age, differences of published age bands","VERIFIED, ratio DERIVED"
inactive_by_age_share,DE,DE1,Y25-64,2015,25.01,percent of the inactive aged 15+,"Eurostat lfst_r_lfsd2pwc (LFS, private households): INAC by age, differences of published age bands","VERIFIED, ratio DERIVED"
inactive_by_age_share,DE,DE1,Y65-74,2015,26.51,percent of the inactive aged 15+,"Eurostat lfst_r_lfsd2pwc (LFS, private households): INAC by age, differences of published age bands","VERIFIED, ratio DERIVED"
inactive_by_age_share,DE,DE1,Y_GE75,2015,30.53,percent of the inactive aged 15+,"Eurostat lfst_r_lfsd2pwc (LFS, private households): INAC by age, differences of published age bands","VERIFIED, ratio DERIVED"
inactive_by_age_share,DE,DE2,Y15-24,2015,15.6,percent of the inactive aged 15+,"Eurostat lfst_r_lfsd2pwc (LFS, private households): INAC by age, differences of published age bands","VERIFIED, ratio DERIVED"
inactive_by_age_share,DE,DE2,Y25-64,2015,25.88,percent of the inactive aged 15+,"Eurostat lfst_r_lfsd2pwc (LFS, private households): INAC by age, differences of published age bands","VERIFIED, ratio DERIVED"
inactive_by_age_share,DE,DE2,Y65-74,2015,28.49,percent of the inactive aged 15+,"Eurostat lfst_r_lfsd2pwc (LFS, private households): INAC by age, differences of published age bands","VERIFIED, ratio DERIVED"
inactive_by_age_share,DE,DE2,Y_GE75,2015,30.03,percent of the inactive aged 15+,"Eurostat lfst_r_lfsd2pwc (LFS, private households): INAC by age, differences of published age bands","VERIFIED, ratio DERIVED"
inactive_by_age_share,DE,DE3,Y15-24,2015,16.14,percent of the inactive aged 15+,"Eurostat lfst_r_lfsd2pwc (LFS, private households): INAC by age, differences of published age bands","VERIFIED, ratio DERIVED"
inactive_by_age_share,DE,DE3,Y25-64,2015,30.94,percent of the inactive aged 15+,"Eurostat lfst_r_lfsd2pwc (LFS, private households): INAC by age, differences of published age bands","VERIFIED, ratio DERIVED"
inactive_by_age_share,DE,DE3,Y65-74,2015,26.85,percent of the inactive aged 15+,"Eurostat lfst_r_lfsd2pwc (LFS, private households): INAC by age, differences of published age bands","VERIFIED, ratio DERIVED"
inactive_by_age_share,DE,DE3,Y_GE75,2015,26.06,percent of the inactive aged 15+,"Eurostat lfst_r_lfsd2pwc (LFS, private households): INAC by age, differences of published age bands","VERIFIED, ratio DERIVED"
inactive_by_age_share,DE,DE4,Y15-24,2015,11.27,percent of the inactive aged 15+,"Eurostat lfst_r_lfsd2pwc (LFS, private households): INAC by age, differences of published age bands","VERIFIED, ratio DERIVED"
inactive_by_age_share,DE,DE4,Y25-64,2015,25.68,percent of the inactive aged 15+,"Eurostat lfst_r_lfsd2pwc (LFS, private households): INAC by age, differences of published age bands","VERIFIED, ratio DERIVED"
inactive_by_age_share,DE,DE4,Y65-74,2015,29.96,percent of the inactive aged 15+,"Eurostat lfst_r_lfsd2pwc (LFS, private households): INAC by age, differences of published age bands","VERIFIED, ratio DERIVED"
inactive_by_age_share,DE,DE4,Y_GE75,2015,33.1,percent of the inactive aged 15+,"Eurostat lfst_r_lfsd2pwc (LFS, private households): INAC by age, differences of published age bands","VERIFIED, ratio DERIVED"
inactive_by_age_share,DE,DE5,Y15-24,2015,16.6,percent of the inactive aged 15+,"Eurostat lfst_r_lfsd2pwc (LFS, private households): INAC by age, differences of published age bands","VERIFIED, ratio DERIVED"
inactive_by_age_share,DE,DE5,Y25-64,2015,31.44,percent of the inactive aged 15+,"Eurostat lfst_r_lfsd2pwc (LFS, private households): INAC by age, differences of published age bands","VERIFIED, ratio DERIVED"
inactive_by_age_share,DE,DE5,Y65-74,2015,26.81,percent of the inactive aged 15+,"Eurostat lfst_r_lfsd2pwc (LFS, private households): INAC by age, differences of published age bands","VERIFIED, ratio DERIVED"
inactive_by_age_share,DE,DE5,Y_GE75,2015,25.16,percent of the inactive aged 15+,"Eurostat lfst_r_lfsd2pwc (LFS, private households): INAC by age, differences of published age bands","VERIFIED, ratio DERIVED"
inactive_by_age_share,DE,DE6,Y15-24,2015,14.72,percent of the inactive aged 15+,"Eurostat lfst_r_lfsd2pwc (LFS, private households): INAC by age, differences of published age bands","VERIFIED, ratio DERIVED"
inactive_by_age_share,DE,DE6,Y25-64,2015,29.78,percent of the inactive aged 15+,"Eurostat lfst_r_lfsd2pwc (LFS, private households): INAC by age, differences of published age bands","VERIFIED, ratio DERIVED"
inactive_by_age_share,DE,DE6,Y65-74,2015,27.04,percent of the inactive aged 15+,"Eurostat lfst_r_lfsd2pwc (LFS, private households): INAC by age, differences of published age bands","VERIFIED, ratio DERIVED"
inactive_by_age_share,DE,DE6,Y_GE75,2015,28.45,percent of the inactive aged 15+,"Eurostat lfst_r_lfsd2pwc (LFS, private households): INAC by age, differences of published age bands","VERIFIED, ratio DERIVED"
inactive_by_age_share,DE,DE7,Y15-24,2015,16.83,percent of the inactive aged 15+,"Eurostat lfst_r_lfsd2pwc (LFS, private households): INAC by age, differences of published age bands","VERIFIED, ratio DERIVED"
inactive_by_age_share,DE,DE7,Y25-64,2015,28.36,percent of the inactive aged 15+,"Eurostat lfst_r_lfsd2pwc (LFS, private households): INAC by age, differences of published age bands","VERIFIED, ratio DERIVED"
inactive_by_age_share,DE,DE7,Y65-74,2015,26.23,percent of the inactive aged 15+,"Eurostat lfst_r_lfsd2pwc (LFS, private households): INAC by age, differences of published age bands","VERIFIED, ratio DERIVED"
inactive_by_age_share,DE,DE7,Y_GE75,2015,28.59,percent of the inactive aged 15+,"Eurostat lfst_r_lfsd2pwc (LFS, private households): INAC by age, differences of published age bands","VERIFIED, ratio DERIVED"
inactive_by_age_share,DE,DE8,Y15-24,2015,10.36,percent of the inactive aged 15+,"Eurostat lfst_r_lfsd2pwc (LFS, private households): INAC by age, differences of published age bands","VERIFIED, ratio DERIVED"
inactive_by_age_share,DE,DE8,Y25-64,2015,28.07,percent of the inactive aged 15+,"Eurostat lfst_r_lfsd2pwc (LFS, private households): INAC by age, differences of published age bands","VERIFIED, ratio DERIVED"
inactive_by_age_share,DE,DE8,Y65-74,2015,28.61,percent of the inactive aged 15+,"Eurostat lfst_r_lfsd2pwc (LFS, private households): INAC by age, differences of published age bands","VERIFIED, ratio DERIVED"
inactive_by_age_share,DE,DE8,Y_GE75,2015,32.96,percent of the inactive aged 15+,"Eurostat lfst_r_lfsd2pwc (LFS, private households): INAC by age, differences of published age bands","VERIFIED, ratio DERIVED"
inactive_by_age_share,DE,DE9,Y15-24,2015,16.24,percent of the inactive aged 15+,"Eurostat lfst_r_lfsd2pwc (LFS, private households): INAC by age, differences of published age bands","VERIFIED, ratio DERIVED"
inactive_by_age_share,DE,DE9,Y25-64,2015,26.82,percent of the inactive aged 15+,"Eurostat lfst_r_lfsd2pwc (LFS, private households): INAC by age, differences of published age bands","VERIFIED, ratio DERIVED"
inactive_by_age_share,DE,DE9,Y65-74,2015,27.42,percent of the inactive aged 15+,"Eurostat lfst_r_lfsd2pwc (LFS, private households): INAC by age, differences of published age bands","VERIFIED, ratio DERIVED"
inactive_by_age_share,DE,DE9,Y_GE75,2015,29.52,percent of the inactive aged 15+,"Eurostat lfst_r_lfsd2pwc (LFS, private households): INAC by age, differences of published age bands","VERIFIED, ratio DERIVED"
inactive_by_age_share,DE,DEA,Y15-24,2015,16.2,percent of the inactive aged 15+,"Eurostat lfst_r_lfsd2pwc (LFS, private households): INAC by age, differences of published age bands","VERIFIED, ratio DERIVED"
inactive_by_age_share,DE,DEA,Y25-64,2015,29.33,percent of the inactive aged 15+,"Eurostat lfst_r_lfsd2pwc (LFS, private households): INAC by age, differences of published age bands","VERIFIED, ratio DERIVED"
inactive_by_age_share,DE,DEA,Y65-74,2015,26.14,percent of the inactive aged 15+,"Eurostat lfst_r_lfsd2pwc (LFS, private households): INAC by age, differences of published age bands","VERIFIED, ratio DERIVED"
inactive_by_age_share,DE,DEA,Y_GE75,2015,28.34,percent of the inactive aged 15+,"Eurostat lfst_r_lfsd2pwc (LFS, private households): INAC by age, differences of published age bands","VERIFIED, ratio DERIVED"
inactive_by_age_share,DE,DEB,Y15-24,2015,15.7,percent of the inactive aged 15+,"Eurostat lfst_r_lfsd2pwc (LFS, private households): INAC by age, differences of published age bands","VERIFIED, ratio DERIVED"
inactive_by_age_share,DE,DEB,Y25-64,2015,27.63,percent of the inactive aged 15+,"Eurostat lfst_r_lfsd2pwc (LFS, private households): INAC by age, differences of published age bands","VERIFIED, ratio DERIVED"
inactive_by_age_share,DE,DEB,Y65-74,2015,26.01,percent of the inactive aged 15+,"Eurostat lfst_r_lfsd2pwc (LFS, private households): INAC by age, differences of published age bands","VERIFIED, ratio DERIVED"
inactive_by_age_share,DE,DEB,Y_GE75,2015,30.66,percent of the inactive aged 15+,"Eurostat lfst_r_lfsd2pwc (LFS, private households): INAC by age, differences of published age bands","VERIFIED, ratio DERIVED"
inactive_by_age_share,DE,DEC,Y15-24,2015,13.57,percent of the inactive aged 15+,"Eurostat lfst_r_lfsd2pwc (LFS, private households): INAC by age, differences of published age bands","VERIFIED, ratio DERIVED"
inactive_by_age_share,DE,DEC,Y25-64,2015,28.52,percent of the inactive aged 15+,"Eurostat lfst_r_lfsd2pwc (LFS, private households): INAC by age, differences of published age bands","VERIFIED, ratio DERIVED"
inactive_by_age_share,DE,DEC,Y65-74,2015,27.4,percent of the inactive aged 15+,"Eurostat lfst_r_lfsd2pwc (LFS, private households): INAC by age, differences of published age bands","VERIFIED, ratio DERIVED"
inactive_by_age_share,DE,DEC,Y_GE75,2015,30.51,percent of the inactive aged 15+,"Eurostat lfst_r_lfsd2pwc (LFS, private households): INAC by age, differences of published age bands","VERIFIED, ratio DERIVED"
inactive_by_age_share,DE,DED,Y15-24,2015,11.13,percent of the inactive aged 15+,"Eurostat lfst_r_lfsd2pwc (LFS, private households): INAC by age, differences of published age bands","VERIFIED, ratio DERIVED"
inactive_by_age_share,DE,DED,Y25-64,2015,22.83,percent of the inactive aged 15+,"Eurostat lfst_r_lfsd2pwc (LFS, private households): INAC by age, differences of published age bands","VERIFIED, ratio DERIVED"
inactive_by_age_share,DE,DED,Y65-74,2015,30.47,percent of the inactive aged 15+,"Eurostat lfst_r_lfsd2pwc (LFS, private households): INAC by age, differences of published age bands","VERIFIED, ratio DERIVED"
inactive_by_age_share,DE,DED,Y_GE75,2015,35.57,percent of the inactive aged 15+,"Eurostat lfst_r_lfsd2pwc (LFS, private households): INAC by age, differences of published age bands","VERIFIED, ratio DERIVED"
inactive_by_age_share,DE,DEE,Y15-24,2015,9.67,percent of the inactive aged 15+,"Eurostat lfst_r_lfsd2pwc (LFS, private households): INAC by age, differences of published age bands","VERIFIED, ratio DERIVED"
inactive_by_age_share,DE,DEE,Y25-64,2015,24.46,percent of the inactive aged 15+,"Eurostat lfst_r_lfsd2pwc (LFS, private households): INAC by age, differences of published age bands","VERIFIED, ratio DERIVED"
inactive_by_age_share,DE,DEE,Y65-74,2015,31.69,percent of the inactive aged 15+,"Eurostat lfst_r_lfsd2pwc (LFS, private households): INAC by age, differences of published age bands","VERIFIED, ratio DERIVED"
inactive_by_age_share,DE,DEE,Y_GE75,2015,34.19,percent of the inactive aged 15+,"Eurostat lfst_r_lfsd2pwc (LFS, private households): INAC by age, differences of published age bands","VERIFIED, ratio DERIVED"
inactive_by_age_share,DE,DEF,Y15-24,2015,14.73,percent of the inactive aged 15+,"Eurostat lfst_r_lfsd2pwc (LFS, private households): INAC by age, differences of published age bands","VERIFIED, ratio DERIVED"
inactive_by_age_share,DE,DEF,Y25-64,2015,24.06,percent of the inactive aged 15+,"Eurostat lfst_r_lfsd2pwc (LFS, private households): INAC by age, differences of published age bands","VERIFIED, ratio DERIVED"
inactive_by_age_share,DE,DEF,Y65-74,2015,29.92,percent of the inactive aged 15+,"Eurostat lfst_r_lfsd2pwc (LFS, private households): INAC by age, differences of published age bands","VERIFIED, ratio DERIVED"
inactive_by_age_share,DE,DEF,Y_GE75,2015,31.29,percent of the inactive aged 15+,"Eurostat lfst_r_lfsd2pwc (LFS, private households): INAC by age, differences of published age bands","VERIFIED, ratio DERIVED"
inactive_by_age_share,DE,DEG,Y15-24,2015,11.62,percent of the inactive aged 15+,"Eurostat lfst_r_lfsd2pwc (LFS, private households): INAC by age, differences of published age bands","VERIFIED, ratio DERIVED"
inactive_by_age_share,DE,DEG,Y25-64,2015,25.22,percent of the inactive aged 15+,"Eurostat lfst_r_lfsd2pwc (LFS, private households): INAC by age, differences of published age bands","VERIFIED, ratio DERIVED"
inactive_by_age_share,DE,DEG,Y65-74,2015,31.08,percent of the inactive aged 15+,"Eurostat lfst_r_lfsd2pwc (LFS, private households): INAC by age, differences of published age bands","VERIFIED, ratio DERIVED"
inactive_by_age_share,DE,DEG,Y_GE75,2015,32.08,percent of the inactive aged 15+,"Eurostat lfst_r_lfsd2pwc (LFS, private households): INAC by age, differences of published age bands","VERIFIED, ratio DERIVED"
inactive_by_age_share,DE,DE,Y15-24,2025,13.65,percent of the inactive aged 15+,"Eurostat lfst_r_lfsd2pwc (LFS, private households): INAC by age, differences of published age bands","VERIFIED, ratio DERIVED"
inactive_by_age_share,DE,DE,Y25-64,2025,23.95,percent of the inactive aged 15+,"Eurostat lfst_r_lfsd2pwc (LFS, private households): INAC by age, differences of published age bands","VERIFIED, ratio DERIVED"
inactive_by_age_share,DE,DE,Y65-74,2025,29.92,percent of the inactive aged 15+,"Eurostat lfst_r_lfsd2pwc (LFS, private households): INAC by age, differences of published age bands","VERIFIED, ratio DERIVED"
inactive_by_age_share,DE,DE,Y_GE75,2025,32.47,percent of the inactive aged 15+,"Eurostat lfst_r_lfsd2pwc (LFS, private households): INAC by age, differences of published age bands","VERIFIED, ratio DERIVED"
inactive_by_age_share,DE,DE1,Y15-24,2025,14.7,percent of the inactive aged 15+,"Eurostat lfst_r_lfsd2pwc (LFS, private households): INAC by age, differences of published age bands","VERIFIED, ratio DERIVED"
inactive_by_age_share,DE,DE1,Y25-64,2025,22.19,percent of the inactive aged 15+,"Eurostat lfst_r_lfsd2pwc (LFS, private households): INAC by age, differences of published age bands","VERIFIED, ratio DERIVED"
inactive_by_age_share,DE,DE1,Y65-74,2025,29.64,percent of the inactive aged 15+,"Eurostat lfst_r_lfsd2pwc (LFS, private households): INAC by age, differences of published age bands","VERIFIED, ratio DERIVED"
inactive_by_age_share,DE,DE1,Y_GE75,2025,33.47,percent of the inactive aged 15+,"Eurostat lfst_r_lfsd2pwc (LFS, private households): INAC by age, differences of published age bands","VERIFIED, ratio DERIVED"
inactive_by_age_share,DE,DE2,Y15-24,2025,13.43,percent of the inactive aged 15+,"Eurostat lfst_r_lfsd2pwc (LFS, private households): INAC by age, differences of published age bands","VERIFIED, ratio DERIVED"
inactive_by_age_share,DE,DE2,Y25-64,2025,21.64,percent of the inactive aged 15+,"Eurostat lfst_r_lfsd2pwc (LFS, private households): INAC by age, differences of published age bands","VERIFIED, ratio DERIVED"
inactive_by_age_share,DE,DE2,Y65-74,2025,30.76,percent of the inactive aged 15+,"Eurostat lfst_r_lfsd2pwc (LFS, private households): INAC by age, differences of published age bands","VERIFIED, ratio DERIVED"
inactive_by_age_share,DE,DE2,Y_GE75,2025,34.16,percent of the inactive aged 15+,"Eurostat lfst_r_lfsd2pwc (LFS, private households): INAC by age, differences of published age bands","VERIFIED, ratio DERIVED"
inactive_by_age_share,DE,DE3,Y15-24,2025,16.74,percent of the inactive aged 15+,"Eurostat lfst_r_lfsd2pwc (LFS, private households): INAC by age, differences of published age bands","VERIFIED, ratio DERIVED"
inactive_by_age_share,DE,DE3,Y25-64,2025,29.55,percent of the inactive aged 15+,"Eurostat lfst_r_lfsd2pwc (LFS, private households): INAC by age, differences of published age bands","VERIFIED, ratio DERIVED"
inactive_by_age_share,DE,DE3,Y65-74,2025,23.65,percent of the inactive aged 15+,"Eurostat lfst_r_lfsd2pwc (LFS, private households): INAC by age, differences of published age bands","VERIFIED, ratio DERIVED"
inactive_by_age_share,DE,DE3,Y_GE75,2025,30.06,percent of the inactive aged 15+,"Eurostat lfst_r_lfsd2pwc (LFS, private households): INAC by age, differences of published age bands","VERIFIED, ratio DERIVED"
inactive_by_age_share,DE,DE4,Y15-24,2025,12.01,percent of the inactive aged 15+,"Eurostat lfst_r_lfsd2pwc (LFS, private households): INAC by age, differences of published age bands","VERIFIED, ratio DERIVED"
inactive_by_age_share,DE,DE4,Y25-64,2025,20.42,percent of the inactive aged 15+,"Eurostat lfst_r_lfsd2pwc (LFS, private households): INAC by age, differences of published age bands","VERIFIED, ratio DERIVED"
inactive_by_age_share,DE,DE4,Y65-74,2025,34.55,percent of the inactive aged 15+,"Eurostat lfst_r_lfsd2pwc (LFS, private households): INAC by age, differences of published age bands","VERIFIED, ratio DERIVED"
inactive_by_age_share,DE,DE4,Y_GE75,2025,33.02,percent of the inactive aged 15+,"Eurostat lfst_r_lfsd2pwc (LFS, private households): INAC by age, differences of published age bands","VERIFIED, ratio DERIVED"
inactive_by_age_share,DE,DE5,Y15-24,2025,13.88,percent of the inactive aged 15+,"Eurostat lfst_r_lfsd2pwc (LFS, private households): INAC by age, differences of published age bands","VERIFIED, ratio DERIVED"
inactive_by_age_share,DE,DE5,Y25-64,2025,31.84,percent of the inactive aged 15+,"Eurostat lfst_r_lfsd2pwc (LFS, private households): INAC by age, differences of published age bands","VERIFIED, ratio DERIVED"
inactive_by_age_share,DE,DE5,Y65-74,2025,24.71,percent of the inactive aged 15+,"Eurostat lfst_r_lfsd2pwc (LFS, private households): INAC by age, differences of published age bands","VERIFIED, ratio DERIVED"
inactive_by_age_share,DE,DE5,Y_GE75,2025,29.56,percent of the inactive aged 15+,"Eurostat lfst_r_lfsd2pwc (LFS, private households): INAC by age, differences of published age bands","VERIFIED, ratio DERIVED"
inactive_by_age_share,DE,DE6,Y15-24,2025,17.1,percent of the inactive aged 15+,"Eurostat lfst_r_lfsd2pwc (LFS, private households): INAC by age, differences of published age bands","VERIFIED, ratio DERIVED"
inactive_by_age_share,DE,DE6,Y25-64,2025,30.69,percent of the inactive aged 15+,"Eurostat lfst_r_lfsd2pwc (LFS, private households): INAC by age, differences of published age bands","VERIFIED, ratio DERIVED"
inactive_by_age_share,DE,DE6,Y65-74,2025,22.93,percent of the inactive aged 15+,"Eurostat lfst_r_lfsd2pwc (LFS, private households): INAC by age, differences of published age bands","VERIFIED, ratio DERIVED"
inactive_by_age_share,DE,DE6,Y_GE75,2025,29.29,percent of the inactive aged 15+,"Eurostat lfst_r_lfsd2pwc (LFS, private households): INAC by age, differences of published age bands","VERIFIED, ratio DERIVED"
inactive_by_age_share,DE,DE7,Y15-24,2025,15.08,percent of the inactive aged 15+,"Eurostat lfst_r_lfsd2pwc (LFS, private households): INAC by age, differences of published age bands","VERIFIED, ratio DERIVED"
inactive_by_age_share,DE,DE7,Y25-64,2025,25.65,percent of the inactive aged 15+,"Eurostat lfst_r_lfsd2pwc (LFS, private households): INAC by age, differences of published age bands","VERIFIED, ratio DERIVED"
inactive_by_age_share,DE,DE7,Y65-74,2025,28.01,percent of the inactive aged 15+,"Eurostat lfst_r_lfsd2pwc (LFS, private households): INAC by age, differences of published age bands","VERIFIED, ratio DERIVED"
inactive_by_age_share,DE,DE7,Y_GE75,2025,31.26,percent of the inactive aged 15+,"Eurostat lfst_r_lfsd2pwc (LFS, private households): INAC by age, differences of published age bands","VERIFIED, ratio DERIVED"
inactive_by_age_share,DE,DE8,Y15-24,2025,11.14,percent of the inactive aged 15+,"Eurostat lfst_r_lfsd2pwc (LFS, private households): INAC by age, differences of published age bands","VERIFIED, ratio DERIVED"
inactive_by_age_share,DE,DE8,Y25-64,2025,20.77,percent of the inactive aged 15+,"Eurostat lfst_r_lfsd2pwc (LFS, private households): INAC by age, differences of published age bands","VERIFIED, ratio DERIVED"
inactive_by_age_share,DE,DE8,Y65-74,2025,36.05,percent of the inactive aged 15+,"Eurostat lfst_r_lfsd2pwc (LFS, private households): INAC by age, differences of published age bands","VERIFIED, ratio DERIVED"
inactive_by_age_share,DE,DE8,Y_GE75,2025,32.04,percent of the inactive aged 15+,"Eurostat lfst_r_lfsd2pwc (LFS, private households): INAC by age, differences of published age bands","VERIFIED, ratio DERIVED"
inactive_by_age_share,DE,DE9,Y15-24,2025,13.49,percent of the inactive aged 15+,"Eurostat lfst_r_lfsd2pwc (LFS, private households): INAC by age, differences of published age bands","VERIFIED, ratio DERIVED"
inactive_by_age_share,DE,DE9,Y25-64,2025,24.04,percent of the inactive aged 15+,"Eurostat lfst_r_lfsd2pwc (LFS, private households): INAC by age, differences of published age bands","VERIFIED, ratio DERIVED"
inactive_by_age_share,DE,DE9,Y65-74,2025,29.77,percent of the inactive aged 15+,"Eurostat lfst_r_lfsd2pwc (LFS, private households): INAC by age, differences of published age bands","VERIFIED, ratio DERIVED"
inactive_by_age_share,DE,DE9,Y_GE75,2025,32.71,percent of the inactive aged 15+,"Eurostat lfst_r_lfsd2pwc (LFS, private households): INAC by age, differences of published age bands","VERIFIED, ratio DERIVED"
inactive_by_age_share,DE,DEA,Y15-24,2025,13.59,percent of the inactive aged 15+,"Eurostat lfst_r_lfsd2pwc (LFS, private households): INAC by age, differences of published age bands","VERIFIED, ratio DERIVED"
inactive_by_age_share,DE,DEA,Y25-64,2025,27.55,percent of the inactive aged 15+,"Eurostat lfst_r_lfsd2pwc (LFS, private households): INAC by age, differences of published age bands","VERIFIED, ratio DERIVED"
inactive_by_age_share,DE,DEA,Y65-74,2025,28.54,percent of the inactive aged 15+,"Eurostat lfst_r_lfsd2pwc (LFS, private households): INAC by age, differences of published age bands","VERIFIED, ratio DERIVED"
inactive_by_age_share,DE,DEA,Y_GE75,2025,30.32,percent of the inactive aged 15+,"Eurostat lfst_r_lfsd2pwc (LFS, private households): INAC by age, differences of published age bands","VERIFIED, ratio DERIVED"
inactive_by_age_share,DE,DEB,Y15-24,2025,12.69,percent of the inactive aged 15+,"Eurostat lfst_r_lfsd2pwc (LFS, private households): INAC by age, differences of published age bands","VERIFIED, ratio DERIVED"
inactive_by_age_share,DE,DEB,Y25-64,2025,23.04,percent of the inactive aged 15+,"Eurostat lfst_r_lfsd2pwc (LFS, private households): INAC by age, differences of published age bands","VERIFIED, ratio DERIVED"
inactive_by_age_share,DE,DEB,Y65-74,2025,32.68,percent of the inactive aged 15+,"Eurostat lfst_r_lfsd2pwc (LFS, private households): INAC by age, differences of published age bands","VERIFIED, ratio DERIVED"
inactive_by_age_share,DE,DEB,Y_GE75,2025,31.59,percent of the inactive aged 15+,"Eurostat lfst_r_lfsd2pwc (LFS, private households): INAC by age, differences of published age bands","VERIFIED, ratio DERIVED"
inactive_by_age_share,DE,DEC,Y15-24,2025,11.38,percent of the inactive aged 15+,"Eurostat lfst_r_lfsd2pwc (LFS, private households): INAC by age, differences of published age bands","VERIFIED, ratio DERIVED"
inactive_by_age_share,DE,DEC,Y25-64,2025,25.19,percent of the inactive aged 15+,"Eurostat lfst_r_lfsd2pwc (LFS, private households): INAC by age, differences of published age bands","VERIFIED, ratio DERIVED"
inactive_by_age_share,DE,DEC,Y65-74,2025,31.71,percent of the inactive aged 15+,"Eurostat lfst_r_lfsd2pwc (LFS, private households): INAC by age, differences of published age bands","VERIFIED, ratio DERIVED"
inactive_by_age_share,DE,DEC,Y_GE75,2025,31.71,percent of the inactive aged 15+,"Eurostat lfst_r_lfsd2pwc (LFS, private households): INAC by age, differences of published age bands","VERIFIED, ratio DERIVED"
inactive_by_age_share,DE,DED,Y15-24,2025,12.73,percent of the inactive aged 15+,"Eurostat lfst_r_lfsd2pwc (LFS, private households): INAC by age, differences of published age bands","VERIFIED, ratio DERIVED"
inactive_by_age_share,DE,DED,Y25-64,2025,17.37,percent of the inactive aged 15+,"Eurostat lfst_r_lfsd2pwc (LFS, private households): INAC by age, differences of published age bands","VERIFIED, ratio DERIVED"
inactive_by_age_share,DE,DED,Y65-74,2025,32.7,percent of the inactive aged 15+,"Eurostat lfst_r_lfsd2pwc (LFS, private households): INAC by age, differences of published age bands","VERIFIED, ratio DERIVED"
inactive_by_age_share,DE,DED,Y_GE75,2025,37.21,percent of the inactive aged 15+,"Eurostat lfst_r_lfsd2pwc (LFS, private households): INAC by age, differences of published age bands","VERIFIED, ratio DERIVED"
inactive_by_age_share,DE,DEE,Y15-24,2025,11.67,percent of the inactive aged 15+,"Eurostat lfst_r_lfsd2pwc (LFS, private households): INAC by age, differences of published age bands","VERIFIED, ratio DERIVED"
inactive_by_age_share,DE,DEE,Y25-64,2025,20.31,percent of the inactive aged 15+,"Eurostat lfst_r_lfsd2pwc (LFS, private households): INAC by age, differences of published age bands","VERIFIED, ratio DERIVED"
inactive_by_age_share,DE,DEE,Y65-74,2025,34.34,percent of the inactive aged 15+,"Eurostat lfst_r_lfsd2pwc (LFS, private households): INAC by age, differences of published age bands","VERIFIED, ratio DERIVED"
inactive_by_age_share,DE,DEE,Y_GE75,2025,33.68,percent of the inactive aged 15+,"Eurostat lfst_r_lfsd2pwc (LFS, private households): INAC by age, differences of published age bands","VERIFIED, ratio DERIVED"
inactive_by_age_share,DE,DEF,Y15-24,2025,13.2,percent of the inactive aged 15+,"Eurostat lfst_r_lfsd2pwc (LFS, private households): INAC by age, differences of published age bands","VERIFIED, ratio DERIVED"
inactive_by_age_share,DE,DEF,Y25-64,2025,23.61,percent of the inactive aged 15+,"Eurostat lfst_r_lfsd2pwc (LFS, private households): INAC by age, differences of published age bands","VERIFIED, ratio DERIVED"
inactive_by_age_share,DE,DEF,Y65-74,2025,29.01,percent of the inactive aged 15+,"Eurostat lfst_r_lfsd2pwc (LFS, private households): INAC by age, differences of published age bands","VERIFIED, ratio DERIVED"
inactive_by_age_share,DE,DEF,Y_GE75,2025,34.18,percent of the inactive aged 15+,"Eurostat lfst_r_lfsd2pwc (LFS, private households): INAC by age, differences of published age bands","VERIFIED, ratio DERIVED"
inactive_by_age_share,DE,DEG,Y15-24,2025,11.27,percent of the inactive aged 15+,"Eurostat lfst_r_lfsd2pwc (LFS, private households): INAC by age, differences of published age bands","VERIFIED, ratio DERIVED"
inactive_by_age_share,DE,DEG,Y25-64,2025,19.24,percent of the inactive aged 15+,"Eurostat lfst_r_lfsd2pwc (LFS, private households): INAC by age, differences of published age bands","VERIFIED, ratio DERIVED"
inactive_by_age_share,DE,DEG,Y65-74,2025,34.84,percent of the inactive aged 15+,"Eurostat lfst_r_lfsd2pwc (LFS, private households): INAC by age, differences of published age bands","VERIFIED, ratio DERIVED"
inactive_by_age_share,DE,DEG,Y_GE75,2025,34.65,percent of the inactive aged 15+,"Eurostat lfst_r_lfsd2pwc (LFS, private households): INAC by age, differences of published age bands","VERIFIED, ratio DERIVED"
inactive_by_age_share,FR,FR,Y15-24,2015,20.46,percent of the inactive aged 15+,"Eurostat lfst_r_lfsd2pwc (LFS, private households): INAC by age, differences of published age bands","VERIFIED, ratio DERIVED"
inactive_by_age_share,FR,FR,Y25-64,2015,30.49,percent of the inactive aged 15+,"Eurostat lfst_r_lfsd2pwc (LFS, private households): INAC by age, differences of published age bands","VERIFIED, ratio DERIVED"
inactive_by_age_share,FR,FR,Y65-74,2015,25.49,percent of the inactive aged 15+,"Eurostat lfst_r_lfsd2pwc (LFS, private households): INAC by age, differences of published age bands","VERIFIED, ratio DERIVED"
inactive_by_age_share,FR,FR,Y_GE75,2015,23.56,percent of the inactive aged 15+,"Eurostat lfst_r_lfsd2pwc (LFS, private households): INAC by age, differences of published age bands","VERIFIED, ratio DERIVED"
inactive_by_age_share,FR,FR1,Y15-24,2015,27.5,percent of the inactive aged 15+,"Eurostat lfst_r_lfsd2pwc (LFS, private households): INAC by age, differences of published age bands","VERIFIED, ratio DERIVED"
inactive_by_age_share,FR,FR1,Y25-64,2015,29.74,percent of the inactive aged 15+,"Eurostat lfst_r_lfsd2pwc (LFS, private households): INAC by age, differences of published age bands","VERIFIED, ratio DERIVED"
inactive_by_age_share,FR,FR1,Y65-74,2015,22.78,percent of the inactive aged 15+,"Eurostat lfst_r_lfsd2pwc (LFS, private households): INAC by age, differences of published age bands","VERIFIED, ratio DERIVED"
inactive_by_age_share,FR,FR1,Y_GE75,2015,19.98,percent of the inactive aged 15+,"Eurostat lfst_r_lfsd2pwc (LFS, private households): INAC by age, differences of published age bands","VERIFIED, ratio DERIVED"
inactive_by_age_share,FR,FRB,Y15-24,2015,19.11,percent of the inactive aged 15+,"Eurostat lfst_r_lfsd2pwc (LFS, private households): INAC by age, differences of published age bands","VERIFIED, ratio DERIVED"
inactive_by_age_share,FR,FRB,Y25-64,2015,28.64,percent of the inactive aged 15+,"Eurostat lfst_r_lfsd2pwc (LFS, private households): INAC by age, differences of published age bands","VERIFIED, ratio DERIVED"
inactive_by_age_share,FR,FRB,Y65-74,2015,28.49,percent of the inactive aged 15+,"Eurostat lfst_r_lfsd2pwc (LFS, private households): INAC by age, differences of published age bands","VERIFIED, ratio DERIVED"
inactive_by_age_share,FR,FRB,Y_GE75,2015,23.77,percent of the inactive aged 15+,"Eurostat lfst_r_lfsd2pwc (LFS, private households): INAC by age, differences of published age bands","VERIFIED, ratio DERIVED"
inactive_by_age_share,FR,FRC,Y15-24,2015,18.12,percent of the inactive aged 15+,"Eurostat lfst_r_lfsd2pwc (LFS, private households): INAC by age, differences of published age bands","VERIFIED, ratio DERIVED"
inactive_by_age_share,FR,FRC,Y25-64,2015,29.5,percent of the inactive aged 15+,"Eurostat lfst_r_lfsd2pwc (LFS, private households): INAC by age, differences of published age bands","VERIFIED, ratio DERIVED"
inactive_by_age_share,FR,FRC,Y65-74,2015,26.41,percent of the inactive aged 15+,"Eurostat lfst_r_lfsd2pwc (LFS, private households): INAC by age, differences of published age bands","VERIFIED, ratio DERIVED"
inactive_by_age_share,FR,FRC,Y_GE75,2015,25.96,percent of the inactive aged 15+,"Eurostat lfst_r_lfsd2pwc (LFS, private households): INAC by age, differences of published age bands","VERIFIED, ratio DERIVED"
inactive_by_age_share,FR,FRD,Y15-24,2015,19.13,percent of the inactive aged 15+,"Eurostat lfst_r_lfsd2pwc (LFS, private households): INAC by age, differences of published age bands","VERIFIED, ratio DERIVED"
inactive_by_age_share,FR,FRD,Y25-64,2015,31.36,percent of the inactive aged 15+,"Eurostat lfst_r_lfsd2pwc (LFS, private households): INAC by age, differences of published age bands","VERIFIED, ratio DERIVED"
inactive_by_age_share,FR,FRD,Y65-74,2015,25.46,percent of the inactive aged 15+,"Eurostat lfst_r_lfsd2pwc (LFS, private households): INAC by age, differences of published age bands","VERIFIED, ratio DERIVED"
inactive_by_age_share,FR,FRD,Y_GE75,2015,24.06,percent of the inactive aged 15+,"Eurostat lfst_r_lfsd2pwc (LFS, private households): INAC by age, differences of published age bands","VERIFIED, ratio DERIVED"
inactive_by_age_share,FR,FRE,Y15-24,2015,20.96,percent of the inactive aged 15+,"Eurostat lfst_r_lfsd2pwc (LFS, private households): INAC by age, differences of published age bands","VERIFIED, ratio DERIVED"
inactive_by_age_share,FR,FRE,Y25-64,2015,36.17,percent of the inactive aged 15+,"Eurostat lfst_r_lfsd2pwc (LFS, private households): INAC by age, differences of published age bands","VERIFIED, ratio DERIVED"
inactive_by_age_share,FR,FRE,Y65-74,2015,23.09,percent of the inactive aged 15+,"Eurostat lfst_r_lfsd2pwc (LFS, private households): INAC by age, differences of published age bands","VERIFIED, ratio DERIVED"
inactive_by_age_share,FR,FRE,Y_GE75,2015,19.78,percent of the inactive aged 15+,"Eurostat lfst_r_lfsd2pwc (LFS, private households): INAC by age, differences of published age bands","VERIFIED, ratio DERIVED"
inactive_by_age_share,FR,FRF,Y15-24,2015,19.49,percent of the inactive aged 15+,"Eurostat lfst_r_lfsd2pwc (LFS, private households): INAC by age, differences of published age bands","VERIFIED, ratio DERIVED"
inactive_by_age_share,FR,FRF,Y25-64,2015,32.39,percent of the inactive aged 15+,"Eurostat lfst_r_lfsd2pwc (LFS, private households): INAC by age, differences of published age bands","VERIFIED, ratio DERIVED"
inactive_by_age_share,FR,FRF,Y65-74,2015,24.29,percent of the inactive aged 15+,"Eurostat lfst_r_lfsd2pwc (LFS, private households): INAC by age, differences of published age bands","VERIFIED, ratio DERIVED"
inactive_by_age_share,FR,FRF,Y_GE75,2015,23.82,percent of the inactive aged 15+,"Eurostat lfst_r_lfsd2pwc (LFS, private households): INAC by age, differences of published age bands","VERIFIED, ratio DERIVED"
inactive_by_age_share,FR,FRG,Y15-24,2015,17.55,percent of the inactive aged 15+,"Eurostat lfst_r_lfsd2pwc (LFS, private households): INAC by age, differences of published age bands","VERIFIED, ratio DERIVED"
inactive_by_age_share,FR,FRG,Y25-64,2015,29.37,percent of the inactive aged 15+,"Eurostat lfst_r_lfsd2pwc (LFS, private households): INAC by age, differences of published age bands","VERIFIED, ratio DERIVED"
inactive_by_age_share,FR,FRG,Y65-74,2015,26.6,percent of the inactive aged 15+,"Eurostat lfst_r_lfsd2pwc (LFS, private households): INAC by age, differences of published age bands","VERIFIED, ratio DERIVED"
inactive_by_age_share,FR,FRG,Y_GE75,2015,26.48,percent of the inactive aged 15+,"Eurostat lfst_r_lfsd2pwc (LFS, private households): INAC by age, differences of published age bands","VERIFIED, ratio DERIVED"
inactive_by_age_share,FR,FRH,Y15-24,2015,18.34,percent of the inactive aged 15+,"Eurostat lfst_r_lfsd2pwc (LFS, private households): INAC by age, differences of published age bands","VERIFIED, ratio DERIVED"
inactive_by_age_share,FR,FRH,Y25-64,2015,27.37,percent of the inactive aged 15+,"Eurostat lfst_r_lfsd2pwc (LFS, private households): INAC by age, differences of published age bands","VERIFIED, ratio DERIVED"
inactive_by_age_share,FR,FRH,Y65-74,2015,25.67,percent of the inactive aged 15+,"Eurostat lfst_r_lfsd2pwc (LFS, private households): INAC by age, differences of published age bands","VERIFIED, ratio DERIVED"
inactive_by_age_share,FR,FRH,Y_GE75,2015,28.61,percent of the inactive aged 15+,"Eurostat lfst_r_lfsd2pwc (LFS, private households): INAC by age, differences of published age bands","VERIFIED, ratio DERIVED"
inactive_by_age_share,FR,FRI,Y15-24,2015,16.7,percent of the inactive aged 15+,"Eurostat lfst_r_lfsd2pwc (LFS, private households): INAC by age, differences of published age bands","VERIFIED, ratio DERIVED"
inactive_by_age_share,FR,FRI,Y25-64,2015,27.49,percent of the inactive aged 15+,"Eurostat lfst_r_lfsd2pwc (LFS, private households): INAC by age, differences of published age bands","VERIFIED, ratio DERIVED"
inactive_by_age_share,FR,FRI,Y65-74,2015,28.67,percent of the inactive aged 15+,"Eurostat lfst_r_lfsd2pwc (LFS, private households): INAC by age, differences of published age bands","VERIFIED, ratio DERIVED"
inactive_by_age_share,FR,FRI,Y_GE75,2015,27.14,percent of the inactive aged 15+,"Eurostat lfst_r_lfsd2pwc (LFS, private households): INAC by age, differences of published age bands","VERIFIED, ratio DERIVED"
inactive_by_age_share,FR,FRJ,Y15-24,2015,18.43,percent of the inactive aged 15+,"Eurostat lfst_r_lfsd2pwc (LFS, private households): INAC by age, differences of published age bands","VERIFIED, ratio DERIVED"
inactive_by_age_share,FR,FRJ,Y25-64,2015,29.99,percent of the inactive aged 15+,"Eurostat lfst_r_lfsd2pwc (LFS, private households): INAC by age, differences of published age bands","VERIFIED, ratio DERIVED"
inactive_by_age_share,FR,FRJ,Y65-74,2015,27.32,percent of the inactive aged 15+,"Eurostat lfst_r_lfsd2pwc (LFS, private households): INAC by age, differences of published age bands","VERIFIED, ratio DERIVED"
inactive_by_age_share,FR,FRJ,Y_GE75,2015,24.26,percent of the inactive aged 15+,"Eurostat lfst_r_lfsd2pwc (LFS, private households): INAC by age, differences of published age bands","VERIFIED, ratio DERIVED"
inactive_by_age_share,FR,FRK,Y15-24,2015,20.46,percent of the inactive aged 15+,"Eurostat lfst_r_lfsd2pwc (LFS, private households): INAC by age, differences of published age bands","VERIFIED, ratio DERIVED"
inactive_by_age_share,FR,FRK,Y25-64,2015,28.74,percent of the inactive aged 15+,"Eurostat lfst_r_lfsd2pwc (LFS, private households): INAC by age, differences of published age bands","VERIFIED, ratio DERIVED"
inactive_by_age_share,FR,FRK,Y65-74,2015,26.59,percent of the inactive aged 15+,"Eurostat lfst_r_lfsd2pwc (LFS, private households): INAC by age, differences of published age bands","VERIFIED, ratio DERIVED"
inactive_by_age_share,FR,FRK,Y_GE75,2015,24.2,percent of the inactive aged 15+,"Eurostat lfst_r_lfsd2pwc (LFS, private households): INAC by age, differences of published age bands","VERIFIED, ratio DERIVED"
inactive_by_age_share,FR,FRL,Y15-24,2015,17.8,percent of the inactive aged 15+,"Eurostat lfst_r_lfsd2pwc (LFS, private households): INAC by age, differences of published age bands","VERIFIED, ratio DERIVED"
inactive_by_age_share,FR,FRL,Y25-64,2015,29.83,percent of the inactive aged 15+,"Eurostat lfst_r_lfsd2pwc (LFS, private households): INAC by age, differences of published age bands","VERIFIED, ratio DERIVED"
inactive_by_age_share,FR,FRL,Y65-74,2015,26.73,percent of the inactive aged 15+,"Eurostat lfst_r_lfsd2pwc (LFS, private households): INAC by age, differences of published age bands","VERIFIED, ratio DERIVED"
inactive_by_age_share,FR,FRL,Y_GE75,2015,25.64,percent of the inactive aged 15+,"Eurostat lfst_r_lfsd2pwc (LFS, private households): INAC by age, differences of published age bands","VERIFIED, ratio DERIVED"
inactive_by_age_share,FR,FRM,Y15-24,2015,11.52,percent of the inactive aged 15+,"Eurostat lfst_r_lfsd2pwc (LFS, private households): INAC by age, differences of published age bands","VERIFIED (Eurostat flags: u), ratio DERIVED"
inactive_by_age_share,FR,FRM,Y25-64,2015,28.41,percent of the inactive aged 15+,"Eurostat lfst_r_lfsd2pwc (LFS, private households): INAC by age, differences of published age bands","VERIFIED (Eurostat flags: u), ratio DERIVED"
inactive_by_age_share,FR,FRM,Y65-74,2015,35.08,percent of the inactive aged 15+,"Eurostat lfst_r_lfsd2pwc (LFS, private households): INAC by age, differences of published age bands","VERIFIED (Eurostat flags: u), ratio DERIVED"
inactive_by_age_share,FR,FRM,Y_GE75,2015,24.99,percent of the inactive aged 15+,"Eurostat lfst_r_lfsd2pwc (LFS, private households): INAC by age, differences of published age bands","VERIFIED (Eurostat flags: u), ratio DERIVED"
inactive_by_age_share,FR,FRY,Y15-24,2015,28.14,percent of the inactive aged 15+,"Eurostat lfst_r_lfsd2pwc (LFS, private households): INAC by age, differences of published age bands","VERIFIED, ratio DERIVED"
inactive_by_age_share,FR,FRY,Y25-64,2015,40.43,percent of the inactive aged 15+,"Eurostat lfst_r_lfsd2pwc (LFS, private households): INAC by age, differences of published age bands","VERIFIED, ratio DERIVED"
inactive_by_age_share,FR,FRY,Y65-74,2015,17.64,percent of the inactive aged 15+,"Eurostat lfst_r_lfsd2pwc (LFS, private households): INAC by age, differences of published age bands","VERIFIED, ratio DERIVED"
inactive_by_age_share,FR,FRY,Y_GE75,2015,13.8,percent of the inactive aged 15+,"Eurostat lfst_r_lfsd2pwc (LFS, private households): INAC by age, differences of published age bands","VERIFIED, ratio DERIVED"
inactive_by_age_share,FR,FR,Y15-24,2025,18.88,percent of the inactive aged 15+,"Eurostat lfst_r_lfsd2pwc (LFS, private households): INAC by age, differences of published age bands","VERIFIED (Eurostat flags: d), ratio DERIVED"
inactive_by_age_share,FR,FR,Y25-64,2025,24.14,percent of the inactive aged 15+,"Eurostat lfst_r_lfsd2pwc (LFS, private households): INAC by age, differences of published age bands","VERIFIED (Eurostat flags: d), ratio DERIVED"
inactive_by_age_share,FR,FR,Y65-74,2025,28.83,percent of the inactive aged 15+,"Eurostat lfst_r_lfsd2pwc (LFS, private households): INAC by age, differences of published age bands","VERIFIED (Eurostat flags: d), ratio DERIVED"
inactive_by_age_share,FR,FR,Y_GE75,2025,28.15,percent of the inactive aged 15+,"Eurostat lfst_r_lfsd2pwc (LFS, private households): INAC by age, differences of published age bands","VERIFIED (Eurostat flags: d), ratio DERIVED"
inactive_by_age_share,FR,FR1,Y15-24,2025,27.0,percent of the inactive aged 15+,"Eurostat lfst_r_lfsd2pwc (LFS, private households): INAC by age, differences of published age bands","VERIFIED (Eurostat flags: d), ratio DERIVED"
inactive_by_age_share,FR,FR1,Y25-64,2025,23.87,percent of the inactive aged 15+,"Eurostat lfst_r_lfsd2pwc (LFS, private households): INAC by age, differences of published age bands","VERIFIED (Eurostat flags: d), ratio DERIVED"
inactive_by_age_share,FR,FR1,Y65-74,2025,24.61,percent of the inactive aged 15+,"Eurostat lfst_r_lfsd2pwc (LFS, private households): INAC by age, differences of published age bands","VERIFIED (Eurostat flags: d), ratio DERIVED"
inactive_by_age_share,FR,FR1,Y_GE75,2025,24.52,percent of the inactive aged 15+,"Eurostat lfst_r_lfsd2pwc (LFS, private households): INAC by age, differences of published age bands","VERIFIED (Eurostat flags: d), ratio DERIVED"
inactive_by_age_share,FR,FRB,Y15-24,2025,17.62,percent of the inactive aged 15+,"Eurostat lfst_r_lfsd2pwc (LFS, private households): INAC by age, differences of published age bands","VERIFIED (Eurostat flags: d), ratio DERIVED"
inactive_by_age_share,FR,FRB,Y25-64,2025,21.2,percent of the inactive aged 15+,"Eurostat lfst_r_lfsd2pwc (LFS, private households): INAC by age, differences of published age bands","VERIFIED (Eurostat flags: d), ratio DERIVED"
inactive_by_age_share,FR,FRB,Y65-74,2025,29.59,percent of the inactive aged 15+,"Eurostat lfst_r_lfsd2pwc (LFS, private households): INAC by age, differences of published age bands","VERIFIED (Eurostat flags: d), ratio DERIVED"
inactive_by_age_share,FR,FRB,Y_GE75,2025,31.58,percent of the inactive aged 15+,"Eurostat lfst_r_lfsd2pwc (LFS, private households): INAC by age, differences of published age bands","VERIFIED (Eurostat flags: d), ratio DERIVED"
inactive_by_age_share,FR,FRC,Y15-24,2025,17.04,percent of the inactive aged 15+,"Eurostat lfst_r_lfsd2pwc (LFS, private households): INAC by age, differences of published age bands","VERIFIED (Eurostat flags: d), ratio DERIVED"
inactive_by_age_share,FR,FRC,Y25-64,2025,22.87,percent of the inactive aged 15+,"Eurostat lfst_r_lfsd2pwc (LFS, private households): INAC by age, differences of published age bands","VERIFIED (Eurostat flags: d), ratio DERIVED"
inactive_by_age_share,FR,FRC,Y65-74,2025,29.63,percent of the inactive aged 15+,"Eurostat lfst_r_lfsd2pwc (LFS, private households): INAC by age, differences of published age bands","VERIFIED (Eurostat flags: d), ratio DERIVED"
inactive_by_age_share,FR,FRC,Y_GE75,2025,30.46,percent of the inactive aged 15+,"Eurostat lfst_r_lfsd2pwc (LFS, private households): INAC by age, differences of published age bands","VERIFIED (Eurostat flags: d), ratio DERIVED"
inactive_by_age_share,FR,FRD,Y15-24,2025,17.18,percent of the inactive aged 15+,"Eurostat lfst_r_lfsd2pwc (LFS, private households): INAC by age, differences of published age bands","VERIFIED (Eurostat flags: d), ratio DERIVED"
inactive_by_age_share,FR,FRD,Y25-64,2025,22.45,percent of the inactive aged 15+,"Eurostat lfst_r_lfsd2pwc (LFS, private households): INAC by age, differences of published age bands","VERIFIED (Eurostat flags: d), ratio DERIVED"
inactive_by_age_share,FR,FRD,Y65-74,2025,30.92,percent of the inactive aged 15+,"Eurostat lfst_r_lfsd2pwc (LFS, private households): INAC by age, differences of published age bands","VERIFIED (Eurostat flags: d), ratio DERIVED"
inactive_by_age_share,FR,FRD,Y_GE75,2025,29.45,percent of the inactive aged 15+,"Eurostat lfst_r_lfsd2pwc (LFS, private households): INAC by age, differences of published age bands","VERIFIED (Eurostat flags: d), ratio DERIVED"
inactive_by_age_share,FR,FRE,Y15-24,2025,18.2,percent of the inactive aged 15+,"Eurostat lfst_r_lfsd2pwc (LFS, private households): INAC by age, differences of published age bands","VERIFIED (Eurostat flags: d), ratio DERIVED"
inactive_by_age_share,FR,FRE,Y25-64,2025,28.48,percent of the inactive aged 15+,"Eurostat lfst_r_lfsd2pwc (LFS, private households): INAC by age, differences of published age bands","VERIFIED (Eurostat flags: d), ratio DERIVED"
inactive_by_age_share,FR,FRE,Y65-74,2025,27.8,percent of the inactive aged 15+,"Eurostat lfst_r_lfsd2pwc (LFS, private households): INAC by age, differences of published age bands","VERIFIED (Eurostat flags: d), ratio DERIVED"
inactive_by_age_share,FR,FRE,Y_GE75,2025,25.51,percent of the inactive aged 15+,"Eurostat lfst_r_lfsd2pwc (LFS, private households): INAC by age, differences of published age bands","VERIFIED (Eurostat flags: d), ratio DERIVED"
inactive_by_age_share,FR,FRF,Y15-24,2025,17.53,percent of the inactive aged 15+,"Eurostat lfst_r_lfsd2pwc (LFS, private households): INAC by age, differences of published age bands","VERIFIED (Eurostat flags: d), ratio DERIVED"
inactive_by_age_share,FR,FRF,Y25-64,2025,25.8,percent of the inactive aged 15+,"Eurostat lfst_r_lfsd2pwc (LFS, private households): INAC by age, differences of published age bands","VERIFIED (Eurostat flags: d), ratio DERIVED"
inactive_by_age_share,FR,FRF,Y65-74,2025,28.95,percent of the inactive aged 15+,"Eurostat lfst_r_lfsd2pwc (LFS, private households): INAC by age, differences of published age bands","VERIFIED (Eurostat flags: d), ratio DERIVED"
inactive_by_age_share,FR,FRF,Y_GE75,2025,27.71,percent of the inactive aged 15+,"Eurostat lfst_r_lfsd2pwc (LFS, private households): INAC by age, differences of published age bands","VERIFIED (Eurostat flags: d), ratio DERIVED"
inactive_by_age_share,FR,FRG,Y15-24,2025,15.83,percent of the inactive aged 15+,"Eurostat lfst_r_lfsd2pwc (LFS, private households): INAC by age, differences of published age bands","VERIFIED (Eurostat flags: d), ratio DERIVED"
inactive_by_age_share,FR,FRG,Y25-64,2025,23.96,percent of the inactive aged 15+,"Eurostat lfst_r_lfsd2pwc (LFS, private households): INAC by age, differences of published age bands","VERIFIED (Eurostat flags: d), ratio DERIVED"
inactive_by_age_share,FR,FRG,Y65-74,2025,31.6,percent of the inactive aged 15+,"Eurostat lfst_r_lfsd2pwc (LFS, private households): INAC by age, differences of published age bands","VERIFIED (Eurostat flags: d), ratio DERIVED"
inactive_by_age_share,FR,FRG,Y_GE75,2025,28.61,percent of the inactive aged 15+,"Eurostat lfst_r_lfsd2pwc (LFS, private households): INAC by age, differences of published age bands","VERIFIED (Eurostat flags: d), ratio DERIVED"
inactive_by_age_share,FR,FRH,Y15-24,2025,17.97,percent of the inactive aged 15+,"Eurostat lfst_r_lfsd2pwc (LFS, private households): INAC by age, differences of published age bands","VERIFIED (Eurostat flags: d), ratio DERIVED"
inactive_by_age_share,FR,FRH,Y25-64,2025,21.32,percent of the inactive aged 15+,"Eurostat lfst_r_lfsd2pwc (LFS, private households): INAC by age, differences of published age bands","VERIFIED (Eurostat flags: d), ratio DERIVED"
inactive_by_age_share,FR,FRH,Y65-74,2025,33.52,percent of the inactive aged 15+,"Eurostat lfst_r_lfsd2pwc (LFS, private households): INAC by age, differences of published age bands","VERIFIED (Eurostat flags: d), ratio DERIVED"
inactive_by_age_share,FR,FRH,Y_GE75,2025,27.2,percent of the inactive aged 15+,"Eurostat lfst_r_lfsd2pwc (LFS, private households): INAC by age, differences of published age bands","VERIFIED (Eurostat flags: d), ratio DERIVED"
inactive_by_age_share,FR,FRI,Y15-24,2025,14.37,percent of the inactive aged 15+,"Eurostat lfst_r_lfsd2pwc (LFS, private households): INAC by age, differences of published age bands","VERIFIED (Eurostat flags: d), ratio DERIVED"
inactive_by_age_share,FR,FRI,Y25-64,2025,21.25,percent of the inactive aged 15+,"Eurostat lfst_r_lfsd2pwc (LFS, private households): INAC by age, differences of published age bands","VERIFIED (Eurostat flags: d), ratio DERIVED"
inactive_by_age_share,FR,FRI,Y65-74,2025,32.29,percent of the inactive aged 15+,"Eurostat lfst_r_lfsd2pwc (LFS, private households): INAC by age, differences of published age bands","VERIFIED (Eurostat flags: d), ratio DERIVED"
inactive_by_age_share,FR,FRI,Y_GE75,2025,32.08,percent of the inactive aged 15+,"Eurostat lfst_r_lfsd2pwc (LFS, private households): INAC by age, differences of published age bands","VERIFIED (Eurostat flags: d), ratio DERIVED"
inactive_by_age_share,FR,FRJ,Y15-24,2025,17.49,percent of the inactive aged 15+,"Eurostat lfst_r_lfsd2pwc (LFS, private households): INAC by age, differences of published age bands","VERIFIED (Eurostat flags: d), ratio DERIVED"
inactive_by_age_share,FR,FRJ,Y25-64,2025,22.55,percent of the inactive aged 15+,"Eurostat lfst_r_lfsd2pwc (LFS, private households): INAC by age, differences of published age bands","VERIFIED (Eurostat flags: d), ratio DERIVED"
inactive_by_age_share,FR,FRJ,Y65-74,2025,30.24,percent of the inactive aged 15+,"Eurostat lfst_r_lfsd2pwc (LFS, private households): INAC by age, differences of published age bands","VERIFIED (Eurostat flags: d), ratio DERIVED"
inactive_by_age_share,FR,FRJ,Y_GE75,2025,29.72,percent of the inactive aged 15+,"Eurostat lfst_r_lfsd2pwc (LFS, private households): INAC by age, differences of published age bands","VERIFIED (Eurostat flags: d), ratio DERIVED"
inactive_by_age_share,FR,FRK,Y15-24,2025,17.71,percent of the inactive aged 15+,"Eurostat lfst_r_lfsd2pwc (LFS, private households): INAC by age, differences of published age bands","VERIFIED (Eurostat flags: d), ratio DERIVED"
inactive_by_age_share,FR,FRK,Y25-64,2025,23.76,percent of the inactive aged 15+,"Eurostat lfst_r_lfsd2pwc (LFS, private households): INAC by age, differences of published age bands","VERIFIED (Eurostat flags: d), ratio DERIVED"
inactive_by_age_share,FR,FRK,Y65-74,2025,29.1,percent of the inactive aged 15+,"Eurostat lfst_r_lfsd2pwc (LFS, private households): INAC by age, differences of published age bands","VERIFIED (Eurostat flags: d), ratio DERIVED"
inactive_by_age_share,FR,FRK,Y_GE75,2025,29.43,percent of the inactive aged 15+,"Eurostat lfst_r_lfsd2pwc (LFS, private households): INAC by age, differences of published age bands","VERIFIED (Eurostat flags: d), ratio DERIVED"
inactive_by_age_share,FR,FRL,Y15-24,2025,17.19,percent of the inactive aged 15+,"Eurostat lfst_r_lfsd2pwc (LFS, private households): INAC by age, differences of published age bands","VERIFIED (Eurostat flags: d), ratio DERIVED"
inactive_by_age_share,FR,FRL,Y25-64,2025,23.42,percent of the inactive aged 15+,"Eurostat lfst_r_lfsd2pwc (LFS, private households): INAC by age, differences of published age bands","VERIFIED (Eurostat flags: d), ratio DERIVED"
inactive_by_age_share,FR,FRL,Y65-74,2025,28.19,percent of the inactive aged 15+,"Eurostat lfst_r_lfsd2pwc (LFS, private households): INAC by age, differences of published age bands","VERIFIED (Eurostat flags: d), ratio DERIVED"
inactive_by_age_share,FR,FRL,Y_GE75,2025,31.2,percent of the inactive aged 15+,"Eurostat lfst_r_lfsd2pwc (LFS, private households): INAC by age, differences of published age bands","VERIFIED (Eurostat flags: d), ratio DERIVED"
inactive_by_age_share,FR,FRM,Y15-24,2025,21.17,percent of the inactive aged 15+,"Eurostat lfst_r_lfsd2pwc (LFS, private households): INAC by age, differences of published age bands","VERIFIED (Eurostat flags: du), ratio DERIVED"
inactive_by_age_share,FR,FRM,Y25-64,2025,23.94,percent of the inactive aged 15+,"Eurostat lfst_r_lfsd2pwc (LFS, private households): INAC by age, differences of published age bands","VERIFIED (Eurostat flags: du), ratio DERIVED"
inactive_by_age_share,FR,FRM,Y65-74,2025,25.96,percent of the inactive aged 15+,"Eurostat lfst_r_lfsd2pwc (LFS, private households): INAC by age, differences of published age bands","VERIFIED (Eurostat flags: du), ratio DERIVED"
inactive_by_age_share,FR,FRM,Y_GE75,2025,28.93,percent of the inactive aged 15+,"Eurostat lfst_r_lfsd2pwc (LFS, private households): INAC by age, differences of published age bands","VERIFIED (Eurostat flags: du), ratio DERIVED"
inactive_by_age_share,FR,FRY,Y15-24,2025,23.87,percent of the inactive aged 15+,"Eurostat lfst_r_lfsd2pwc (LFS, private households): INAC by age, differences of published age bands","VERIFIED (Eurostat flags: d), ratio DERIVED"
inactive_by_age_share,FR,FRY,Y25-64,2025,37.55,percent of the inactive aged 15+,"Eurostat lfst_r_lfsd2pwc (LFS, private households): INAC by age, differences of published age bands","VERIFIED (Eurostat flags: d), ratio DERIVED"
inactive_by_age_share,FR,FRY,Y65-74,2025,21.05,percent of the inactive aged 15+,"Eurostat lfst_r_lfsd2pwc (LFS, private households): INAC by age, differences of published age bands","VERIFIED (Eurostat flags: d), ratio DERIVED"
inactive_by_age_share,FR,FRY,Y_GE75,2025,17.53,percent of the inactive aged 15+,"Eurostat lfst_r_lfsd2pwc (LFS, private households): INAC by age, differences of published age bands","VERIFIED (Eurostat flags: d), ratio DERIVED"
inactive_by_age_share,IT,IT,Y15-24,2015,16.49,percent of the inactive aged 15+,"Eurostat lfst_r_lfsd2pwc (LFS, private households): INAC by age, differences of published age bands","VERIFIED, ratio DERIVED"
inactive_by_age_share,IT,IT,Y25-64,2015,36.34,percent of the inactive aged 15+,"Eurostat lfst_r_lfsd2pwc (LFS, private households): INAC by age, differences of published age bands","VERIFIED, ratio DERIVED"
inactive_by_age_share,IT,IT,Y65-74,2015,22.78,percent of the inactive aged 15+,"Eurostat lfst_r_lfsd2pwc (LFS, private households): INAC by age, differences of published age bands","VERIFIED, ratio DERIVED"
inactive_by_age_share,IT,IT,Y_GE75,2015,24.39,percent of the inactive aged 15+,"Eurostat lfst_r_lfsd2pwc (LFS, private households): INAC by age, differences of published age bands","VERIFIED, ratio DERIVED"
inactive_by_age_share,IT,ITC1,Y15-24,2015,14.94,percent of the inactive aged 15+,"Eurostat lfst_r_lfsd2pwc (LFS, private households): INAC by age, differences of published age bands","VERIFIED, ratio DERIVED"
inactive_by_age_share,IT,ITC1,Y25-64,2015,29.07,percent of the inactive aged 15+,"Eurostat lfst_r_lfsd2pwc (LFS, private households): INAC by age, differences of published age bands","VERIFIED, ratio DERIVED"
inactive_by_age_share,IT,ITC1,Y65-74,2015,26.39,percent of the inactive aged 15+,"Eurostat lfst_r_lfsd2pwc (LFS, private households): INAC by age, differences of published age bands","VERIFIED, ratio DERIVED"
inactive_by_age_share,IT,ITC1,Y_GE75,2015,29.59,percent of the inactive aged 15+,"Eurostat lfst_r_lfsd2pwc (LFS, private households): INAC by age, differences of published age bands","VERIFIED, ratio DERIVED"
inactive_by_age_share,IT,ITC2,Y15-24,2015,15.65,percent of the inactive aged 15+,"Eurostat lfst_r_lfsd2pwc (LFS, private households): INAC by age, differences of published age bands","VERIFIED, ratio DERIVED"
inactive_by_age_share,IT,ITC2,Y25-64,2015,29.27,percent of the inactive aged 15+,"Eurostat lfst_r_lfsd2pwc (LFS, private households): INAC by age, differences of published age bands","VERIFIED, ratio DERIVED"
inactive_by_age_share,IT,ITC2,Y65-74,2015,26.63,percent of the inactive aged 15+,"Eurostat lfst_r_lfsd2pwc (LFS, private households): INAC by age, differences of published age bands","VERIFIED, ratio DERIVED"
inactive_by_age_share,IT,ITC2,Y_GE75,2015,28.46,percent of the inactive aged 15+,"Eurostat lfst_r_lfsd2pwc (LFS, private households): INAC by age, differences of published age bands","VERIFIED, ratio DERIVED"
inactive_by_age_share,IT,ITC3,Y15-24,2015,14.01,percent of the inactive aged 15+,"Eurostat lfst_r_lfsd2pwc (LFS, private households): INAC by age, differences of published age bands","VERIFIED, ratio DERIVED"
inactive_by_age_share,IT,ITC3,Y25-64,2015,27.55,percent of the inactive aged 15+,"Eurostat lfst_r_lfsd2pwc (LFS, private households): INAC by age, differences of published age bands","VERIFIED, ratio DERIVED"
inactive_by_age_share,IT,ITC3,Y65-74,2015,26.08,percent of the inactive aged 15+,"Eurostat lfst_r_lfsd2pwc (LFS, private households): INAC by age, differences of published age bands","VERIFIED, ratio DERIVED"
inactive_by_age_share,IT,ITC3,Y_GE75,2015,32.36,percent of the inactive aged 15+,"Eurostat lfst_r_lfsd2pwc (LFS, private households): INAC by age, differences of published age bands","VERIFIED, ratio DERIVED"
inactive_by_age_share,IT,ITC4,Y15-24,2015,16.64,percent of the inactive aged 15+,"Eurostat lfst_r_lfsd2pwc (LFS, private households): INAC by age, differences of published age bands","VERIFIED, ratio DERIVED"
inactive_by_age_share,IT,ITC4,Y25-64,2015,31.19,percent of the inactive aged 15+,"Eurostat lfst_r_lfsd2pwc (LFS, private households): INAC by age, differences of published age bands","VERIFIED, ratio DERIVED"
inactive_by_age_share,IT,ITC4,Y65-74,2015,25.55,percent of the inactive aged 15+,"Eurostat lfst_r_lfsd2pwc (LFS, private households): INAC by age, differences of published age bands","VERIFIED, ratio DERIVED"
inactive_by_age_share,IT,ITC4,Y_GE75,2015,26.62,percent of the inactive aged 15+,"Eurostat lfst_r_lfsd2pwc (LFS, private households): INAC by age, differences of published age bands","VERIFIED, ratio DERIVED"
inactive_by_age_share,IT,ITF1,Y15-24,2015,15.76,percent of the inactive aged 15+,"Eurostat lfst_r_lfsd2pwc (LFS, private households): INAC by age, differences of published age bands","VERIFIED, ratio DERIVED"
inactive_by_age_share,IT,ITF1,Y25-64,2015,37.0,percent of the inactive aged 15+,"Eurostat lfst_r_lfsd2pwc (LFS, private households): INAC by age, differences of published age bands","VERIFIED, ratio DERIVED"
inactive_by_age_share,IT,ITF1,Y65-74,2015,21.46,percent of the inactive aged 15+,"Eurostat lfst_r_lfsd2pwc (LFS, private households): INAC by age, differences of published age bands","VERIFIED, ratio DERIVED"
inactive_by_age_share,IT,ITF1,Y_GE75,2015,25.79,percent of the inactive aged 15+,"Eurostat lfst_r_lfsd2pwc (LFS, private households): INAC by age, differences of published age bands","VERIFIED, ratio DERIVED"
inactive_by_age_share,IT,ITF2,Y15-24,2015,16.2,percent of the inactive aged 15+,"Eurostat lfst_r_lfsd2pwc (LFS, private households): INAC by age, differences of published age bands","VERIFIED, ratio DERIVED"
inactive_by_age_share,IT,ITF2,Y25-64,2015,38.62,percent of the inactive aged 15+,"Eurostat lfst_r_lfsd2pwc (LFS, private households): INAC by age, differences of published age bands","VERIFIED, ratio DERIVED"
inactive_by_age_share,IT,ITF2,Y65-74,2015,19.99,percent of the inactive aged 15+,"Eurostat lfst_r_lfsd2pwc (LFS, private households): INAC by age, differences of published age bands","VERIFIED, ratio DERIVED"
inactive_by_age_share,IT,ITF2,Y_GE75,2015,25.19,percent of the inactive aged 15+,"Eurostat lfst_r_lfsd2pwc (LFS, private households): INAC by age, differences of published age bands","VERIFIED, ratio DERIVED"
inactive_by_age_share,IT,ITF3,Y15-24,2015,18.77,percent of the inactive aged 15+,"Eurostat lfst_r_lfsd2pwc (LFS, private households): INAC by age, differences of published age bands","VERIFIED, ratio DERIVED"
inactive_by_age_share,IT,ITF3,Y25-64,2015,47.67,percent of the inactive aged 15+,"Eurostat lfst_r_lfsd2pwc (LFS, private households): INAC by age, differences of published age bands","VERIFIED, ratio DERIVED"
inactive_by_age_share,IT,ITF3,Y65-74,2015,17.44,percent of the inactive aged 15+,"Eurostat lfst_r_lfsd2pwc (LFS, private households): INAC by age, differences of published age bands","VERIFIED, ratio DERIVED"
inactive_by_age_share,IT,ITF3,Y_GE75,2015,16.11,percent of the inactive aged 15+,"Eurostat lfst_r_lfsd2pwc (LFS, private households): INAC by age, differences of published age bands","VERIFIED, ratio DERIVED"
inactive_by_age_share,IT,ITF4,Y15-24,2015,16.63,percent of the inactive aged 15+,"Eurostat lfst_r_lfsd2pwc (LFS, private households): INAC by age, differences of published age bands","VERIFIED, ratio DERIVED"
inactive_by_age_share,IT,ITF4,Y25-64,2015,43.4,percent of the inactive aged 15+,"Eurostat lfst_r_lfsd2pwc (LFS, private households): INAC by age, differences of published age bands","VERIFIED, ratio DERIVED"
inactive_by_age_share,IT,ITF4,Y65-74,2015,20.19,percent of the inactive aged 15+,"Eurostat lfst_r_lfsd2pwc (LFS, private households): INAC by age, differences of published age bands","VERIFIED, ratio DERIVED"
inactive_by_age_share,IT,ITF4,Y_GE75,2015,19.78,percent of the inactive aged 15+,"Eurostat lfst_r_lfsd2pwc (LFS, private households): INAC by age, differences of published age bands","VERIFIED, ratio DERIVED"
inactive_by_age_share,IT,ITF5,Y15-24,2015,16.82,percent of the inactive aged 15+,"Eurostat lfst_r_lfsd2pwc (LFS, private households): INAC by age, differences of published age bands","VERIFIED, ratio DERIVED"
inactive_by_age_share,IT,ITF5,Y25-64,2015,40.51,percent of the inactive aged 15+,"Eurostat lfst_r_lfsd2pwc (LFS, private households): INAC by age, differences of published age bands","VERIFIED, ratio DERIVED"
inactive_by_age_share,IT,ITF5,Y65-74,2015,19.02,percent of the inactive aged 15+,"Eurostat lfst_r_lfsd2pwc (LFS, private households): INAC by age, differences of published age bands","VERIFIED, ratio DERIVED"
inactive_by_age_share,IT,ITF5,Y_GE75,2015,23.65,percent of the inactive aged 15+,"Eurostat lfst_r_lfsd2pwc (LFS, private households): INAC by age, differences of published age bands","VERIFIED, ratio DERIVED"
inactive_by_age_share,IT,ITF6,Y15-24,2015,16.74,percent of the inactive aged 15+,"Eurostat lfst_r_lfsd2pwc (LFS, private households): INAC by age, differences of published age bands","VERIFIED, ratio DERIVED"
inactive_by_age_share,IT,ITF6,Y25-64,2015,45.57,percent of the inactive aged 15+,"Eurostat lfst_r_lfsd2pwc (LFS, private households): INAC by age, differences of published age bands","VERIFIED, ratio DERIVED"
inactive_by_age_share,IT,ITF6,Y65-74,2015,18.01,percent of the inactive aged 15+,"Eurostat lfst_r_lfsd2pwc (LFS, private households): INAC by age, differences of published age bands","VERIFIED, ratio DERIVED"
inactive_by_age_share,IT,ITF6,Y_GE75,2015,19.67,percent of the inactive aged 15+,"Eurostat lfst_r_lfsd2pwc (LFS, private households): INAC by age, differences of published age bands","VERIFIED, ratio DERIVED"
inactive_by_age_share,IT,ITG1,Y15-24,2015,16.88,percent of the inactive aged 15+,"Eurostat lfst_r_lfsd2pwc (LFS, private households): INAC by age, differences of published age bands","VERIFIED, ratio DERIVED"
inactive_by_age_share,IT,ITG1,Y25-64,2015,45.5,percent of the inactive aged 15+,"Eurostat lfst_r_lfsd2pwc (LFS, private households): INAC by age, differences of published age bands","VERIFIED, ratio DERIVED"
inactive_by_age_share,IT,ITG1,Y65-74,2015,18.68,percent of the inactive aged 15+,"Eurostat lfst_r_lfsd2pwc (LFS, private households): INAC by age, differences of published age bands","VERIFIED, ratio DERIVED"
inactive_by_age_share,IT,ITG1,Y_GE75,2015,18.94,percent of the inactive aged 15+,"Eurostat lfst_r_lfsd2pwc (LFS, private households): INAC by age, differences of published age bands","VERIFIED, ratio DERIVED"
inactive_by_age_share,IT,ITG2,Y15-24,2015,14.31,percent of the inactive aged 15+,"Eurostat lfst_r_lfsd2pwc (LFS, private households): INAC by age, differences of published age bands","VERIFIED, ratio DERIVED"
inactive_by_age_share,IT,ITG2,Y25-64,2015,41.4,percent of the inactive aged 15+,"Eurostat lfst_r_lfsd2pwc (LFS, private households): INAC by age, differences of published age bands","VERIFIED, ratio DERIVED"
inactive_by_age_share,IT,ITG2,Y65-74,2015,22.54,percent of the inactive aged 15+,"Eurostat lfst_r_lfsd2pwc (LFS, private households): INAC by age, differences of published age bands","VERIFIED, ratio DERIVED"
inactive_by_age_share,IT,ITG2,Y_GE75,2015,21.76,percent of the inactive aged 15+,"Eurostat lfst_r_lfsd2pwc (LFS, private households): INAC by age, differences of published age bands","VERIFIED, ratio DERIVED"
inactive_by_age_share,IT,ITH1,Y15-24,2015,21.4,percent of the inactive aged 15+,"Eurostat lfst_r_lfsd2pwc (LFS, private households): INAC by age, differences of published age bands","VERIFIED, ratio DERIVED"
inactive_by_age_share,IT,ITH1,Y25-64,2015,27.66,percent of the inactive aged 15+,"Eurostat lfst_r_lfsd2pwc (LFS, private households): INAC by age, differences of published age bands","VERIFIED, ratio DERIVED"
inactive_by_age_share,IT,ITH1,Y65-74,2015,25.27,percent of the inactive aged 15+,"Eurostat lfst_r_lfsd2pwc (LFS, private households): INAC by age, differences of published age bands","VERIFIED, ratio DERIVED"
inactive_by_age_share,IT,ITH1,Y_GE75,2015,25.67,percent of the inactive aged 15+,"Eurostat lfst_r_lfsd2pwc (LFS, private households): INAC by age, differences of published age bands","VERIFIED, ratio DERIVED"
inactive_by_age_share,IT,ITH2,Y15-24,2015,19.45,percent of the inactive aged 15+,"Eurostat lfst_r_lfsd2pwc (LFS, private households): INAC by age, differences of published age bands","VERIFIED, ratio DERIVED"
inactive_by_age_share,IT,ITH2,Y25-64,2015,29.98,percent of the inactive aged 15+,"Eurostat lfst_r_lfsd2pwc (LFS, private households): INAC by age, differences of published age bands","VERIFIED, ratio DERIVED"
inactive_by_age_share,IT,ITH2,Y65-74,2015,25.06,percent of the inactive aged 15+,"Eurostat lfst_r_lfsd2pwc (LFS, private households): INAC by age, differences of published age bands","VERIFIED, ratio DERIVED"
inactive_by_age_share,IT,ITH2,Y_GE75,2015,25.51,percent of the inactive aged 15+,"Eurostat lfst_r_lfsd2pwc (LFS, private households): INAC by age, differences of published age bands","VERIFIED, ratio DERIVED"
inactive_by_age_share,IT,ITH3,Y15-24,2015,16.77,percent of the inactive aged 15+,"Eurostat lfst_r_lfsd2pwc (LFS, private households): INAC by age, differences of published age bands","VERIFIED, ratio DERIVED"
inactive_by_age_share,IT,ITH3,Y25-64,2015,33.11,percent of the inactive aged 15+,"Eurostat lfst_r_lfsd2pwc (LFS, private households): INAC by age, differences of published age bands","VERIFIED, ratio DERIVED"
inactive_by_age_share,IT,ITH3,Y65-74,2015,24.77,percent of the inactive aged 15+,"Eurostat lfst_r_lfsd2pwc (LFS, private households): INAC by age, differences of published age bands","VERIFIED, ratio DERIVED"
inactive_by_age_share,IT,ITH3,Y_GE75,2015,25.35,percent of the inactive aged 15+,"Eurostat lfst_r_lfsd2pwc (LFS, private households): INAC by age, differences of published age bands","VERIFIED, ratio DERIVED"
inactive_by_age_share,IT,ITH4,Y15-24,2015,14.37,percent of the inactive aged 15+,"Eurostat lfst_r_lfsd2pwc (LFS, private households): INAC by age, differences of published age bands","VERIFIED, ratio DERIVED"
inactive_by_age_share,IT,ITH4,Y25-64,2015,30.3,percent of the inactive aged 15+,"Eurostat lfst_r_lfsd2pwc (LFS, private households): INAC by age, differences of published age bands","VERIFIED, ratio DERIVED"
inactive_by_age_share,IT,ITH4,Y65-74,2015,27.28,percent of the inactive aged 15+,"Eurostat lfst_r_lfsd2pwc (LFS, private households): INAC by age, differences of published age bands","VERIFIED, ratio DERIVED"
inactive_by_age_share,IT,ITH4,Y_GE75,2015,28.05,percent of the inactive aged 15+,"Eurostat lfst_r_lfsd2pwc (LFS, private households): INAC by age, differences of published age bands","VERIFIED, ratio DERIVED"
inactive_by_age_share,IT,ITH5,Y15-24,2015,15.35,percent of the inactive aged 15+,"Eurostat lfst_r_lfsd2pwc (LFS, private households): INAC by age, differences of published age bands","VERIFIED, ratio DERIVED"
inactive_by_age_share,IT,ITH5,Y25-64,2015,28.87,percent of the inactive aged 15+,"Eurostat lfst_r_lfsd2pwc (LFS, private households): INAC by age, differences of published age bands","VERIFIED, ratio DERIVED"
inactive_by_age_share,IT,ITH5,Y65-74,2015,25.33,percent of the inactive aged 15+,"Eurostat lfst_r_lfsd2pwc (LFS, private households): INAC by age, differences of published age bands","VERIFIED, ratio DERIVED"
inactive_by_age_share,IT,ITH5,Y_GE75,2015,30.45,percent of the inactive aged 15+,"Eurostat lfst_r_lfsd2pwc (LFS, private households): INAC by age, differences of published age bands","VERIFIED, ratio DERIVED"
inactive_by_age_share,IT,ITI1,Y15-24,2015,14.85,percent of the inactive aged 15+,"Eurostat lfst_r_lfsd2pwc (LFS, private households): INAC by age, differences of published age bands","VERIFIED, ratio DERIVED"
inactive_by_age_share,IT,ITI1,Y25-64,2015,28.36,percent of the inactive aged 15+,"Eurostat lfst_r_lfsd2pwc (LFS, private households): INAC by age, differences of published age bands","VERIFIED, ratio DERIVED"
inactive_by_age_share,IT,ITI1,Y65-74,2015,26.25,percent of the inactive aged 15+,"Eurostat lfst_r_lfsd2pwc (LFS, private households): INAC by age, differences of published age bands","VERIFIED, ratio DERIVED"
inactive_by_age_share,IT,ITI1,Y_GE75,2015,30.53,percent of the inactive aged 15+,"Eurostat lfst_r_lfsd2pwc (LFS, private households): INAC by age, differences of published age bands","VERIFIED, ratio DERIVED"
inactive_by_age_share,IT,ITI2,Y15-24,2015,15.1,percent of the inactive aged 15+,"Eurostat lfst_r_lfsd2pwc (LFS, private households): INAC by age, differences of published age bands","VERIFIED, ratio DERIVED"
inactive_by_age_share,IT,ITI2,Y25-64,2015,28.88,percent of the inactive aged 15+,"Eurostat lfst_r_lfsd2pwc (LFS, private households): INAC by age, differences of published age bands","VERIFIED, ratio DERIVED"
inactive_by_age_share,IT,ITI2,Y65-74,2015,25.25,percent of the inactive aged 15+,"Eurostat lfst_r_lfsd2pwc (LFS, private households): INAC by age, differences of published age bands","VERIFIED, ratio DERIVED"
inactive_by_age_share,IT,ITI2,Y_GE75,2015,30.77,percent of the inactive aged 15+,"Eurostat lfst_r_lfsd2pwc (LFS, private households): INAC by age, differences of published age bands","VERIFIED, ratio DERIVED"
inactive_by_age_share,IT,ITI3,Y15-24,2015,16.04,percent of the inactive aged 15+,"Eurostat lfst_r_lfsd2pwc (LFS, private households): INAC by age, differences of published age bands","VERIFIED, ratio DERIVED"
inactive_by_age_share,IT,ITI3,Y25-64,2015,30.56,percent of the inactive aged 15+,"Eurostat lfst_r_lfsd2pwc (LFS, private households): INAC by age, differences of published age bands","VERIFIED, ratio DERIVED"
inactive_by_age_share,IT,ITI3,Y65-74,2015,23.47,percent of the inactive aged 15+,"Eurostat lfst_r_lfsd2pwc (LFS, private households): INAC by age, differences of published age bands","VERIFIED, ratio DERIVED"
inactive_by_age_share,IT,ITI3,Y_GE75,2015,29.92,percent of the inactive aged 15+,"Eurostat lfst_r_lfsd2pwc (LFS, private households): INAC by age, differences of published age bands","VERIFIED, ratio DERIVED"
inactive_by_age_share,IT,ITI4,Y15-24,2015,17.37,percent of the inactive aged 15+,"Eurostat lfst_r_lfsd2pwc (LFS, private households): INAC by age, differences of published age bands","VERIFIED, ratio DERIVED"
inactive_by_age_share,IT,ITI4,Y25-64,2015,34.9,percent of the inactive aged 15+,"Eurostat lfst_r_lfsd2pwc (LFS, private households): INAC by age, differences of published age bands","VERIFIED, ratio DERIVED"
inactive_by_age_share,IT,ITI4,Y65-74,2015,23.25,percent of the inactive aged 15+,"Eurostat lfst_r_lfsd2pwc (LFS, private households): INAC by age, differences of published age bands","VERIFIED, ratio DERIVED"
inactive_by_age_share,IT,ITI4,Y_GE75,2015,24.48,percent of the inactive aged 15+,"Eurostat lfst_r_lfsd2pwc (LFS, private households): INAC by age, differences of published age bands","VERIFIED, ratio DERIVED"
inactive_by_age_share,IT,IT,Y15-24,2025,17.57,percent of the inactive aged 15+,"Eurostat lfst_r_lfsd2pwc (LFS, private households): INAC by age, differences of published age bands","VERIFIED, ratio DERIVED"
inactive_by_age_share,IT,IT,Y25-64,2025,30.42,percent of the inactive aged 15+,"Eurostat lfst_r_lfsd2pwc (LFS, private households): INAC by age, differences of published age bands","VERIFIED, ratio DERIVED"
inactive_by_age_share,IT,IT,Y65-74,2025,23.7,percent of the inactive aged 15+,"Eurostat lfst_r_lfsd2pwc (LFS, private households): INAC by age, differences of published age bands","VERIFIED, ratio DERIVED"
inactive_by_age_share,IT,IT,Y_GE75,2025,28.32,percent of the inactive aged 15+,"Eurostat lfst_r_lfsd2pwc (LFS, private households): INAC by age, differences of published age bands","VERIFIED, ratio DERIVED"
inactive_by_age_share,IT,ITC1,Y15-24,2025,17.06,percent of the inactive aged 15+,"Eurostat lfst_r_lfsd2pwc (LFS, private households): INAC by age, differences of published age bands","VERIFIED, ratio DERIVED"
inactive_by_age_share,IT,ITC1,Y25-64,2025,22.59,percent of the inactive aged 15+,"Eurostat lfst_r_lfsd2pwc (LFS, private households): INAC by age, differences of published age bands","VERIFIED, ratio DERIVED"
inactive_by_age_share,IT,ITC1,Y65-74,2025,26.83,percent of the inactive aged 15+,"Eurostat lfst_r_lfsd2pwc (LFS, private households): INAC by age, differences of published age bands","VERIFIED, ratio DERIVED"
inactive_by_age_share,IT,ITC1,Y_GE75,2025,33.51,percent of the inactive aged 15+,"Eurostat lfst_r_lfsd2pwc (LFS, private households): INAC by age, differences of published age bands","VERIFIED, ratio DERIVED"
inactive_by_age_share,IT,ITC2,Y15-24,2025,18.22,percent of the inactive aged 15+,"Eurostat lfst_r_lfsd2pwc (LFS, private households): INAC by age, differences of published age bands","VERIFIED, ratio DERIVED"
inactive_by_age_share,IT,ITC2,Y25-64,2025,21.74,percent of the inactive aged 15+,"Eurostat lfst_r_lfsd2pwc (LFS, private households): INAC by age, differences of published age bands","VERIFIED, ratio DERIVED"
inactive_by_age_share,IT,ITC2,Y65-74,2025,27.33,percent of the inactive aged 15+,"Eurostat lfst_r_lfsd2pwc (LFS, private households): INAC by age, differences of published age bands","VERIFIED, ratio DERIVED"
inactive_by_age_share,IT,ITC2,Y_GE75,2025,32.71,percent of the inactive aged 15+,"Eurostat lfst_r_lfsd2pwc (LFS, private households): INAC by age, differences of published age bands","VERIFIED, ratio DERIVED"
inactive_by_age_share,IT,ITC3,Y15-24,2025,14.96,percent of the inactive aged 15+,"Eurostat lfst_r_lfsd2pwc (LFS, private households): INAC by age, differences of published age bands","VERIFIED, ratio DERIVED"
inactive_by_age_share,IT,ITC3,Y25-64,2025,23.49,percent of the inactive aged 15+,"Eurostat lfst_r_lfsd2pwc (LFS, private households): INAC by age, differences of published age bands","VERIFIED, ratio DERIVED"
inactive_by_age_share,IT,ITC3,Y65-74,2025,25.38,percent of the inactive aged 15+,"Eurostat lfst_r_lfsd2pwc (LFS, private households): INAC by age, differences of published age bands","VERIFIED, ratio DERIVED"
inactive_by_age_share,IT,ITC3,Y_GE75,2025,36.17,percent of the inactive aged 15+,"Eurostat lfst_r_lfsd2pwc (LFS, private households): INAC by age, differences of published age bands","VERIFIED, ratio DERIVED"
inactive_by_age_share,IT,ITC4,Y15-24,2025,18.49,percent of the inactive aged 15+,"Eurostat lfst_r_lfsd2pwc (LFS, private households): INAC by age, differences of published age bands","VERIFIED, ratio DERIVED"
inactive_by_age_share,IT,ITC4,Y25-64,2025,26.48,percent of the inactive aged 15+,"Eurostat lfst_r_lfsd2pwc (LFS, private households): INAC by age, differences of published age bands","VERIFIED, ratio DERIVED"
inactive_by_age_share,IT,ITC4,Y65-74,2025,24.86,percent of the inactive aged 15+,"Eurostat lfst_r_lfsd2pwc (LFS, private households): INAC by age, differences of published age bands","VERIFIED, ratio DERIVED"
inactive_by_age_share,IT,ITC4,Y_GE75,2025,30.18,percent of the inactive aged 15+,"Eurostat lfst_r_lfsd2pwc (LFS, private households): INAC by age, differences of published age bands","VERIFIED, ratio DERIVED"
inactive_by_age_share,IT,ITF1,Y15-24,2025,16.19,percent of the inactive aged 15+,"Eurostat lfst_r_lfsd2pwc (LFS, private households): INAC by age, differences of published age bands","VERIFIED, ratio DERIVED"
inactive_by_age_share,IT,ITF1,Y25-64,2025,29.75,percent of the inactive aged 15+,"Eurostat lfst_r_lfsd2pwc (LFS, private households): INAC by age, differences of published age bands","VERIFIED, ratio DERIVED"
inactive_by_age_share,IT,ITF1,Y65-74,2025,25.03,percent of the inactive aged 15+,"Eurostat lfst_r_lfsd2pwc (LFS, private households): INAC by age, differences of published age bands","VERIFIED, ratio DERIVED"
inactive_by_age_share,IT,ITF1,Y_GE75,2025,29.03,percent of the inactive aged 15+,"Eurostat lfst_r_lfsd2pwc (LFS, private households): INAC by age, differences of published age bands","VERIFIED, ratio DERIVED"
inactive_by_age_share,IT,ITF2,Y15-24,2025,15.54,percent of the inactive aged 15+,"Eurostat lfst_r_lfsd2pwc (LFS, private households): INAC by age, differences of published age bands","VERIFIED, ratio DERIVED"
inactive_by_age_share,IT,ITF2,Y25-64,2025,32.7,percent of the inactive aged 15+,"Eurostat lfst_r_lfsd2pwc (LFS, private households): INAC by age, differences of published age bands","VERIFIED, ratio DERIVED"
inactive_by_age_share,IT,ITF2,Y65-74,2025,24.29,percent of the inactive aged 15+,"Eurostat lfst_r_lfsd2pwc (LFS, private households): INAC by age, differences of published age bands","VERIFIED, ratio DERIVED"
inactive_by_age_share,IT,ITF2,Y_GE75,2025,27.47,percent of the inactive aged 15+,"Eurostat lfst_r_lfsd2pwc (LFS, private households): INAC by age, differences of published age bands","VERIFIED, ratio DERIVED"
inactive_by_age_share,IT,ITF3,Y15-24,2025,18.67,percent of the inactive aged 15+,"Eurostat lfst_r_lfsd2pwc (LFS, private households): INAC by age, differences of published age bands","VERIFIED, ratio DERIVED"
inactive_by_age_share,IT,ITF3,Y25-64,2025,41.37,percent of the inactive aged 15+,"Eurostat lfst_r_lfsd2pwc (LFS, private households): INAC by age, differences of published age bands","VERIFIED, ratio DERIVED"
inactive_by_age_share,IT,ITF3,Y65-74,2025,20.03,percent of the inactive aged 15+,"Eurostat lfst_r_lfsd2pwc (LFS, private households): INAC by age, differences of published age bands","VERIFIED, ratio DERIVED"
inactive_by_age_share,IT,ITF3,Y_GE75,2025,19.94,percent of the inactive aged 15+,"Eurostat lfst_r_lfsd2pwc (LFS, private households): INAC by age, differences of published age bands","VERIFIED, ratio DERIVED"
inactive_by_age_share,IT,ITF4,Y15-24,2025,16.12,percent of the inactive aged 15+,"Eurostat lfst_r_lfsd2pwc (LFS, private households): INAC by age, differences of published age bands","VERIFIED, ratio DERIVED"
inactive_by_age_share,IT,ITF4,Y25-64,2025,38.03,percent of the inactive aged 15+,"Eurostat lfst_r_lfsd2pwc (LFS, private households): INAC by age, differences of published age bands","VERIFIED, ratio DERIVED"
inactive_by_age_share,IT,ITF4,Y65-74,2025,21.63,percent of the inactive aged 15+,"Eurostat lfst_r_lfsd2pwc (LFS, private households): INAC by age, differences of published age bands","VERIFIED, ratio DERIVED"
inactive_by_age_share,IT,ITF4,Y_GE75,2025,24.22,percent of the inactive aged 15+,"Eurostat lfst_r_lfsd2pwc (LFS, private households): INAC by age, differences of published age bands","VERIFIED, ratio DERIVED"
inactive_by_age_share,IT,ITF5,Y15-24,2025,16.71,percent of the inactive aged 15+,"Eurostat lfst_r_lfsd2pwc (LFS, private households): INAC by age, differences of published age bands","VERIFIED, ratio DERIVED"
inactive_by_age_share,IT,ITF5,Y25-64,2025,33.92,percent of the inactive aged 15+,"Eurostat lfst_r_lfsd2pwc (LFS, private households): INAC by age, differences of published age bands","VERIFIED, ratio DERIVED"
inactive_by_age_share,IT,ITF5,Y65-74,2025,23.64,percent of the inactive aged 15+,"Eurostat lfst_r_lfsd2pwc (LFS, private households): INAC by age, differences of published age bands","VERIFIED, ratio DERIVED"
inactive_by_age_share,IT,ITF5,Y_GE75,2025,25.72,percent of the inactive aged 15+,"Eurostat lfst_r_lfsd2pwc (LFS, private households): INAC by age, differences of published age bands","VERIFIED, ratio DERIVED"
inactive_by_age_share,IT,ITF6,Y15-24,2025,16.47,percent of the inactive aged 15+,"Eurostat lfst_r_lfsd2pwc (LFS, private households): INAC by age, differences of published age bands","VERIFIED, ratio DERIVED"
inactive_by_age_share,IT,ITF6,Y25-64,2025,40.79,percent of the inactive aged 15+,"Eurostat lfst_r_lfsd2pwc (LFS, private households): INAC by age, differences of published age bands","VERIFIED, ratio DERIVED"
inactive_by_age_share,IT,ITF6,Y65-74,2025,20.8,percent of the inactive aged 15+,"Eurostat lfst_r_lfsd2pwc (LFS, private households): INAC by age, differences of published age bands","VERIFIED, ratio DERIVED"
inactive_by_age_share,IT,ITF6,Y_GE75,2025,21.95,percent of the inactive aged 15+,"Eurostat lfst_r_lfsd2pwc (LFS, private households): INAC by age, differences of published age bands","VERIFIED, ratio DERIVED"
inactive_by_age_share,IT,ITG1,Y15-24,2025,16.73,percent of the inactive aged 15+,"Eurostat lfst_r_lfsd2pwc (LFS, private households): INAC by age, differences of published age bands","VERIFIED, ratio DERIVED"
inactive_by_age_share,IT,ITG1,Y25-64,2025,40.07,percent of the inactive aged 15+,"Eurostat lfst_r_lfsd2pwc (LFS, private households): INAC by age, differences of published age bands","VERIFIED, ratio DERIVED"
inactive_by_age_share,IT,ITG1,Y65-74,2025,21.06,percent of the inactive aged 15+,"Eurostat lfst_r_lfsd2pwc (LFS, private households): INAC by age, differences of published age bands","VERIFIED, ratio DERIVED"
inactive_by_age_share,IT,ITG1,Y_GE75,2025,22.14,percent of the inactive aged 15+,"Eurostat lfst_r_lfsd2pwc (LFS, private households): INAC by age, differences of published age bands","VERIFIED, ratio DERIVED"
inactive_by_age_share,IT,ITG2,Y15-24,2025,14.59,percent of the inactive aged 15+,"Eurostat lfst_r_lfsd2pwc (LFS, private households): INAC by age, differences of published age bands","VERIFIED, ratio DERIVED"
inactive_by_age_share,IT,ITG2,Y25-64,2025,32.34,percent of the inactive aged 15+,"Eurostat lfst_r_lfsd2pwc (LFS, private households): INAC by age, differences of published age bands","VERIFIED, ratio DERIVED"
inactive_by_age_share,IT,ITG2,Y65-74,2025,25.14,percent of the inactive aged 15+,"Eurostat lfst_r_lfsd2pwc (LFS, private households): INAC by age, differences of published age bands","VERIFIED, ratio DERIVED"
inactive_by_age_share,IT,ITG2,Y_GE75,2025,27.93,percent of the inactive aged 15+,"Eurostat lfst_r_lfsd2pwc (LFS, private households): INAC by age, differences of published age bands","VERIFIED, ratio DERIVED"
inactive_by_age_share,IT,ITH1,Y15-24,2025,21.75,percent of the inactive aged 15+,"Eurostat lfst_r_lfsd2pwc (LFS, private households): INAC by age, differences of published age bands","VERIFIED, ratio DERIVED"
inactive_by_age_share,IT,ITH1,Y25-64,2025,23.85,percent of the inactive aged 15+,"Eurostat lfst_r_lfsd2pwc (LFS, private households): INAC by age, differences of published age bands","VERIFIED, ratio DERIVED"
inactive_by_age_share,IT,ITH1,Y65-74,2025,24.6,percent of the inactive aged 15+,"Eurostat lfst_r_lfsd2pwc (LFS, private households): INAC by age, differences of published age bands","VERIFIED, ratio DERIVED"
inactive_by_age_share,IT,ITH1,Y_GE75,2025,29.81,percent of the inactive aged 15+,"Eurostat lfst_r_lfsd2pwc (LFS, private households): INAC by age, differences of published age bands","VERIFIED, ratio DERIVED"
inactive_by_age_share,IT,ITH2,Y15-24,2025,19.34,percent of the inactive aged 15+,"Eurostat lfst_r_lfsd2pwc (LFS, private households): INAC by age, differences of published age bands","VERIFIED, ratio DERIVED"
inactive_by_age_share,IT,ITH2,Y25-64,2025,23.98,percent of the inactive aged 15+,"Eurostat lfst_r_lfsd2pwc (LFS, private households): INAC by age, differences of published age bands","VERIFIED, ratio DERIVED"
inactive_by_age_share,IT,ITH2,Y65-74,2025,26.76,percent of the inactive aged 15+,"Eurostat lfst_r_lfsd2pwc (LFS, private households): INAC by age, differences of published age bands","VERIFIED, ratio DERIVED"
inactive_by_age_share,IT,ITH2,Y_GE75,2025,29.92,percent of the inactive aged 15+,"Eurostat lfst_r_lfsd2pwc (LFS, private households): INAC by age, differences of published age bands","VERIFIED, ratio DERIVED"
inactive_by_age_share,IT,ITH3,Y15-24,2025,18.03,percent of the inactive aged 15+,"Eurostat lfst_r_lfsd2pwc (LFS, private households): INAC by age, differences of published age bands","VERIFIED, ratio DERIVED"
inactive_by_age_share,IT,ITH3,Y25-64,2025,26.1,percent of the inactive aged 15+,"Eurostat lfst_r_lfsd2pwc (LFS, private households): INAC by age, differences of published age bands","VERIFIED, ratio DERIVED"
inactive_by_age_share,IT,ITH3,Y65-74,2025,25.11,percent of the inactive aged 15+,"Eurostat lfst_r_lfsd2pwc (LFS, private households): INAC by age, differences of published age bands","VERIFIED, ratio DERIVED"
inactive_by_age_share,IT,ITH3,Y_GE75,2025,30.76,percent of the inactive aged 15+,"Eurostat lfst_r_lfsd2pwc (LFS, private households): INAC by age, differences of published age bands","VERIFIED, ratio DERIVED"
inactive_by_age_share,IT,ITH4,Y15-24,2025,16.45,percent of the inactive aged 15+,"Eurostat lfst_r_lfsd2pwc (LFS, private households): INAC by age, differences of published age bands","VERIFIED, ratio DERIVED"
inactive_by_age_share,IT,ITH4,Y25-64,2025,23.36,percent of the inactive aged 15+,"Eurostat lfst_r_lfsd2pwc (LFS, private households): INAC by age, differences of published age bands","VERIFIED, ratio DERIVED"
inactive_by_age_share,IT,ITH4,Y65-74,2025,25.78,percent of the inactive aged 15+,"Eurostat lfst_r_lfsd2pwc (LFS, private households): INAC by age, differences of published age bands","VERIFIED, ratio DERIVED"
inactive_by_age_share,IT,ITH4,Y_GE75,2025,34.41,percent of the inactive aged 15+,"Eurostat lfst_r_lfsd2pwc (LFS, private households): INAC by age, differences of published age bands","VERIFIED, ratio DERIVED"
inactive_by_age_share,IT,ITH5,Y15-24,2025,18.34,percent of the inactive aged 15+,"Eurostat lfst_r_lfsd2pwc (LFS, private households): INAC by age, differences of published age bands","VERIFIED, ratio DERIVED"
inactive_by_age_share,IT,ITH5,Y25-64,2025,22.93,percent of the inactive aged 15+,"Eurostat lfst_r_lfsd2pwc (LFS, private households): INAC by age, differences of published age bands","VERIFIED, ratio DERIVED"
inactive_by_age_share,IT,ITH5,Y65-74,2025,25.39,percent of the inactive aged 15+,"Eurostat lfst_r_lfsd2pwc (LFS, private households): INAC by age, differences of published age bands","VERIFIED, ratio DERIVED"
inactive_by_age_share,IT,ITH5,Y_GE75,2025,33.34,percent of the inactive aged 15+,"Eurostat lfst_r_lfsd2pwc (LFS, private households): INAC by age, differences of published age bands","VERIFIED, ratio DERIVED"
inactive_by_age_share,IT,ITI1,Y15-24,2025,17.2,percent of the inactive aged 15+,"Eurostat lfst_r_lfsd2pwc (LFS, private households): INAC by age, differences of published age bands","VERIFIED, ratio DERIVED"
inactive_by_age_share,IT,ITI1,Y25-64,2025,22.82,percent of the inactive aged 15+,"Eurostat lfst_r_lfsd2pwc (LFS, private households): INAC by age, differences of published age bands","VERIFIED, ratio DERIVED"
inactive_by_age_share,IT,ITI1,Y65-74,2025,25.15,percent of the inactive aged 15+,"Eurostat lfst_r_lfsd2pwc (LFS, private households): INAC by age, differences of published age bands","VERIFIED, ratio DERIVED"
inactive_by_age_share,IT,ITI1,Y_GE75,2025,34.82,percent of the inactive aged 15+,"Eurostat lfst_r_lfsd2pwc (LFS, private households): INAC by age, differences of published age bands","VERIFIED, ratio DERIVED"
inactive_by_age_share,IT,ITI2,Y15-24,2025,17.28,percent of the inactive aged 15+,"Eurostat lfst_r_lfsd2pwc (LFS, private households): INAC by age, differences of published age bands","VERIFIED, ratio DERIVED"
inactive_by_age_share,IT,ITI2,Y25-64,2025,23.07,percent of the inactive aged 15+,"Eurostat lfst_r_lfsd2pwc (LFS, private households): INAC by age, differences of published age bands","VERIFIED, ratio DERIVED"
inactive_by_age_share,IT,ITI2,Y65-74,2025,24.99,percent of the inactive aged 15+,"Eurostat lfst_r_lfsd2pwc (LFS, private households): INAC by age, differences of published age bands","VERIFIED, ratio DERIVED"
inactive_by_age_share,IT,ITI2,Y_GE75,2025,34.65,percent of the inactive aged 15+,"Eurostat lfst_r_lfsd2pwc (LFS, private households): INAC by age, differences of published age bands","VERIFIED, ratio DERIVED"
inactive_by_age_share,IT,ITI3,Y15-24,2025,17.53,percent of the inactive aged 15+,"Eurostat lfst_r_lfsd2pwc (LFS, private households): INAC by age, differences of published age bands","VERIFIED, ratio DERIVED"
inactive_by_age_share,IT,ITI3,Y25-64,2025,25.06,percent of the inactive aged 15+,"Eurostat lfst_r_lfsd2pwc (LFS, private households): INAC by age, differences of published age bands","VERIFIED, ratio DERIVED"
inactive_by_age_share,IT,ITI3,Y65-74,2025,24.79,percent of the inactive aged 15+,"Eurostat lfst_r_lfsd2pwc (LFS, private households): INAC by age, differences of published age bands","VERIFIED, ratio DERIVED"
inactive_by_age_share,IT,ITI3,Y_GE75,2025,32.61,percent of the inactive aged 15+,"Eurostat lfst_r_lfsd2pwc (LFS, private households): INAC by age, differences of published age bands","VERIFIED, ratio DERIVED"
inactive_by_age_share,IT,ITI4,Y15-24,2025,18.86,percent of the inactive aged 15+,"Eurostat lfst_r_lfsd2pwc (LFS, private households): INAC by age, differences of published age bands","VERIFIED, ratio DERIVED"
inactive_by_age_share,IT,ITI4,Y25-64,2025,29.54,percent of the inactive aged 15+,"Eurostat lfst_r_lfsd2pwc (LFS, private households): INAC by age, differences of published age bands","VERIFIED, ratio DERIVED"
inactive_by_age_share,IT,ITI4,Y65-74,2025,23.42,percent of the inactive aged 15+,"Eurostat lfst_r_lfsd2pwc (LFS, private households): INAC by age, differences of published age bands","VERIFIED, ratio DERIVED"
inactive_by_age_share,IT,ITI4,Y_GE75,2025,28.19,percent of the inactive aged 15+,"Eurostat lfst_r_lfsd2pwc (LFS, private households): INAC by age, differences of published age bands","VERIFIED, ratio DERIVED"
silc_population_by_activity_status,DE,national,"EMP, Y18-64",2015,73.0,percent of population in the age group,"Eurostat ilc_lvhl02 (EU-SILC, most frequent activity status)",VERIFIED
silc_population_by_activity_status,DE,national,"EMP, Y_GE18",2015,55.2,percent of population in the age group,"Eurostat ilc_lvhl02 (EU-SILC, most frequent activity status)",VERIFIED
silc_population_by_activity_status,DE,national,"EMP, Y_GE65",2015,2.1,percent of population in the age group,"Eurostat ilc_lvhl02 (EU-SILC, most frequent activity status)",VERIFIED
silc_population_by_activity_status,DE,national,"INAC_OTH, Y18-64",2015,17.9,percent of population in the age group,"Eurostat ilc_lvhl02 (EU-SILC, most frequent activity status)",VERIFIED
silc_population_by_activity_status,DE,national,"INAC_OTH, Y_GE18",2015,13.8,percent of population in the age group,"Eurostat ilc_lvhl02 (EU-SILC, most frequent activity status)",VERIFIED
silc_population_by_activity_status,DE,national,"INAC_OTH, Y_GE65",2015,1.6,percent of population in the age group,"Eurostat ilc_lvhl02 (EU-SILC, most frequent activity status)",VERIFIED
silc_population_by_activity_status,DE,national,"RET, Y18-64",2015,3.0,percent of population in the age group,"Eurostat ilc_lvhl02 (EU-SILC, most frequent activity status)",VERIFIED
silc_population_by_activity_status,DE,national,"RET, Y_GE18",2015,26.4,percent of population in the age group,"Eurostat ilc_lvhl02 (EU-SILC, most frequent activity status)",VERIFIED
silc_population_by_activity_status,DE,national,"RET, Y_GE65",2015,96.2,percent of population in the age group,"Eurostat ilc_lvhl02 (EU-SILC, most frequent activity status)",VERIFIED
silc_population_by_activity_status,DE,national,"UNE, Y18-64",2015,5.9,percent of population in the age group,"Eurostat ilc_lvhl02 (EU-SILC, most frequent activity status)",VERIFIED
silc_population_by_activity_status,DE,national,"UNE, Y_GE18",2015,4.5,percent of population in the age group,"Eurostat ilc_lvhl02 (EU-SILC, most frequent activity status)",VERIFIED
silc_population_by_activity_status,DE,national,"UNE, Y_GE65",2015,0.1,percent of population in the age group,"Eurostat ilc_lvhl02 (EU-SILC, most frequent activity status)",VERIFIED
silc_population_by_activity_status,DE,national,"EMP, Y18-64",2022,74.4,percent of population in the age group,"Eurostat ilc_lvhl02 (EU-SILC, most frequent activity status)",VERIFIED
silc_population_by_activity_status,DE,national,"EMP, Y_GE18",2022,56.6,percent of population in the age group,"Eurostat ilc_lvhl02 (EU-SILC, most frequent activity status)",VERIFIED
silc_population_by_activity_status,DE,national,"EMP, Y_GE65",2022,4.0,percent of population in the age group,"Eurostat ilc_lvhl02 (EU-SILC, most frequent activity status)",VERIFIED
silc_population_by_activity_status,DE,national,"INAC_OTH, Y18-64",2022,18.9,percent of population in the age group,"Eurostat ilc_lvhl02 (EU-SILC, most frequent activity status)",VERIFIED
silc_population_by_activity_status,DE,national,"INAC_OTH, Y_GE18",2022,14.8,percent of population in the age group,"Eurostat ilc_lvhl02 (EU-SILC, most frequent activity status)",VERIFIED
silc_population_by_activity_status,DE,national,"INAC_OTH, Y_GE65",2022,3.0,percent of population in the age group,"Eurostat ilc_lvhl02 (EU-SILC, most frequent activity status)",VERIFIED
silc_population_by_activity_status,DE,national,"RET, Y18-64",2022,2.4,percent of population in the age group,"Eurostat ilc_lvhl02 (EU-SILC, most frequent activity status)",VERIFIED
silc_population_by_activity_status,DE,national,"RET, Y_GE18",2022,25.2,percent of population in the age group,"Eurostat ilc_lvhl02 (EU-SILC, most frequent activity status)",VERIFIED
silc_population_by_activity_status,DE,national,"RET, Y_GE65",2022,92.8,percent of population in the age group,"Eurostat ilc_lvhl02 (EU-SILC, most frequent activity status)",VERIFIED
silc_population_by_activity_status,DE,national,"UNE, Y18-64",2022,4.3,percent of population in the age group,"Eurostat ilc_lvhl02 (EU-SILC, most frequent activity status)",VERIFIED
silc_population_by_activity_status,DE,national,"UNE, Y_GE18",2022,3.2,percent of population in the age group,"Eurostat ilc_lvhl02 (EU-SILC, most frequent activity status)",VERIFIED
silc_population_by_activity_status,DE,national,"UNE, Y_GE65",2022,0.2,percent of population in the age group,"Eurostat ilc_lvhl02 (EU-SILC, most frequent activity status)",VERIFIED
silc_population_by_activity_status,FR,national,"EMP, Y18-64",2015,68.1,percent of population in the age group,"Eurostat ilc_lvhl02 (EU-SILC, most frequent activity status)",VERIFIED
silc_population_by_activity_status,FR,national,"EMP, Y_GE18",2015,52.7,percent of population in the age group,"Eurostat ilc_lvhl02 (EU-SILC, most frequent activity status)",VERIFIED
silc_population_by_activity_status,FR,national,"EMP, Y_GE65",2015,2.1,percent of population in the age group,"Eurostat ilc_lvhl02 (EU-SILC, most frequent activity status)",VERIFIED
silc_population_by_activity_status,FR,national,"INAC_OTH, Y18-64",2015,15.6,percent of population in the age group,"Eurostat ilc_lvhl02 (EU-SILC, most frequent activity status)",VERIFIED
silc_population_by_activity_status,FR,national,"INAC_OTH, Y_GE18",2015,12.6,percent of population in the age group,"Eurostat ilc_lvhl02 (EU-SILC, most frequent activity status)",VERIFIED
silc_population_by_activity_status,FR,national,"INAC_OTH, Y_GE65",2015,2.9,percent of population in the age group,"Eurostat ilc_lvhl02 (EU-SILC, most frequent activity status)",VERIFIED
silc_population_by_activity_status,FR,national,"RET, Y18-64",2015,8.0,percent of population in the age group,"Eurostat ilc_lvhl02 (EU-SILC, most frequent activity status)",VERIFIED
silc_population_by_activity_status,FR,national,"RET, Y_GE18",2015,28.3,percent of population in the age group,"Eurostat ilc_lvhl02 (EU-SILC, most frequent activity status)",VERIFIED
silc_population_by_activity_status,FR,national,"RET, Y_GE65",2015,95.0,percent of population in the age group,"Eurostat ilc_lvhl02 (EU-SILC, most frequent activity status)",VERIFIED
silc_population_by_activity_status,FR,national,"UNE, Y18-64",2015,7.7,percent of population in the age group,"Eurostat ilc_lvhl02 (EU-SILC, most frequent activity status)",VERIFIED
silc_population_by_activity_status,FR,national,"UNE, Y_GE18",2015,5.9,percent of population in the age group,"Eurostat ilc_lvhl02 (EU-SILC, most frequent activity status)",VERIFIED
silc_population_by_activity_status,FR,national,"UNE, Y_GE65",2015,0.0,percent of population in the age group,"Eurostat ilc_lvhl02 (EU-SILC, most frequent activity status)",VERIFIED (flag n)
silc_population_by_activity_status,FR,national,"EMP, Y18-64",2022,69.7,percent of population in the age group,"Eurostat ilc_lvhl02 (EU-SILC, most frequent activity status)",VERIFIED (break in series)
silc_population_by_activity_status,FR,national,"EMP, Y_GE18",2022,51.0,percent of population in the age group,"Eurostat ilc_lvhl02 (EU-SILC, most frequent activity status)",VERIFIED (break in series)
silc_population_by_activity_status,FR,national,"EMP, Y_GE65",2022,2.2,percent of population in the age group,"Eurostat ilc_lvhl02 (EU-SILC, most frequent activity status)",VERIFIED (break in series)
silc_population_by_activity_status,FR,national,"INAC_OTH, Y18-64",2022,16.8,percent of population in the age group,"Eurostat ilc_lvhl02 (EU-SILC, most frequent activity status)",VERIFIED (break in series)
silc_population_by_activity_status,FR,national,"INAC_OTH, Y_GE18",2022,12.7,percent of population in the age group,"Eurostat ilc_lvhl02 (EU-SILC, most frequent activity status)",VERIFIED (break in series)
silc_population_by_activity_status,FR,national,"INAC_OTH, Y_GE65",2022,2.0,percent of population in the age group,"Eurostat ilc_lvhl02 (EU-SILC, most frequent activity status)",VERIFIED (break in series)
silc_population_by_activity_status,FR,national,"RET, Y18-64",2022,5.0,percent of population in the age group,"Eurostat ilc_lvhl02 (EU-SILC, most frequent activity status)",VERIFIED (break in series)
silc_population_by_activity_status,FR,national,"RET, Y_GE18",2022,30.1,percent of population in the age group,"Eurostat ilc_lvhl02 (EU-SILC, most frequent activity status)",VERIFIED (break in series)
silc_population_by_activity_status,FR,national,"RET, Y_GE65",2022,95.5,percent of population in the age group,"Eurostat ilc_lvhl02 (EU-SILC, most frequent activity status)",VERIFIED (break in series)
silc_population_by_activity_status,FR,national,"UNE, Y18-64",2022,8.1,percent of population in the age group,"Eurostat ilc_lvhl02 (EU-SILC, most frequent activity status)",VERIFIED (break in series)
silc_population_by_activity_status,FR,national,"UNE, Y_GE18",2022,6.0,percent of population in the age group,"Eurostat ilc_lvhl02 (EU-SILC, most frequent activity status)",VERIFIED (break in series)
silc_population_by_activity_status,FR,national,"UNE, Y_GE65",2022,0.4,percent of population in the age group,"Eurostat ilc_lvhl02 (EU-SILC, most frequent activity status)",VERIFIED (break in series)
silc_population_by_activity_status,IT,national,"EMP, Y18-64",2015,59.4,percent of population in the age group,"Eurostat ilc_lvhl02 (EU-SILC, most frequent activity status)",VERIFIED
silc_population_by_activity_status,IT,national,"EMP, Y_GE18",2015,44.7,percent of population in the age group,"Eurostat ilc_lvhl02 (EU-SILC, most frequent activity status)",VERIFIED
silc_population_by_activity_status,IT,national,"EMP, Y_GE65",2015,3.5,percent of population in the age group,"Eurostat ilc_lvhl02 (EU-SILC, most frequent activity status)",VERIFIED
silc_population_by_activity_status,IT,national,"INAC_OTH, Y18-64",2015,24.0,percent of population in the age group,"Eurostat ilc_lvhl02 (EU-SILC, most frequent activity status)",VERIFIED
silc_population_by_activity_status,IT,national,"INAC_OTH, Y_GE18",2015,25.3,percent of population in the age group,"Eurostat ilc_lvhl02 (EU-SILC, most frequent activity status)",VERIFIED
silc_population_by_activity_status,IT,national,"INAC_OTH, Y_GE65",2015,28.9,percent of population in the age group,"Eurostat ilc_lvhl02 (EU-SILC, most frequent activity status)",VERIFIED
silc_population_by_activity_status,IT,national,"RET, Y18-64",2015,4.2,percent of population in the age group,"Eurostat ilc_lvhl02 (EU-SILC, most frequent activity status)",VERIFIED
silc_population_by_activity_status,IT,national,"RET, Y_GE18",2015,20.8,percent of population in the age group,"Eurostat ilc_lvhl02 (EU-SILC, most frequent activity status)",VERIFIED
silc_population_by_activity_status,IT,national,"RET, Y_GE65",2015,67.2,percent of population in the age group,"Eurostat ilc_lvhl02 (EU-SILC, most frequent activity status)",VERIFIED
silc_population_by_activity_status,IT,national,"UNE, Y18-64",2015,12.1,percent of population in the age group,"Eurostat ilc_lvhl02 (EU-SILC, most frequent activity status)",VERIFIED
silc_population_by_activity_status,IT,national,"UNE, Y_GE18",2015,9.0,percent of population in the age group,"Eurostat ilc_lvhl02 (EU-SILC, most frequent activity status)",VERIFIED
silc_population_by_activity_status,IT,national,"UNE, Y_GE65",2015,0.4,percent of population in the age group,"Eurostat ilc_lvhl02 (EU-SILC, most frequent activity status)",VERIFIED
silc_population_by_activity_status,IT,national,"EMP, Y18-64",2022,64.3,percent of population in the age group,"Eurostat ilc_lvhl02 (EU-SILC, most frequent activity status)",VERIFIED
silc_population_by_activity_status,IT,national,"EMP, Y_GE18",2022,47.5,percent of population in the age group,"Eurostat ilc_lvhl02 (EU-SILC, most frequent activity status)",VERIFIED
silc_population_by_activity_status,IT,national,"EMP, Y_GE65",2022,5.3,percent of population in the age group,"Eurostat ilc_lvhl02 (EU-SILC, most frequent activity status)",VERIFIED
silc_population_by_activity_status,IT,national,"INAC_OTH, Y18-64",2022,23.4,percent of population in the age group,"Eurostat ilc_lvhl02 (EU-SILC, most frequent activity status)",VERIFIED
silc_population_by_activity_status,IT,national,"INAC_OTH, Y_GE18",2022,21.9,percent of population in the age group,"Eurostat ilc_lvhl02 (EU-SILC, most frequent activity status)",VERIFIED
silc_population_by_activity_status,IT,national,"INAC_OTH, Y_GE65",2022,18.0,percent of population in the age group,"Eurostat ilc_lvhl02 (EU-SILC, most frequent activity status)",VERIFIED
silc_population_by_activity_status,IT,national,"RET, Y18-64",2022,3.2,percent of population in the age group,"Eurostat ilc_lvhl02 (EU-SILC, most frequent activity status)",VERIFIED
silc_population_by_activity_status,IT,national,"RET, Y_GE18",2022,23.9,percent of population in the age group,"Eurostat ilc_lvhl02 (EU-SILC, most frequent activity status)",VERIFIED
silc_population_by_activity_status,IT,national,"RET, Y_GE65",2022,76.2,percent of population in the age group,"Eurostat ilc_lvhl02 (EU-SILC, most frequent activity status)",VERIFIED
silc_population_by_activity_status,IT,national,"UNE, Y18-64",2022,9.0,percent of population in the age group,"Eurostat ilc_lvhl02 (EU-SILC, most frequent activity status)",VERIFIED
silc_population_by_activity_status,IT,national,"UNE, Y_GE18",2022,6.5,percent of population in the age group,"Eurostat ilc_lvhl02 (EU-SILC, most frequent activity status)",VERIFIED
silc_population_by_activity_status,IT,national,"UNE, Y_GE65",2022,0.5,percent of population in the age group,"Eurostat ilc_lvhl02 (EU-SILC, most frequent activity status)",VERIFIED
