indicator,country,place,group,year,value,unit,source,status
employed_share,DE,DE,Y15-64,2015,73.97,percent of population,"Eurostat lfst_r_lfsd2pwc (LFS, private households): EMP / POP","VERIFIED, ratio DERIVED"
employed_share,DE,DE1,Y15-64,2015,76.9,percent of population,"Eurostat lfst_r_lfsd2pwc (LFS, private households): EMP / POP","VERIFIED, ratio DERIVED"
employed_share,DE,DE2,Y15-64,2015,77.68,percent of population,"Eurostat lfst_r_lfsd2pwc (LFS, private households): EMP / POP","VERIFIED, ratio DERIVED"
employed_share,DE,DE3,Y15-64,2015,68.98,percent of population,"Eurostat lfst_r_lfsd2pwc (LFS, private households): EMP / POP","VERIFIED, ratio DERIVED"
employed_share,DE,DE4,Y15-64,2015,75.22,percent of population,"Eurostat lfst_r_lfsd2pwc (LFS, private households): EMP / POP","VERIFIED, ratio DERIVED"
employed_share,DE,DE5,Y15-64,2015,67.92,percent of population,"Eurostat lfst_r_lfsd2pwc (LFS, private households): EMP / POP","VERIFIED, ratio DERIVED"
employed_share,DE,DE6,Y15-64,2015,75.12,percent of population,"Eurostat lfst_r_lfsd2pwc (LFS, private households): EMP / POP","VERIFIED, ratio DERIVED"
employed_share,DE,DE7,Y15-64,2015,73.63,percent of population,"Eurostat lfst_r_lfsd2pwc (LFS, private households): EMP / POP","VERIFIED, ratio DERIVED"
employed_share,DE,DE8,Y15-64,2015,71.68,percent of population,"Eurostat lfst_r_lfsd2pwc (LFS, private households): EMP / POP","VERIFIED, ratio DERIVED"
employed_share,DE,DE9,Y15-64,2015,73.48,percent of population,"Eurostat lfst_r_lfsd2pwc (LFS, private households): EMP / POP","VERIFIED, ratio DERIVED"
employed_share,DE,DEA,Y15-64,2015,70.72,percent of population,"Eurostat lfst_r_lfsd2pwc (LFS, private households): EMP / POP","VERIFIED, ratio DERIVED"
employed_share,DE,DEB,Y15-64,2015,74.13,percent of population,"Eurostat lfst_r_lfsd2pwc (LFS, private households): EMP / POP","VERIFIED, ratio DERIVED"
employed_share,DE,DEC,Y15-64,2015,70.66,percent of population,"Eurostat lfst_r_lfsd2pwc (LFS, private households): EMP / POP","VERIFIED, ratio DERIVED"
employed_share,DE,DED,Y15-64,2015,75.24,percent of population,"Eurostat lfst_r_lfsd2pwc (LFS, private households): EMP / POP","VERIFIED, ratio DERIVED"
employed_share,DE,DEE,Y15-64,2015,73.59,percent of population,"Eurostat lfst_r_lfsd2pwc (LFS, private households): EMP / POP","VERIFIED, ratio DERIVED"
employed_share,DE,DEF,Y15-64,2015,74.68,percent of population,"Eurostat lfst_r_lfsd2pwc (LFS, private households): EMP / POP","VERIFIED, ratio DERIVED"
employed_share,DE,DEG,Y15-64,2015,74.22,percent of population,"Eurostat lfst_r_lfsd2pwc (LFS, private households): EMP / POP","VERIFIED, ratio DERIVED"
employed_share,DE,DE,Y15-74,2015,65.09,percent of population,"Eurostat lfst_r_lfsd2pwc (LFS, private households): EMP / POP","VERIFIED, ratio DERIVED"
employed_share,DE,DE1,Y15-74,2015,68.84,percent of population,"Eurostat lfst_r_lfsd2pwc (LFS, private households): EMP / POP","VERIFIED, ratio DERIVED"
employed_share,DE,DE2,Y15-74,2015,68.83,percent of population,"Eurostat lfst_r_lfsd2pwc (LFS, private households): EMP / POP","VERIFIED, ratio DERIVED"
employed_share,DE,DE3,Y15-74,2015,61.28,percent of population,"Eurostat lfst_r_lfsd2pwc (LFS, private households): EMP / POP","VERIFIED, ratio DERIVED"
employed_share,DE,DE4,Y15-74,2015,65.06,percent of population,"Eurostat lfst_r_lfsd2pwc (LFS, private households): EMP / POP","VERIFIED, ratio DERIVED"
employed_share,DE,DE5,Y15-74,2015,59.27,percent of population,"Eurostat lfst_r_lfsd2pwc (LFS, private households): EMP / POP","VERIFIED, ratio DERIVED"
employed_share,DE,DE6,Y15-74,2015,66.82,percent of population,"Eurostat lfst_r_lfsd2pwc (LFS, private households): EMP / POP","VERIFIED, ratio DERIVED"
employed_share,DE,DE7,Y15-74,2015,65.42,percent of population,"Eurostat lfst_r_lfsd2pwc (LFS, private households): EMP / POP","VERIFIED, ratio DERIVED"
employed_share,DE,DE8,Y15-74,2015,61.88,percent of population,"Eurostat lfst_r_lfsd2pwc (LFS, private households): EMP / POP","VERIFIED, ratio DERIVED"
employed_share,DE,DE9,Y15-74,2015,64.54,percent of population,"Eurostat lfst_r_lfsd2pwc (LFS, private households): EMP / POP","VERIFIED, ratio DERIVED"
employed_share,DE,DEA,Y15-74,2015,62.19,percent of population,"Eurostat lfst_r_lfsd2pwc (LFS, private households): EMP / POP","VERIFIED, ratio DERIVED"
employed_share,DE,DEB,Y15-74,2015,65.64,percent of population,"Eurostat lfst_r_lfsd2pwc (LFS, private households): EMP / POP","VERIFIED, ratio DERIVED"
employed_share,DE,DEC,Y15-74,2015,61.33,percent of population,"Eurostat lfst_r_lfsd2pwc (LFS, private households): EMP / POP","VERIFIED, ratio DERIVED"
employed_share,DE,DED,Y15-74,2015,64.39,percent of population,"Eurostat lfst_r_lfsd2pwc (LFS, private households): EMP / POP","VERIFIED, ratio DERIVED"
employed_share,DE,DEE,Y15-74,2015,62.52,percent of population,"Eurostat lfst_r_lfsd2pwc (LFS, private households): EMP / POP","VERIFIED, ratio DERIVED"
employed_share,DE,DEF,Y15-74,2015,64.46,percent of population,"Eurostat lfst_r_lfsd2pwc (LFS, private households): EMP / POP","VERIFIED, ratio DERIVED"
employed_share,DE,DEG,Y15-74,2015,63.49,percent of population,"Eurostat lfst_r_lfsd2pwc (LFS, private households): EMP / POP","VERIFIED, ratio DERIVED"
employed_share,DE,DE,Y20-64,2015,77.96,percent of population,"Eurostat lfst_r_lfsd2pwc (LFS, private households): EMP / POP","VERIFIED, ratio DERIVED"
employed_share,DE,DE1,Y20-64,2015,81.29,percent of population,"Eurostat lfst_r_lfsd2pwc (LFS, private households): EMP / POP","VERIFIED, ratio DERIVED"
employed_share,DE,DE2,Y20-64,2015,81.27,percent of population,"Eurostat lfst_r_lfsd2pwc (LFS, private households): EMP / POP","VERIFIED, ratio DERIVED"
employed_share,DE,DE3,Y20-64,2015,72.46,percent of population,"Eurostat lfst_r_lfsd2pwc (LFS, private households): EMP / POP","VERIFIED, ratio DERIVED"
employed_share,DE,DE4,Y20-64,2015,78.76,percent of population,"Eurostat lfst_r_lfsd2pwc (LFS, private households): EMP / POP","VERIFIED, ratio DERIVED"
employed_share,DE,DE5,Y20-64,2015,72.04,percent of population,"Eurostat lfst_r_lfsd2pwc (LFS, private households): EMP / POP","VERIFIED, ratio DERIVED"
employed_share,DE,DE6,Y20-64,2015,78.78,percent of population,"Eurostat lfst_r_lfsd2pwc (LFS, private households): EMP / POP","VERIFIED, ratio DERIVED"
employed_share,DE,DE7,Y20-64,2015,77.84,percent of population,"Eurostat lfst_r_lfsd2pwc (LFS, private households): EMP / POP","VERIFIED, ratio DERIVED"
employed_share,DE,DE8,Y20-64,2015,75.01,percent of population,"Eurostat lfst_r_lfsd2pwc (LFS, private households): EMP / POP","VERIFIED, ratio DERIVED"
employed_share,DE,DE9,Y20-64,2015,77.93,percent of population,"Eurostat lfst_r_lfsd2pwc (LFS, private households): EMP / POP","VERIFIED, ratio DERIVED"
employed_share,DE,DEA,Y20-64,2015,75.14,percent of population,"Eurostat lfst_r_lfsd2pwc (LFS, private households): EMP / POP","VERIFIED, ratio DERIVED"
employed_share,DE,DEB,Y20-64,2015,78.31,percent of population,"Eurostat lfst_r_lfsd2pwc (LFS, private households): EMP / POP","VERIFIED, ratio DERIVED"
employed_share,DE,DEC,Y20-64,2015,74.37,percent of population,"Eurostat lfst_r_lfsd2pwc (LFS, private households): EMP / POP","VERIFIED, ratio DERIVED"
employed_share,DE,DED,Y20-64,2015,78.37,percent of population,"Eurostat lfst_r_lfsd2pwc (LFS, private households): EMP / POP","VERIFIED, ratio DERIVED"
employed_share,DE,DEE,Y20-64,2015,76.45,percent of population,"Eurostat lfst_r_lfsd2pwc (LFS, private households): EMP / POP","VERIFIED, ratio DERIVED"
employed_share,DE,DEF,Y20-64,2015,79.05,percent of population,"Eurostat lfst_r_lfsd2pwc (LFS, private households): EMP / POP","VERIFIED, ratio DERIVED"
employed_share,DE,DEG,Y20-64,2015,77.44,percent of population,"Eurostat lfst_r_lfsd2pwc (LFS, private households): EMP / POP","VERIFIED, ratio DERIVED"
employed_share,DE,DE,Y_GE15,2015,57.38,percent of population,"Eurostat lfst_r_lfsd2pwc (LFS, private households): EMP / POP","VERIFIED, ratio DERIVED"
employed_share,DE,DE1,Y_GE15,2015,61.21,percent of population,"Eurostat lfst_r_lfsd2pwc (LFS, private households): EMP / POP","VERIFIED, ratio DERIVED"
employed_share,DE,DE2,Y_GE15,2015,61.28,percent of population,"Eurostat lfst_r_lfsd2pwc (LFS, private households): EMP / POP","VERIFIED, ratio DERIVED"
employed_share,DE,DE3,Y_GE15,2015,55.07,percent of population,"Eurostat lfst_r_lfsd2pwc (LFS, private households): EMP / POP","VERIFIED, ratio DERIVED"
employed_share,DE,DE4,Y_GE15,2015,56.45,percent of population,"Eurostat lfst_r_lfsd2pwc (LFS, private households): EMP / POP","VERIFIED, ratio DERIVED"
employed_share,DE,DE5,Y_GE15,2015,52.75,percent of population,"Eurostat lfst_r_lfsd2pwc (LFS, private households): EMP / POP","VERIFIED, ratio DERIVED"
employed_share,DE,DE6,Y_GE15,2015,59.76,percent of population,"Eurostat lfst_r_lfsd2pwc (LFS, private households): EMP / POP","VERIFIED, ratio DERIVED"
employed_share,DE,DE7,Y_GE15,2015,58.12,percent of population,"Eurostat lfst_r_lfsd2pwc (LFS, private households): EMP / POP","VERIFIED, ratio DERIVED"
employed_share,DE,DE8,Y_GE15,2015,53.3,percent of population,"Eurostat lfst_r_lfsd2pwc (LFS, private households): EMP / POP","VERIFIED, ratio DERIVED"
employed_share,DE,DE9,Y_GE15,2015,56.88,percent of population,"Eurostat lfst_r_lfsd2pwc (LFS, private households): EMP / POP","VERIFIED, ratio DERIVED"
employed_share,DE,DEA,Y_GE15,2015,54.82,percent of population,"Eurostat lfst_r_lfsd2pwc (LFS, private households): EMP / POP","VERIFIED, ratio DERIVED"
employed_share,DE,DEB,Y_GE15,2015,57.63,percent of population,"Eurostat lfst_r_lfsd2pwc (LFS, private households): EMP / POP","VERIFIED, ratio DERIVED"
employed_share,DE,DEC,Y_GE15,2015,53.26,percent of population,"Eurostat lfst_r_lfsd2pwc (LFS, private households): EMP / POP","VERIFIED, ratio DERIVED"
employed_share,DE,DED,Y_GE15,2015,54.97,percent of population,"Eurostat lfst_r_lfsd2pwc (LFS, private households): EMP / POP","VERIFIED, ratio DERIVED"
employed_share,DE,DEE,Y_GE15,2015,53.62,percent of population,"Eurostat lfst_r_lfsd2pwc (LFS, private households): EMP / POP","VERIFIED, ratio DERIVED"
employed_share,DE,DEF,Y_GE15,2015,56.2,percent of population,"Eurostat lfst_r_lfsd2pwc (LFS, private households): EMP / POP","VERIFIED, ratio DERIVED"
employed_share,DE,DEG,Y_GE15,2015,55.08,percent of population,"Eurostat lfst_r_lfsd2pwc (LFS, private households): EMP / POP","VERIFIED, ratio DERIVED"
employed_share,DE,DE,Y15-64,2019,76.69,percent of population,"Eurostat lfst_r_lfsd2pwc (LFS, private households): EMP / POP","VERIFIED, ratio DERIVED"
employed_share,DE,DE1,Y15-64,2019,79.12,percent of population,"Eurostat lfst_r_lfsd2pwc (LFS, private households): EMP / POP","VERIFIED, ratio DERIVED"
employed_share,DE,DE2,Y15-64,2019,79.92,percent of population,"Eurostat lfst_r_lfsd2pwc (LFS, private households): EMP / POP","VERIFIED, ratio DERIVED"
employed_share,DE,DE3,Y15-64,2019,74.89,percent of population,"Eurostat lfst_r_lfsd2pwc (LFS, private households): EMP / POP","VERIFIED, ratio DERIVED"
employed_share,DE,DE4,Y15-64,2019,78.06,percent of population,"Eurostat lfst_r_lfsd2pwc (LFS, private households): EMP / POP","VERIFIED, ratio DERIVED"
employed_share,DE,DE5,Y15-64,2019,71.87,percent of population,"Eurostat lfst_r_lfsd2pwc (LFS, private households): EMP / POP","VERIFIED, ratio DERIVED"
employed_share,DE,DE6,Y15-64,2019,76.9,percent of population,"Eurostat lfst_r_lfsd2pwc (LFS, private households): EMP / POP","VERIFIED, ratio DERIVED"
employed_share,DE,DE7,Y15-64,2019,76.02,percent of population,"Eurostat lfst_r_lfsd2pwc (LFS, private households): EMP / POP","VERIFIED, ratio DERIVED"
employed_share,DE,DE8,Y15-64,2019,74.94,percent of population,"Eurostat lfst_r_lfsd2pwc (LFS, private households): EMP / POP","VERIFIED, ratio DERIVED"
employed_share,DE,DE9,Y15-64,2019,75.99,percent of population,"Eurostat lfst_r_lfsd2pwc (LFS, private households): EMP / POP","VERIFIED, ratio DERIVED"
employed_share,DE,DEA,Y15-64,2019,73.55,percent of population,"Eurostat lfst_r_lfsd2pwc (LFS, private households): EMP / POP","VERIFIED, ratio DERIVED"
employed_share,DE,DEB,Y15-64,2019,76.46,percent of population,"Eurostat lfst_r_lfsd2pwc (LFS, private households): EMP / POP","VERIFIED, ratio DERIVED"
employed_share,DE,DEC,Y15-64,2019,73.64,percent of population,"Eurostat lfst_r_lfsd2pwc (LFS, private households): EMP / POP","VERIFIED, ratio DERIVED"
employed_share,DE,DED,Y15-64,2019,78.71,percent of population,"Eurostat lfst_r_lfsd2pwc (LFS, private households): EMP / POP","VERIFIED, ratio DERIVED"
employed_share,DE,DEE,Y15-64,2019,75.75,percent of population,"Eurostat lfst_r_lfsd2pwc (LFS, private households): EMP / POP","VERIFIED, ratio DERIVED"
employed_share,DE,DEF,Y15-64,2019,77.36,percent of population,"Eurostat lfst_r_lfsd2pwc (LFS, private households): EMP / POP","VERIFIED, ratio DERIVED"
employed_share,DE,DEG,Y15-64,2019,77.56,percent of population,"Eurostat lfst_r_lfsd2pwc (LFS, private households): EMP / POP","VERIFIED, ratio DERIVED"
employed_share,DE,DE,Y15-74,2019,68.18,percent of population,"Eurostat lfst_r_lfsd2pwc (LFS, private households): EMP / POP","VERIFIED, ratio DERIVED"
employed_share,DE,DE1,Y15-74,2019,71.52,percent of population,"Eurostat lfst_r_lfsd2pwc (LFS, private households): EMP / POP","VERIFIED, ratio DERIVED"
employed_share,DE,DE2,Y15-74,2019,71.37,percent of population,"Eurostat lfst_r_lfsd2pwc (LFS, private households): EMP / POP","VERIFIED, ratio DERIVED"
employed_share,DE,DE3,Y15-74,2019,67.58,percent of population,"Eurostat lfst_r_lfsd2pwc (LFS, private households): EMP / POP","VERIFIED, ratio DERIVED"
employed_share,DE,DE4,Y15-74,2019,67.87,percent of population,"Eurostat lfst_r_lfsd2pwc (LFS, private households): EMP / POP","VERIFIED, ratio DERIVED"
employed_share,DE,DE5,Y15-74,2019,64.84,percent of population,"Eurostat lfst_r_lfsd2pwc (LFS, private households): EMP / POP","VERIFIED, ratio DERIVED"
employed_share,DE,DE6,Y15-74,2019,70.03,percent of population,"Eurostat lfst_r_lfsd2pwc (LFS, private households): EMP / POP","VERIFIED, ratio DERIVED"
employed_share,DE,DE7,Y15-74,2019,67.82,percent of population,"Eurostat lfst_r_lfsd2pwc (LFS, private households): EMP / POP","VERIFIED, ratio DERIVED"
employed_share,DE,DE8,Y15-74,2019,64.33,percent of population,"Eurostat lfst_r_lfsd2pwc (LFS, private households): EMP / POP","VERIFIED, ratio DERIVED"
employed_share,DE,DE9,Y15-74,2019,67.45,percent of population,"Eurostat lfst_r_lfsd2pwc (LFS, private households): EMP / POP","VERIFIED, ratio DERIVED"
employed_share,DE,DEA,Y15-74,2019,65.61,percent of population,"Eurostat lfst_r_lfsd2pwc (LFS, private households): EMP / POP","VERIFIED, ratio DERIVED"
employed_share,DE,DEB,Y15-74,2019,67.83,percent of population,"Eurostat lfst_r_lfsd2pwc (LFS, private households): EMP / POP","VERIFIED, ratio DERIVED"
employed_share,DE,DEC,Y15-74,2019,64.98,percent of population,"Eurostat lfst_r_lfsd2pwc (LFS, private households): EMP / POP","VERIFIED, ratio DERIVED"
employed_share,DE,DED,Y15-74,2019,67.98,percent of population,"Eurostat lfst_r_lfsd2pwc (LFS, private households): EMP / POP","VERIFIED, ratio DERIVED"
employed_share,DE,DEE,Y15-74,2019,63.96,percent of population,"Eurostat lfst_r_lfsd2pwc (LFS, private households): EMP / POP","VERIFIED, ratio DERIVED"
employed_share,DE,DEF,Y15-74,2019,68.0,percent of population,"Eurostat lfst_r_lfsd2pwc (LFS, private households): EMP / POP","VERIFIED, ratio DERIVED"
employed_share,DE,DEG,Y15-74,2019,66.78,percent of population,"Eurostat lfst_r_lfsd2pwc (LFS, private households): EMP / POP","VERIFIED, ratio DERIVED"
employed_share,DE,DE,Y20-64,2019,80.65,percent of population,"Eurostat lfst_r_lfsd2pwc (LFS, private households): EMP / POP","VERIFIED, ratio DERIVED"
employed_share,DE,DE1,Y20-64,2019,83.14,percent of population,"Eurostat lfst_r_lfsd2pwc (LFS, private households): EMP / POP","VERIFIED, ratio DERIVED"
employed_share,DE,DE2,Y20-64,2019,83.46,percent of population,"Eurostat lfst_r_lfsd2pwc (LFS, private households): EMP / POP","VERIFIED, ratio DERIVED"
employed_share,DE,DE3,Y20-64,2019,78.46,percent of population,"Eurostat lfst_r_lfsd2pwc (LFS, private households): EMP / POP","VERIFIED, ratio DERIVED"
employed_share,DE,DE4,Y20-64,2019,81.92,percent of population,"Eurostat lfst_r_lfsd2pwc (LFS, private households): EMP / POP","VERIFIED, ratio DERIVED"
employed_share,DE,DE5,Y20-64,2019,75.83,percent of population,"Eurostat lfst_r_lfsd2pwc (LFS, private households): EMP / POP","VERIFIED, ratio DERIVED"
employed_share,DE,DE6,Y20-64,2019,80.66,percent of population,"Eurostat lfst_r_lfsd2pwc (LFS, private households): EMP / POP","VERIFIED, ratio DERIVED"
employed_share,DE,DE7,Y20-64,2019,80.17,percent of population,"Eurostat lfst_r_lfsd2pwc (LFS, private households): EMP / POP","VERIFIED, ratio DERIVED"
employed_share,DE,DE8,Y20-64,2019,78.25,percent of population,"Eurostat lfst_r_lfsd2pwc (LFS, private households): EMP / POP","VERIFIED, ratio DERIVED"
employed_share,DE,DE9,Y20-64,2019,80.16,percent of population,"Eurostat lfst_r_lfsd2pwc (LFS, private households): EMP / POP","VERIFIED, ratio DERIVED"
employed_share,DE,DEA,Y20-64,2019,77.89,percent of population,"Eurostat lfst_r_lfsd2pwc (LFS, private households): EMP / POP","VERIFIED, ratio DERIVED"
employed_share,DE,DEB,Y20-64,2019,80.34,percent of population,"Eurostat lfst_r_lfsd2pwc (LFS, private households): EMP / POP","VERIFIED, ratio DERIVED"
employed_share,DE,DEC,Y20-64,2019,77.48,percent of population,"Eurostat lfst_r_lfsd2pwc (LFS, private households): EMP / POP","VERIFIED, ratio DERIVED"
employed_share,DE,DED,Y20-64,2019,82.35,percent of population,"Eurostat lfst_r_lfsd2pwc (LFS, private households): EMP / POP","VERIFIED, ratio DERIVED"
employed_share,DE,DEE,Y20-64,2019,79.25,percent of population,"Eurostat lfst_r_lfsd2pwc (LFS, private households): EMP / POP","VERIFIED, ratio DERIVED"
employed_share,DE,DEF,Y20-64,2019,81.59,percent of population,"Eurostat lfst_r_lfsd2pwc (LFS, private households): EMP / POP","VERIFIED, ratio DERIVED"
employed_share,DE,DEG,Y20-64,2019,81.32,percent of population,"Eurostat lfst_r_lfsd2pwc (LFS, private households): EMP / POP","VERIFIED, ratio DERIVED"
employed_share,DE,DE,Y_GE15,2019,59.97,percent of population,"Eurostat lfst_r_lfsd2pwc (LFS, private households): EMP / POP","VERIFIED, ratio DERIVED"
employed_share,DE,DE1,Y_GE15,2019,63.48,percent of population,"Eurostat lfst_r_lfsd2pwc (LFS, private households): EMP / POP","VERIFIED, ratio DERIVED"
employed_share,DE,DE2,Y_GE15,2019,63.49,percent of population,"Eurostat lfst_r_lfsd2pwc (LFS, private households): EMP / POP","VERIFIED, ratio DERIVED"
employed_share,DE,DE3,Y_GE15,2019,60.3,percent of population,"Eurostat lfst_r_lfsd2pwc (LFS, private households): EMP / POP","VERIFIED, ratio DERIVED"
employed_share,DE,DE4,Y_GE15,2019,58.04,percent of population,"Eurostat lfst_r_lfsd2pwc (LFS, private households): EMP / POP","VERIFIED, ratio DERIVED"
employed_share,DE,DE5,Y_GE15,2019,56.87,percent of population,"Eurostat lfst_r_lfsd2pwc (LFS, private households): EMP / POP","VERIFIED, ratio DERIVED"
employed_share,DE,DE6,Y_GE15,2019,62.52,percent of population,"Eurostat lfst_r_lfsd2pwc (LFS, private households): EMP / POP","VERIFIED, ratio DERIVED"
employed_share,DE,DE7,Y_GE15,2019,60.34,percent of population,"Eurostat lfst_r_lfsd2pwc (LFS, private households): EMP / POP","VERIFIED, ratio DERIVED"
employed_share,DE,DE8,Y_GE15,2019,55.26,percent of population,"Eurostat lfst_r_lfsd2pwc (LFS, private households): EMP / POP","VERIFIED, ratio DERIVED"
employed_share,DE,DE9,Y_GE15,2019,59.37,percent of population,"Eurostat lfst_r_lfsd2pwc (LFS, private households): EMP / POP","VERIFIED, ratio DERIVED"
employed_share,DE,DEA,Y_GE15,2019,57.86,percent of population,"Eurostat lfst_r_lfsd2pwc (LFS, private households): EMP / POP","VERIFIED, ratio DERIVED"
employed_share,DE,DEB,Y_GE15,2019,60.13,percent of population,"Eurostat lfst_r_lfsd2pwc (LFS, private households): EMP / POP","VERIFIED, ratio DERIVED"
employed_share,DE,DEC,Y_GE15,2019,56.06,percent of population,"Eurostat lfst_r_lfsd2pwc (LFS, private households): EMP / POP","VERIFIED, ratio DERIVED"
employed_share,DE,DED,Y_GE15,2019,57.21,percent of population,"Eurostat lfst_r_lfsd2pwc (LFS, private households): EMP / POP","VERIFIED, ratio DERIVED"
employed_share,DE,DEE,Y_GE15,2019,54.27,percent of population,"Eurostat lfst_r_lfsd2pwc (LFS, private households): EMP / POP","VERIFIED, ratio DERIVED"
employed_share,DE,DEF,Y_GE15,2019,59.3,percent of population,"Eurostat lfst_r_lfsd2pwc (LFS, private households): EMP / POP","VERIFIED, ratio DERIVED"
employed_share,DE,DEG,Y_GE15,2019,56.84,percent of population,"Eurostat lfst_r_lfsd2pwc (LFS, private households): EMP / POP","VERIFIED, ratio DERIVED"
employed_share,DE,DE,Y15-64,2024,77.23,percent of population,"Eurostat lfst_r_lfsd2pwc (LFS, private households): EMP / POP","VERIFIED, ratio DERIVED"
employed_share,DE,DE1,Y15-64,2024,79.61,percent of population,"Eurostat lfst_r_lfsd2pwc (LFS, private households): EMP / POP","VERIFIED, ratio DERIVED"
employed_share,DE,DE2,Y15-64,2024,80.62,percent of population,"Eurostat lfst_r_lfsd2pwc (LFS, private households): EMP / POP","VERIFIED, ratio DERIVED"
employed_share,DE,DE3,Y15-64,2024,73.57,percent of population,"Eurostat lfst_r_lfsd2pwc (LFS, private households): EMP / POP","VERIFIED, ratio DERIVED"
employed_share,DE,DE4,Y15-64,2024,77.9,percent of population,"Eurostat lfst_r_lfsd2pwc (LFS, private households): EMP / POP","VERIFIED, ratio DERIVED"
employed_share,DE,DE5,Y15-64,2024,71.68,percent of population,"Eurostat lfst_r_lfsd2pwc (LFS, private households): EMP / POP","VERIFIED, ratio DERIVED"
employed_share,DE,DE6,Y15-64,2024,75.34,percent of population,"Eurostat lfst_r_lfsd2pwc (LFS, private households): EMP / POP","VERIFIED, ratio DERIVED"
employed_share,DE,DE7,Y15-64,2024,76.21,percent of population,"Eurostat lfst_r_lfsd2pwc (LFS, private households): EMP / POP","VERIFIED, ratio DERIVED"
employed_share,DE,DE8,Y15-64,2024,76.2,percent of population,"Eurostat lfst_r_lfsd2pwc (LFS, private households): EMP / POP","VERIFIED, ratio DERIVED"
employed_share,DE,DE9,Y15-64,2024,77.1,percent of population,"Eurostat lfst_r_lfsd2pwc (LFS, private households): EMP / POP","VERIFIED, ratio DERIVED"
employed_share,DE,DEA,Y15-64,2024,74.9,percent of population,"Eurostat lfst_r_lfsd2pwc (LFS, private households): EMP / POP","VERIFIED, ratio DERIVED"
employed_share,DE,DEB,Y15-64,2024,78.03,percent of population,"Eurostat lfst_r_lfsd2pwc (LFS, private households): EMP / POP","VERIFIED, ratio DERIVED"
employed_share,DE,DEC,Y15-64,2024,74.14,percent of population,"Eurostat lfst_r_lfsd2pwc (LFS, private households): EMP / POP","VERIFIED, ratio DERIVED"
employed_share,DE,DED,Y15-64,2024,78.22,percent of population,"Eurostat lfst_r_lfsd2pwc (LFS, private households): EMP / POP","VERIFIED, ratio DERIVED"
employed_share,DE,DEE,Y15-64,2024,76.23,percent of population,"Eurostat lfst_r_lfsd2pwc (LFS, private households): EMP / POP","VERIFIED, ratio DERIVED"
employed_share,DE,DEF,Y15-64,2024,76.44,percent of population,"Eurostat lfst_r_lfsd2pwc (LFS, private households): EMP / POP","VERIFIED, ratio DERIVED"
employed_share,DE,DEG,Y15-64,2024,76.88,percent of population,"Eurostat lfst_r_lfsd2pwc (LFS, private households): EMP / POP","VERIFIED, ratio DERIVED"
employed_share,DE,DE,Y15-74,2024,67.68,percent of population,"Eurostat lfst_r_lfsd2pwc (LFS, private households): EMP / POP","VERIFIED, ratio DERIVED"
employed_share,DE,DE1,Y15-74,2024,70.84,percent of population,"Eurostat lfst_r_lfsd2pwc (LFS, private households): EMP / POP","VERIFIED, ratio DERIVED"
employed_share,DE,DE2,Y15-74,2024,71.21,percent of population,"Eurostat lfst_r_lfsd2pwc (LFS, private households): EMP / POP","VERIFIED, ratio DERIVED"
employed_share,DE,DE3,Y15-74,2024,66.62,percent of population,"Eurostat lfst_r_lfsd2pwc (LFS, private households): EMP / POP","VERIFIED, ratio DERIVED"
employed_share,DE,DE4,Y15-74,2024,65.23,percent of population,"Eurostat lfst_r_lfsd2pwc (LFS, private households): EMP / POP","VERIFIED, ratio DERIVED"
employed_share,DE,DE5,Y15-74,2024,63.65,percent of population,"Eurostat lfst_r_lfsd2pwc (LFS, private households): EMP / POP","VERIFIED, ratio DERIVED"
employed_share,DE,DE6,Y15-74,2024,68.75,percent of population,"Eurostat lfst_r_lfsd2pwc (LFS, private households): EMP / POP","VERIFIED, ratio DERIVED"
employed_share,DE,DE7,Y15-74,2024,67.48,percent of population,"Eurostat lfst_r_lfsd2pwc (LFS, private households): EMP / POP","VERIFIED, ratio DERIVED"
employed_share,DE,DE8,Y15-74,2024,62.29,percent of population,"Eurostat lfst_r_lfsd2pwc (LFS, private households): EMP / POP","VERIFIED, ratio DERIVED"
employed_share,DE,DE9,Y15-74,2024,67.54,percent of population,"Eurostat lfst_r_lfsd2pwc (LFS, private households): EMP / POP","VERIFIED, ratio DERIVED"
employed_share,DE,DEA,Y15-74,2024,65.95,percent of population,"Eurostat lfst_r_lfsd2pwc (LFS, private households): EMP / POP","VERIFIED, ratio DERIVED"
employed_share,DE,DEB,Y15-74,2024,67.68,percent of population,"Eurostat lfst_r_lfsd2pwc (LFS, private households): EMP / POP","VERIFIED, ratio DERIVED"
employed_share,DE,DEC,Y15-74,2024,63.24,percent of population,"Eurostat lfst_r_lfsd2pwc (LFS, private households): EMP / POP","VERIFIED, ratio DERIVED"
employed_share,DE,DED,Y15-74,2024,65.86,percent of population,"Eurostat lfst_r_lfsd2pwc (LFS, private households): EMP / POP","VERIFIED, ratio DERIVED"
employed_share,DE,DEE,Y15-74,2024,62.76,percent of population,"Eurostat lfst_r_lfsd2pwc (LFS, private households): EMP / POP","VERIFIED, ratio DERIVED"
employed_share,DE,DEF,Y15-74,2024,67.41,percent of population,"Eurostat lfst_r_lfsd2pwc (LFS, private households): EMP / POP","VERIFIED, ratio DERIVED"
employed_share,DE,DEG,Y15-74,2024,64.19,percent of population,"Eurostat lfst_r_lfsd2pwc (LFS, private households): EMP / POP","VERIFIED, ratio DERIVED"
employed_share,DE,DE,Y20-64,2024,81.07,percent of population,"Eurostat lfst_r_lfsd2pwc (LFS, private households): EMP / POP","VERIFIED, ratio DERIVED"
employed_share,DE,DE1,Y20-64,2024,83.49,percent of population,"Eurostat lfst_r_lfsd2pwc (LFS, private households): EMP / POP","VERIFIED, ratio DERIVED"
employed_share,DE,DE2,Y20-64,2024,84.16,percent of population,"Eurostat lfst_r_lfsd2pwc (LFS, private households): EMP / POP","VERIFIED, ratio DERIVED"
employed_share,DE,DE3,Y20-64,2024,77.54,percent of population,"Eurostat lfst_r_lfsd2pwc (LFS, private households): EMP / POP","VERIFIED, ratio DERIVED"
employed_share,DE,DE4,Y20-64,2024,82.01,percent of population,"Eurostat lfst_r_lfsd2pwc (LFS, private households): EMP / POP","VERIFIED, ratio DERIVED"
employed_share,DE,DE5,Y20-64,2024,75.09,percent of population,"Eurostat lfst_r_lfsd2pwc (LFS, private households): EMP / POP","VERIFIED, ratio DERIVED"
employed_share,DE,DE6,Y20-64,2024,79.23,percent of population,"Eurostat lfst_r_lfsd2pwc (LFS, private households): EMP / POP","VERIFIED, ratio DERIVED"
employed_share,DE,DE7,Y20-64,2024,80.38,percent of population,"Eurostat lfst_r_lfsd2pwc (LFS, private households): EMP / POP","VERIFIED, ratio DERIVED"
employed_share,DE,DE8,Y20-64,2024,79.89,percent of population,"Eurostat lfst_r_lfsd2pwc (LFS, private households): EMP / POP","VERIFIED, ratio DERIVED"
employed_share,DE,DE9,Y20-64,2024,80.79,percent of population,"Eurostat lfst_r_lfsd2pwc (LFS, private households): EMP / POP","VERIFIED, ratio DERIVED"
employed_share,DE,DEA,Y20-64,2024,78.72,percent of population,"Eurostat lfst_r_lfsd2pwc (LFS, private households): EMP / POP","VERIFIED, ratio DERIVED"
employed_share,DE,DEB,Y20-64,2024,81.78,percent of population,"Eurostat lfst_r_lfsd2pwc (LFS, private households): EMP / POP","VERIFIED, ratio DERIVED"
employed_share,DE,DEC,Y20-64,2024,78.18,percent of population,"Eurostat lfst_r_lfsd2pwc (LFS, private households): EMP / POP","VERIFIED, ratio DERIVED"
employed_share,DE,DED,Y20-64,2024,82.42,percent of population,"Eurostat lfst_r_lfsd2pwc (LFS, private households): EMP / POP","VERIFIED, ratio DERIVED"
employed_share,DE,DEE,Y20-64,2024,80.55,percent of population,"Eurostat lfst_r_lfsd2pwc (LFS, private households): EMP / POP","VERIFIED, ratio DERIVED"
employed_share,DE,DEF,Y20-64,2024,80.16,percent of population,"Eurostat lfst_r_lfsd2pwc (LFS, private households): EMP / POP","VERIFIED, ratio DERIVED"
employed_share,DE,DEG,Y20-64,2024,81.0,percent of population,"Eurostat lfst_r_lfsd2pwc (LFS, private households): EMP / POP","VERIFIED, ratio DERIVED"
employed_share,DE,DE,Y_GE15,2024,59.44,percent of population,"Eurostat lfst_r_lfsd2pwc (LFS, private households): EMP / POP","VERIFIED, ratio DERIVED"
employed_share,DE,DE1,Y_GE15,2024,62.59,percent of population,"Eurostat lfst_r_lfsd2pwc (LFS, private households): EMP / POP","VERIFIED, ratio DERIVED"
employed_share,DE,DE2,Y_GE15,2024,62.89,percent of population,"Eurostat lfst_r_lfsd2pwc (LFS, private households): EMP / POP","VERIFIED, ratio DERIVED"
employed_share,DE,DE3,Y_GE15,2024,59.25,percent of population,"Eurostat lfst_r_lfsd2pwc (LFS, private households): EMP / POP","VERIFIED, ratio DERIVED"
employed_share,DE,DE4,Y_GE15,2024,56.34,percent of population,"Eurostat lfst_r_lfsd2pwc (LFS, private households): EMP / POP","VERIFIED, ratio DERIVED"
employed_share,DE,DE5,Y_GE15,2024,56.05,percent of population,"Eurostat lfst_r_lfsd2pwc (LFS, private households): EMP / POP","VERIFIED, ratio DERIVED"
employed_share,DE,DE6,Y_GE15,2024,61.82,percent of population,"Eurostat lfst_r_lfsd2pwc (LFS, private households): EMP / POP","VERIFIED, ratio DERIVED"
employed_share,DE,DE7,Y_GE15,2024,59.46,percent of population,"Eurostat lfst_r_lfsd2pwc (LFS, private households): EMP / POP","VERIFIED, ratio DERIVED"
employed_share,DE,DE8,Y_GE15,2024,53.58,percent of population,"Eurostat lfst_r_lfsd2pwc (LFS, private households): EMP / POP","VERIFIED, ratio DERIVED"
employed_share,DE,DE9,Y_GE15,2024,59.27,percent of population,"Eurostat lfst_r_lfsd2pwc (LFS, private households): EMP / POP","VERIFIED, ratio DERIVED"
employed_share,DE,DEA,Y_GE15,2024,58.22,percent of population,"Eurostat lfst_r_lfsd2pwc (LFS, private households): EMP / POP","VERIFIED, ratio DERIVED"
employed_share,DE,DEB,Y_GE15,2024,59.84,percent of population,"Eurostat lfst_r_lfsd2pwc (LFS, private households): EMP / POP","VERIFIED, ratio DERIVED"
employed_share,DE,DEC,Y_GE15,2024,55.03,percent of population,"Eurostat lfst_r_lfsd2pwc (LFS, private households): EMP / POP","VERIFIED, ratio DERIVED"
employed_share,DE,DED,Y_GE15,2024,55.93,percent of population,"Eurostat lfst_r_lfsd2pwc (LFS, private households): EMP / POP","VERIFIED, ratio DERIVED"
employed_share,DE,DEE,Y_GE15,2024,53.37,percent of population,"Eurostat lfst_r_lfsd2pwc (LFS, private households): EMP / POP","VERIFIED, ratio DERIVED"
employed_share,DE,DEF,Y_GE15,2024,58.58,percent of population,"Eurostat lfst_r_lfsd2pwc (LFS, private households): EMP / POP","VERIFIED, ratio DERIVED"
employed_share,DE,DEG,Y_GE15,2024,54.88,percent of population,"Eurostat lfst_r_lfsd2pwc (LFS, private households): EMP / POP","VERIFIED, ratio DERIVED"
employed_share,DE,DE,Y15-64,2025,77.17,percent of population,"Eurostat lfst_r_lfsd2pwc (LFS, private households): EMP / POP","VERIFIED, ratio DERIVED"
employed_share,DE,DE1,Y15-64,2025,79.56,percent of population,"Eurostat lfst_r_lfsd2pwc (LFS, private households): EMP / POP","VERIFIED, ratio DERIVED"
employed_share,DE,DE2,Y15-64,2025,80.77,percent of population,"Eurostat lfst_r_lfsd2pwc (LFS, private households): EMP / POP","VERIFIED, ratio DERIVED"
employed_share,DE,DE3,Y15-64,2025,72.51,percent of population,"Eurostat lfst_r_lfsd2pwc (LFS, private households): EMP / POP","VERIFIED, ratio DERIVED"
employed_share,DE,DE4,Y15-64,2025,76.93,percent of population,"Eurostat lfst_r_lfsd2pwc (LFS, private households): EMP / POP","VERIFIED, ratio DERIVED"
employed_share,DE,DE5,Y15-64,2025,71.43,percent of population,"Eurostat lfst_r_lfsd2pwc (LFS, private households): EMP / POP","VERIFIED, ratio DERIVED"
employed_share,DE,DE6,Y15-64,2025,74.47,percent of population,"Eurostat lfst_r_lfsd2pwc (LFS, private households): EMP / POP","VERIFIED, ratio DERIVED"
employed_share,DE,DE7,Y15-64,2025,76.21,percent of population,"Eurostat lfst_r_lfsd2pwc (LFS, private households): EMP / POP","VERIFIED, ratio DERIVED"
employed_share,DE,DE8,Y15-64,2025,76.05,percent of population,"Eurostat lfst_r_lfsd2pwc (LFS, private households): EMP / POP","VERIFIED, ratio DERIVED"
employed_share,DE,DE9,Y15-64,2025,77.32,percent of population,"Eurostat lfst_r_lfsd2pwc (LFS, private households): EMP / POP","VERIFIED, ratio DERIVED"
employed_share,DE,DEA,Y15-64,2025,74.82,percent of population,"Eurostat lfst_r_lfsd2pwc (LFS, private households): EMP / POP","VERIFIED, ratio DERIVED"
employed_share,DE,DEB,Y15-64,2025,78.66,percent of population,"Eurostat lfst_r_lfsd2pwc (LFS, private households): EMP / POP","VERIFIED, ratio DERIVED"
employed_share,DE,DEC,Y15-64,2025,74.56,percent of population,"Eurostat lfst_r_lfsd2pwc (LFS, private households): EMP / POP","VERIFIED, ratio DERIVED"
employed_share,DE,DED,Y15-64,2025,77.77,percent of population,"Eurostat lfst_r_lfsd2pwc (LFS, private households): EMP / POP","VERIFIED, ratio DERIVED"
employed_share,DE,DEE,Y15-64,2025,74.9,percent of population,"Eurostat lfst_r_lfsd2pwc (LFS, private households): EMP / POP","VERIFIED, ratio DERIVED"
employed_share,DE,DEF,Y15-64,2025,77.26,percent of population,"Eurostat lfst_r_lfsd2pwc (LFS, private households): EMP / POP","VERIFIED, ratio DERIVED"
employed_share,DE,DEG,Y15-64,2025,77.4,percent of population,"Eurostat lfst_r_lfsd2pwc (LFS, private households): EMP / POP","VERIFIED, ratio DERIVED"
employed_share,DE,DE,Y15-74,2025,67.62,percent of population,"Eurostat lfst_r_lfsd2pwc (LFS, private households): EMP / POP","VERIFIED, ratio DERIVED"
employed_share,DE,DE1,Y15-74,2025,70.58,percent of population,"Eurostat lfst_r_lfsd2pwc (LFS, private households): EMP / POP","VERIFIED, ratio DERIVED"
employed_share,DE,DE2,Y15-74,2025,71.26,percent of population,"Eurostat lfst_r_lfsd2pwc (LFS, private households): EMP / POP","VERIFIED, ratio DERIVED"
employed_share,DE,DE3,Y15-74,2025,65.82,percent of population,"Eurostat lfst_r_lfsd2pwc (LFS, private households): EMP / POP","VERIFIED, ratio DERIVED"
employed_share,DE,DE4,Y15-74,2025,64.29,percent of population,"Eurostat lfst_r_lfsd2pwc (LFS, private households): EMP / POP","VERIFIED, ratio DERIVED"
employed_share,DE,DE5,Y15-74,2025,63.86,percent of population,"Eurostat lfst_r_lfsd2pwc (LFS, private households): EMP / POP","VERIFIED, ratio DERIVED"
employed_share,DE,DE6,Y15-74,2025,68.31,percent of population,"Eurostat lfst_r_lfsd2pwc (LFS, private households): EMP / POP","VERIFIED, ratio DERIVED"
employed_share,DE,DE7,Y15-74,2025,67.46,percent of population,"Eurostat lfst_r_lfsd2pwc (LFS, private households): EMP / POP","VERIFIED, ratio DERIVED"
employed_share,DE,DE8,Y15-74,2025,62.35,percent of population,"Eurostat lfst_r_lfsd2pwc (LFS, private households): EMP / POP","VERIFIED, ratio DERIVED"
employed_share,DE,DE9,Y15-74,2025,67.77,percent of population,"Eurostat lfst_r_lfsd2pwc (LFS, private households): EMP / POP","VERIFIED, ratio DERIVED"
employed_share,DE,DEA,Y15-74,2025,65.95,percent of population,"Eurostat lfst_r_lfsd2pwc (LFS, private households): EMP / POP","VERIFIED, ratio DERIVED"
employed_share,DE,DEB,Y15-74,2025,68.25,percent of population,"Eurostat lfst_r_lfsd2pwc (LFS, private households): EMP / POP","VERIFIED, ratio DERIVED"
employed_share,DE,DEC,Y15-74,2025,63.69,percent of population,"Eurostat lfst_r_lfsd2pwc (LFS, private households): EMP / POP","VERIFIED, ratio DERIVED"
employed_share,DE,DED,Y15-74,2025,65.74,percent of population,"Eurostat lfst_r_lfsd2pwc (LFS, private households): EMP / POP","VERIFIED, ratio DERIVED"
employed_share,DE,DEE,Y15-74,2025,61.75,percent of population,"Eurostat lfst_r_lfsd2pwc (LFS, private households): EMP / POP","VERIFIED, ratio DERIVED"
employed_share,DE,DEF,Y15-74,2025,67.8,percent of population,"Eurostat lfst_r_lfsd2pwc (LFS, private households): EMP / POP","VERIFIED, ratio DERIVED"
employed_share,DE,DEG,Y15-74,2025,64.2,percent of population,"Eurostat lfst_r_lfsd2pwc (LFS, private households): EMP / POP","VERIFIED, ratio DERIVED"
employed_share,DE,DE,Y20-64,2025,81.14,percent of population,"Eurostat lfst_r_lfsd2pwc (LFS, private households): EMP / POP","VERIFIED, ratio DERIVED"
employed_share,DE,DE1,Y20-64,2025,83.55,percent of population,"Eurostat lfst_r_lfsd2pwc (LFS, private households): EMP / POP","VERIFIED, ratio DERIVED"
employed_share,DE,DE2,Y20-64,2025,84.31,percent of population,"Eurostat lfst_r_lfsd2pwc (LFS, private households): EMP / POP","VERIFIED, ratio DERIVED"
employed_share,DE,DE3,Y20-64,2025,76.7,percent of population,"Eurostat lfst_r_lfsd2pwc (LFS, private households): EMP / POP","VERIFIED, ratio DERIVED"
employed_share,DE,DE4,Y20-64,2025,81.59,percent of population,"Eurostat lfst_r_lfsd2pwc (LFS, private households): EMP / POP","VERIFIED, ratio DERIVED"
employed_share,DE,DE5,Y20-64,2025,74.69,percent of population,"Eurostat lfst_r_lfsd2pwc (LFS, private households): EMP / POP","VERIFIED, ratio DERIVED"
employed_share,DE,DE6,Y20-64,2025,78.75,percent of population,"Eurostat lfst_r_lfsd2pwc (LFS, private households): EMP / POP","VERIFIED, ratio DERIVED"
employed_share,DE,DE7,Y20-64,2025,80.4,percent of population,"Eurostat lfst_r_lfsd2pwc (LFS, private households): EMP / POP","VERIFIED, ratio DERIVED"
employed_share,DE,DE8,Y20-64,2025,80.3,percent of population,"Eurostat lfst_r_lfsd2pwc (LFS, private households): EMP / POP","VERIFIED, ratio DERIVED"
employed_share,DE,DE9,Y20-64,2025,81.28,percent of population,"Eurostat lfst_r_lfsd2pwc (LFS, private households): EMP / POP","VERIFIED, ratio DERIVED"
employed_share,DE,DEA,Y20-64,2025,78.78,percent of population,"Eurostat lfst_r_lfsd2pwc (LFS, private households): EMP / POP","VERIFIED, ratio DERIVED"
employed_share,DE,DEB,Y20-64,2025,82.51,percent of population,"Eurostat lfst_r_lfsd2pwc (LFS, private households): EMP / POP","VERIFIED, ratio DERIVED"
employed_share,DE,DEC,Y20-64,2025,78.4,percent of population,"Eurostat lfst_r_lfsd2pwc (LFS, private households): EMP / POP","VERIFIED, ratio DERIVED"
employed_share,DE,DED,Y20-64,2025,82.39,percent of population,"Eurostat lfst_r_lfsd2pwc (LFS, private households): EMP / POP","VERIFIED, ratio DERIVED"
employed_share,DE,DEE,Y20-64,2025,79.19,percent of population,"Eurostat lfst_r_lfsd2pwc (LFS, private households): EMP / POP","VERIFIED, ratio DERIVED"
employed_share,DE,DEF,Y20-64,2025,80.92,percent of population,"Eurostat lfst_r_lfsd2pwc (LFS, private households): EMP / POP","VERIFIED, ratio DERIVED"
employed_share,DE,DEG,Y20-64,2025,81.35,percent of population,"Eurostat lfst_r_lfsd2pwc (LFS, private households): EMP / POP","VERIFIED, ratio DERIVED"
employed_share,DE,DE,Y_GE15,2025,59.31,percent of population,"Eurostat lfst_r_lfsd2pwc (LFS, private households): EMP / POP","VERIFIED, ratio DERIVED"
employed_share,DE,DE1,Y_GE15,2025,62.3,percent of population,"Eurostat lfst_r_lfsd2pwc (LFS, private households): EMP / POP","VERIFIED, ratio DERIVED"
employed_share,DE,DE2,Y_GE15,2025,62.77,percent of population,"Eurostat lfst_r_lfsd2pwc (LFS, private households): EMP / POP","VERIFIED, ratio DERIVED"
employed_share,DE,DE3,Y_GE15,2025,58.53,percent of population,"Eurostat lfst_r_lfsd2pwc (LFS, private households): EMP / POP","VERIFIED, ratio DERIVED"
employed_share,DE,DE4,Y_GE15,2025,55.39,percent of population,"Eurostat lfst_r_lfsd2pwc (LFS, private households): EMP / POP","VERIFIED, ratio DERIVED"
employed_share,DE,DE5,Y_GE15,2025,56.21,percent of population,"Eurostat lfst_r_lfsd2pwc (LFS, private households): EMP / POP","VERIFIED, ratio DERIVED"
employed_share,DE,DE6,Y_GE15,2025,61.39,percent of population,"Eurostat lfst_r_lfsd2pwc (LFS, private households): EMP / POP","VERIFIED, ratio DERIVED"
employed_share,DE,DE7,Y_GE15,2025,59.49,percent of population,"Eurostat lfst_r_lfsd2pwc (LFS, private households): EMP / POP","VERIFIED, ratio DERIVED"
employed_share,DE,DE8,Y_GE15,2025,53.49,percent of population,"Eurostat lfst_r_lfsd2pwc (LFS, private households): EMP / POP","VERIFIED, ratio DERIVED"
employed_share,DE,DE9,Y_GE15,2025,59.33,percent of population,"Eurostat lfst_r_lfsd2pwc (LFS, private households): EMP / POP","VERIFIED, ratio DERIVED"
employed_share,DE,DEA,Y_GE15,2025,58.22,percent of population,"Eurostat lfst_r_lfsd2pwc (LFS, private households): EMP / POP","VERIFIED, ratio DERIVED"
employed_share,DE,DEB,Y_GE15,2025,60.27,percent of population,"Eurostat lfst_r_lfsd2pwc (LFS, private households): EMP / POP","VERIFIED, ratio DERIVED"
employed_share,DE,DEC,Y_GE15,2025,55.24,percent of population,"Eurostat lfst_r_lfsd2pwc (LFS, private households): EMP / POP","VERIFIED, ratio DERIVED"
employed_share,DE,DED,Y_GE15,2025,55.59,percent of population,"Eurostat lfst_r_lfsd2pwc (LFS, private households): EMP / POP","VERIFIED, ratio DERIVED"
employed_share,DE,DEE,Y_GE15,2025,52.47,percent of population,"Eurostat lfst_r_lfsd2pwc (LFS, private households): EMP / POP","VERIFIED, ratio DERIVED"
employed_share,DE,DEF,Y_GE15,2025,58.97,percent of population,"Eurostat lfst_r_lfsd2pwc (LFS, private households): EMP / POP","VERIFIED, ratio DERIVED"
employed_share,DE,DEG,Y_GE15,2025,54.67,percent of population,"Eurostat lfst_r_lfsd2pwc (LFS, private households): EMP / POP","VERIFIED, ratio DERIVED"
employed_share,FR,FR,Y15-64,2015,63.73,percent of population,"Eurostat lfst_r_lfsd2pwc (LFS, private households): EMP / POP","VERIFIED, ratio DERIVED"
employed_share,FR,FR1,Y15-64,2015,66.18,percent of population,"Eurostat lfst_r_lfsd2pwc (LFS, private households): EMP / POP","VERIFIED, ratio DERIVED"
employed_share,FR,FRB,Y15-64,2015,62.97,percent of population,"Eurostat lfst_r_lfsd2pwc (LFS, private households): EMP / POP","VERIFIED, ratio DERIVED"
employed_share,FR,FRC,Y15-64,2015,64.67,percent of population,"Eurostat lfst_r_lfsd2pwc (LFS, private households): EMP / POP","VERIFIED, ratio DERIVED"
employed_share,FR,FRD,Y15-64,2015,63.92,percent of population,"Eurostat lfst_r_lfsd2pwc (LFS, private households): EMP / POP","VERIFIED, ratio DERIVED"
employed_share,FR,FRE,Y15-64,2015,58.52,percent of population,"Eurostat lfst_r_lfsd2pwc (LFS, private households): EMP / POP","VERIFIED, ratio DERIVED"
employed_share,FR,FRF,Y15-64,2015,62.77,percent of population,"Eurostat lfst_r_lfsd2pwc (LFS, private households): EMP / POP","VERIFIED, ratio DERIVED"
employed_share,FR,FRG,Y15-64,2015,67.65,percent of population,"Eurostat lfst_r_lfsd2pwc (LFS, private households): EMP / POP","VERIFIED, ratio DERIVED"
employed_share,FR,FRH,Y15-64,2015,67.57,percent of population,"Eurostat lfst_r_lfsd2pwc (LFS, private households): EMP / POP","VERIFIED, ratio DERIVED"
employed_share,FR,FRI,Y15-64,2015,65.89,percent of population,"Eurostat lfst_r_lfsd2pwc (LFS, private households): EMP / POP","VERIFIED, ratio DERIVED"
employed_share,FR,FRJ,Y15-64,2015,62.09,percent of population,"Eurostat lfst_r_lfsd2pwc (LFS, private households): EMP / POP","VERIFIED, ratio DERIVED"
employed_share,FR,FRK,Y15-64,2015,66.29,percent of population,"Eurostat lfst_r_lfsd2pwc (LFS, private households): EMP / POP","VERIFIED, ratio DERIVED"
employed_share,FR,FRL,Y15-64,2015,61.91,percent of population,"Eurostat lfst_r_lfsd2pwc (LFS, private households): EMP / POP","VERIFIED, ratio DERIVED"
employed_share,FR,FRM,Y15-64,2015,55.36,percent of population,"Eurostat lfst_r_lfsd2pwc (LFS, private households): EMP / POP","VERIFIED (Eurostat flags: u), ratio DERIVED"
employed_share,FR,FRY,Y15-64,2015,47.7,percent of population,"Eurostat lfst_r_lfsd2pwc (LFS, private households): EMP / POP","VERIFIED, ratio DERIVED"
employed_share,FR,FR,Y15-74,2015,55.95,percent of population,"Eurostat lfst_r_lfsd2pwc (LFS, private households): EMP / POP","VERIFIED, ratio DERIVED"
employed_share,FR,FR1,Y15-74,2015,60.06,percent of population,"Eurostat lfst_r_lfsd2pwc (LFS, private households): EMP / POP","VERIFIED, ratio DERIVED"
employed_share,FR,FRB,Y15-74,2015,53.78,percent of population,"Eurostat lfst_r_lfsd2pwc (LFS, private households): EMP / POP","VERIFIED, ratio DERIVED"
employed_share,FR,FRC,Y15-74,2015,56.0,percent of population,"Eurostat lfst_r_lfsd2pwc (LFS, private households): EMP / POP","VERIFIED, ratio DERIVED"
employed_share,FR,FRD,Y15-74,2015,55.91,percent of population,"Eurostat lfst_r_lfsd2pwc (LFS, private households): EMP / POP","VERIFIED, ratio DERIVED"
employed_share,FR,FRE,Y15-74,2015,51.89,percent of population,"Eurostat lfst_r_lfsd2pwc (LFS, private households): EMP / POP","VERIFIED, ratio DERIVED"
employed_share,FR,FRF,Y15-74,2015,55.44,percent of population,"Eurostat lfst_r_lfsd2pwc (LFS, private households): EMP / POP","VERIFIED, ratio DERIVED"
employed_share,FR,FRG,Y15-74,2015,59.31,percent of population,"Eurostat lfst_r_lfsd2pwc (LFS, private households): EMP / POP","VERIFIED, ratio DERIVED"
employed_share,FR,FRH,Y15-74,2015,58.95,percent of population,"Eurostat lfst_r_lfsd2pwc (LFS, private households): EMP / POP","VERIFIED, ratio DERIVED"
employed_share,FR,FRI,Y15-74,2015,56.34,percent of population,"Eurostat lfst_r_lfsd2pwc (LFS, private households): EMP / POP","VERIFIED, ratio DERIVED"
employed_share,FR,FRJ,Y15-74,2015,53.3,percent of population,"Eurostat lfst_r_lfsd2pwc (LFS, private households): EMP / POP","VERIFIED, ratio DERIVED"
employed_share,FR,FRK,Y15-74,2015,58.06,percent of population,"Eurostat lfst_r_lfsd2pwc (LFS, private households): EMP / POP","VERIFIED, ratio DERIVED"
employed_share,FR,FRL,Y15-74,2015,53.23,percent of population,"Eurostat lfst_r_lfsd2pwc (LFS, private households): EMP / POP","VERIFIED, ratio DERIVED"
employed_share,FR,FRM,Y15-74,2015,41.93,percent of population,"Eurostat lfst_r_lfsd2pwc (LFS, private households): EMP / POP","VERIFIED (Eurostat flags: u), ratio DERIVED"
employed_share,FR,FRY,Y15-74,2015,43.66,percent of population,"Eurostat lfst_r_lfsd2pwc (LFS, private households): EMP / POP","VERIFIED, ratio DERIVED"
employed_share,FR,FR,Y20-64,2015,69.47,percent of population,"Eurostat lfst_r_lfsd2pwc (LFS, private households): EMP / POP","VERIFIED, ratio DERIVED"
employed_share,FR,FR1,Y20-64,2015,72.28,percent of population,"Eurostat lfst_r_lfsd2pwc (LFS, private households): EMP / POP","VERIFIED, ratio DERIVED"
employed_share,FR,FRB,Y20-64,2015,68.51,percent of population,"Eurostat lfst_r_lfsd2pwc (LFS, private households): EMP / POP","VERIFIED, ratio DERIVED"
employed_share,FR,FRC,Y20-64,2015,70.45,percent of population,"Eurostat lfst_r_lfsd2pwc (LFS, private households): EMP / POP","VERIFIED, ratio DERIVED"
employed_share,FR,FRD,Y20-64,2015,69.6,percent of population,"Eurostat lfst_r_lfsd2pwc (LFS, private households): EMP / POP","VERIFIED, ratio DERIVED"
employed_share,FR,FRE,Y20-64,2015,64.07,percent of population,"Eurostat lfst_r_lfsd2pwc (LFS, private households): EMP / POP","VERIFIED, ratio DERIVED"
employed_share,FR,FRF,Y20-64,2015,68.01,percent of population,"Eurostat lfst_r_lfsd2pwc (LFS, private households): EMP / POP","VERIFIED, ratio DERIVED"
employed_share,FR,FRG,Y20-64,2015,73.06,percent of population,"Eurostat lfst_r_lfsd2pwc (LFS, private households): EMP / POP","VERIFIED, ratio DERIVED"
employed_share,FR,FRH,Y20-64,2015,73.61,percent of population,"Eurostat lfst_r_lfsd2pwc (LFS, private households): EMP / POP","VERIFIED, ratio DERIVED"
employed_share,FR,FRI,Y20-64,2015,71.11,percent of population,"Eurostat lfst_r_lfsd2pwc (LFS, private households): EMP / POP","VERIFIED, ratio DERIVED"
employed_share,FR,FRJ,Y20-64,2015,67.7,percent of population,"Eurostat lfst_r_lfsd2pwc (LFS, private households): EMP / POP","VERIFIED, ratio DERIVED"
employed_share,FR,FRK,Y20-64,2015,72.25,percent of population,"Eurostat lfst_r_lfsd2pwc (LFS, private households): EMP / POP","VERIFIED, ratio DERIVED"
employed_share,FR,FRL,Y20-64,2015,67.52,percent of population,"Eurostat lfst_r_lfsd2pwc (LFS, private households): EMP / POP","VERIFIED, ratio DERIVED"
employed_share,FR,FRM,Y20-64,2015,61.77,percent of population,"Eurostat lfst_r_lfsd2pwc (LFS, private households): EMP / POP","VERIFIED (Eurostat flags: u), ratio DERIVED"
employed_share,FR,FRY,Y20-64,2015,54.11,percent of population,"Eurostat lfst_r_lfsd2pwc (LFS, private households): EMP / POP","VERIFIED, ratio DERIVED"
employed_share,FR,FR,Y_GE15,2015,50.17,percent of population,"Eurostat lfst_r_lfsd2pwc (LFS, private households): EMP / POP","VERIFIED, ratio DERIVED"
employed_share,FR,FR1,Y_GE15,2015,55.45,percent of population,"Eurostat lfst_r_lfsd2pwc (LFS, private households): EMP / POP","VERIFIED, ratio DERIVED"
employed_share,FR,FRB,Y_GE15,2015,47.86,percent of population,"Eurostat lfst_r_lfsd2pwc (LFS, private households): EMP / POP","VERIFIED, ratio DERIVED"
employed_share,FR,FRC,Y_GE15,2015,49.42,percent of population,"Eurostat lfst_r_lfsd2pwc (LFS, private households): EMP / POP","VERIFIED, ratio DERIVED"
employed_share,FR,FRD,Y_GE15,2015,49.9,percent of population,"Eurostat lfst_r_lfsd2pwc (LFS, private households): EMP / POP","VERIFIED, ratio DERIVED"
employed_share,FR,FRE,Y_GE15,2015,47.19,percent of population,"Eurostat lfst_r_lfsd2pwc (LFS, private households): EMP / POP","VERIFIED, ratio DERIVED"
employed_share,FR,FRF,Y_GE15,2015,49.63,percent of population,"Eurostat lfst_r_lfsd2pwc (LFS, private households): EMP / POP","VERIFIED, ratio DERIVED"
employed_share,FR,FRG,Y_GE15,2015,52.73,percent of population,"Eurostat lfst_r_lfsd2pwc (LFS, private households): EMP / POP","VERIFIED, ratio DERIVED"
employed_share,FR,FRH,Y_GE15,2015,51.53,percent of population,"Eurostat lfst_r_lfsd2pwc (LFS, private households): EMP / POP","VERIFIED, ratio DERIVED"
employed_share,FR,FRI,Y_GE15,2015,49.43,percent of population,"Eurostat lfst_r_lfsd2pwc (LFS, private households): EMP / POP","VERIFIED, ratio DERIVED"
employed_share,FR,FRJ,Y_GE15,2015,47.22,percent of population,"Eurostat lfst_r_lfsd2pwc (LFS, private households): EMP / POP","VERIFIED, ratio DERIVED"
employed_share,FR,FRK,Y_GE15,2015,52.08,percent of population,"Eurostat lfst_r_lfsd2pwc (LFS, private households): EMP / POP","VERIFIED, ratio DERIVED"
employed_share,FR,FRL,Y_GE15,2015,46.82,percent of population,"Eurostat lfst_r_lfsd2pwc (LFS, private households): EMP / POP","VERIFIED, ratio DERIVED"
employed_share,FR,FRM,Y_GE15,2015,35.7,percent of population,"Eurostat lfst_r_lfsd2pwc (LFS, private households): EMP / POP","VERIFIED (Eurostat flags: u), ratio DERIVED"
employed_share,FR,FRY,Y_GE15,2015,40.83,percent of population,"Eurostat lfst_r_lfsd2pwc (LFS, private households): EMP / POP","VERIFIED, ratio DERIVED"
employed_share,FR,FR,Y15-64,2019,65.47,percent of population,"Eurostat lfst_r_lfsd2pwc (LFS, private households): EMP / POP","VERIFIED, ratio DERIVED"
employed_share,FR,FR1,Y15-64,2019,68.29,percent of population,"Eurostat lfst_r_lfsd2pwc (LFS, private households): EMP / POP","VERIFIED, ratio DERIVED"
employed_share,FR,FRB,Y15-64,2019,66.7,percent of population,"Eurostat lfst_r_lfsd2pwc (LFS, private households): EMP / POP","VERIFIED, ratio DERIVED"
employed_share,FR,FRC,Y15-64,2019,67.13,percent of population,"Eurostat lfst_r_lfsd2pwc (LFS, private households): EMP / POP","VERIFIED, ratio DERIVED"
employed_share,FR,FRD,Y15-64,2019,64.41,percent of population,"Eurostat lfst_r_lfsd2pwc (LFS, private households): EMP / POP","VERIFIED, ratio DERIVED"
employed_share,FR,FRE,Y15-64,2019,59.63,percent of population,"Eurostat lfst_r_lfsd2pwc (LFS, private households): EMP / POP","VERIFIED, ratio DERIVED"
employed_share,FR,FRF,Y15-64,2019,65.41,percent of population,"Eurostat lfst_r_lfsd2pwc (LFS, private households): EMP / POP","VERIFIED, ratio DERIVED"
employed_share,FR,FRG,Y15-64,2019,67.51,percent of population,"Eurostat lfst_r_lfsd2pwc (LFS, private households): EMP / POP","VERIFIED, ratio DERIVED"
employed_share,FR,FRH,Y15-64,2019,67.27,percent of population,"Eurostat lfst_r_lfsd2pwc (LFS, private households): EMP / POP","VERIFIED, ratio DERIVED"
employed_share,FR,FRI,Y15-64,2019,67.32,percent of population,"Eurostat lfst_r_lfsd2pwc (LFS, private households): EMP / POP","VERIFIED, ratio DERIVED"
employed_share,FR,FRJ,Y15-64,2019,64.14,percent of population,"Eurostat lfst_r_lfsd2pwc (LFS, private households): EMP / POP","VERIFIED, ratio DERIVED"
employed_share,FR,FRK,Y15-64,2019,68.81,percent of population,"Eurostat lfst_r_lfsd2pwc (LFS, private households): EMP / POP","VERIFIED, ratio DERIVED"
employed_share,FR,FRL,Y15-64,2019,63.44,percent of population,"Eurostat lfst_r_lfsd2pwc (LFS, private households): EMP / POP","VERIFIED, ratio DERIVED"
employed_share,FR,FRM,Y15-64,2019,67.23,percent of population,"Eurostat lfst_r_lfsd2pwc (LFS, private households): EMP / POP","VERIFIED (Eurostat flags: u), ratio DERIVED"
employed_share,FR,FRY,Y15-64,2019,47.34,percent of population,"Eurostat lfst_r_lfsd2pwc (LFS, private households): EMP / POP","VERIFIED, ratio DERIVED"
employed_share,FR,FR,Y15-74,2019,56.49,percent of population,"Eurostat lfst_r_lfsd2pwc (LFS, private households): EMP / POP","VERIFIED, ratio DERIVED"
employed_share,FR,FR1,Y15-74,2019,61.41,percent of population,"Eurostat lfst_r_lfsd2pwc (LFS, private households): EMP / POP","VERIFIED, ratio DERIVED"
employed_share,FR,FRB,Y15-74,2019,56.46,percent of population,"Eurostat lfst_r_lfsd2pwc (LFS, private households): EMP / POP","VERIFIED, ratio DERIVED"
employed_share,FR,FRC,Y15-74,2019,56.31,percent of population,"Eurostat lfst_r_lfsd2pwc (LFS, private households): EMP / POP","VERIFIED, ratio DERIVED"
employed_share,FR,FRD,Y15-74,2019,54.58,percent of population,"Eurostat lfst_r_lfsd2pwc (LFS, private households): EMP / POP","VERIFIED, ratio DERIVED"
employed_share,FR,FRE,Y15-74,2019,51.58,percent of population,"Eurostat lfst_r_lfsd2pwc (LFS, private households): EMP / POP","VERIFIED, ratio DERIVED"
employed_share,FR,FRF,Y15-74,2019,56.68,percent of population,"Eurostat lfst_r_lfsd2pwc (LFS, private households): EMP / POP","VERIFIED, ratio DERIVED"
employed_share,FR,FRG,Y15-74,2019,57.3,percent of population,"Eurostat lfst_r_lfsd2pwc (LFS, private households): EMP / POP","VERIFIED, ratio DERIVED"
employed_share,FR,FRH,Y15-74,2019,56.46,percent of population,"Eurostat lfst_r_lfsd2pwc (LFS, private households): EMP / POP","VERIFIED, ratio DERIVED"
employed_share,FR,FRI,Y15-74,2019,56.29,percent of population,"Eurostat lfst_r_lfsd2pwc (LFS, private households): EMP / POP","VERIFIED, ratio DERIVED"
employed_share,FR,FRJ,Y15-74,2019,54.26,percent of population,"Eurostat lfst_r_lfsd2pwc (LFS, private households): EMP / POP","VERIFIED, ratio DERIVED"
employed_share,FR,FRK,Y15-74,2019,59.84,percent of population,"Eurostat lfst_r_lfsd2pwc (LFS, private households): EMP / POP","VERIFIED, ratio DERIVED"
employed_share,FR,FRL,Y15-74,2019,54.02,percent of population,"Eurostat lfst_r_lfsd2pwc (LFS, private households): EMP / POP","VERIFIED, ratio DERIVED"
employed_share,FR,FRM,Y15-74,2019,54.15,percent of population,"Eurostat lfst_r_lfsd2pwc (LFS, private households): EMP / POP","VERIFIED (Eurostat flags: u), ratio DERIVED"
employed_share,FR,FRY,Y15-74,2019,42.71,percent of population,"Eurostat lfst_r_lfsd2pwc (LFS, private households): EMP / POP","VERIFIED, ratio DERIVED"
employed_share,FR,FR,Y20-64,2019,71.54,percent of population,"Eurostat lfst_r_lfsd2pwc (LFS, private households): EMP / POP","VERIFIED, ratio DERIVED"
employed_share,FR,FR1,Y20-64,2019,74.88,percent of population,"Eurostat lfst_r_lfsd2pwc (LFS, private households): EMP / POP","VERIFIED, ratio DERIVED"
employed_share,FR,FRB,Y20-64,2019,72.65,percent of population,"Eurostat lfst_r_lfsd2pwc (LFS, private households): EMP / POP","VERIFIED, ratio DERIVED"
employed_share,FR,FRC,Y20-64,2019,72.88,percent of population,"Eurostat lfst_r_lfsd2pwc (LFS, private households): EMP / POP","VERIFIED, ratio DERIVED"
employed_share,FR,FRD,Y20-64,2019,70.55,percent of population,"Eurostat lfst_r_lfsd2pwc (LFS, private households): EMP / POP","VERIFIED, ratio DERIVED"
employed_share,FR,FRE,Y20-64,2019,66.08,percent of population,"Eurostat lfst_r_lfsd2pwc (LFS, private households): EMP / POP","VERIFIED, ratio DERIVED"
employed_share,FR,FRF,Y20-64,2019,70.65,percent of population,"Eurostat lfst_r_lfsd2pwc (LFS, private households): EMP / POP","VERIFIED, ratio DERIVED"
employed_share,FR,FRG,Y20-64,2019,73.77,percent of population,"Eurostat lfst_r_lfsd2pwc (LFS, private households): EMP / POP","VERIFIED, ratio DERIVED"
employed_share,FR,FRH,Y20-64,2019,73.87,percent of population,"Eurostat lfst_r_lfsd2pwc (LFS, private households): EMP / POP","VERIFIED, ratio DERIVED"
employed_share,FR,FRI,Y20-64,2019,72.74,percent of population,"Eurostat lfst_r_lfsd2pwc (LFS, private households): EMP / POP","VERIFIED, ratio DERIVED"
employed_share,FR,FRJ,Y20-64,2019,69.71,percent of population,"Eurostat lfst_r_lfsd2pwc (LFS, private households): EMP / POP","VERIFIED, ratio DERIVED"
employed_share,FR,FRK,Y20-64,2019,74.6,percent of population,"Eurostat lfst_r_lfsd2pwc (LFS, private households): EMP / POP","VERIFIED, ratio DERIVED"
employed_share,FR,FRL,Y20-64,2019,69.9,percent of population,"Eurostat lfst_r_lfsd2pwc (LFS, private households): EMP / POP","VERIFIED, ratio DERIVED"
employed_share,FR,FRM,Y20-64,2019,69.11,percent of population,"Eurostat lfst_r_lfsd2pwc (LFS, private households): EMP / POP","VERIFIED (Eurostat flags: u), ratio DERIVED"
employed_share,FR,FRY,Y20-64,2019,53.69,percent of population,"Eurostat lfst_r_lfsd2pwc (LFS, private households): EMP / POP","VERIFIED, ratio DERIVED"
employed_share,FR,FR,Y_GE15,2019,50.57,percent of population,"Eurostat lfst_r_lfsd2pwc (LFS, private households): EMP / POP","VERIFIED, ratio DERIVED"
employed_share,FR,FR1,Y_GE15,2019,56.7,percent of population,"Eurostat lfst_r_lfsd2pwc (LFS, private households): EMP / POP","VERIFIED, ratio DERIVED"
employed_share,FR,FRB,Y_GE15,2019,49.56,percent of population,"Eurostat lfst_r_lfsd2pwc (LFS, private households): EMP / POP","VERIFIED, ratio DERIVED"
employed_share,FR,FRC,Y_GE15,2019,49.36,percent of population,"Eurostat lfst_r_lfsd2pwc (LFS, private households): EMP / POP","VERIFIED, ratio DERIVED"
employed_share,FR,FRD,Y_GE15,2019,48.43,percent of population,"Eurostat lfst_r_lfsd2pwc (LFS, private households): EMP / POP","VERIFIED, ratio DERIVED"
employed_share,FR,FRE,Y_GE15,2019,46.94,percent of population,"Eurostat lfst_r_lfsd2pwc (LFS, private households): EMP / POP","VERIFIED, ratio DERIVED"
employed_share,FR,FRF,Y_GE15,2019,50.81,percent of population,"Eurostat lfst_r_lfsd2pwc (LFS, private households): EMP / POP","VERIFIED, ratio DERIVED"
employed_share,FR,FRG,Y_GE15,2019,51.3,percent of population,"Eurostat lfst_r_lfsd2pwc (LFS, private households): EMP / POP","VERIFIED, ratio DERIVED"
employed_share,FR,FRH,Y_GE15,2019,50.24,percent of population,"Eurostat lfst_r_lfsd2pwc (LFS, private households): EMP / POP","VERIFIED, ratio DERIVED"
employed_share,FR,FRI,Y_GE15,2019,49.16,percent of population,"Eurostat lfst_r_lfsd2pwc (LFS, private households): EMP / POP","VERIFIED, ratio DERIVED"
employed_share,FR,FRJ,Y_GE15,2019,47.85,percent of population,"Eurostat lfst_r_lfsd2pwc (LFS, private households): EMP / POP","VERIFIED, ratio DERIVED"
employed_share,FR,FRK,Y_GE15,2019,53.5,percent of population,"Eurostat lfst_r_lfsd2pwc (LFS, private households): EMP / POP","VERIFIED, ratio DERIVED"
employed_share,FR,FRL,Y_GE15,2019,47.21,percent of population,"Eurostat lfst_r_lfsd2pwc (LFS, private households): EMP / POP","VERIFIED, ratio DERIVED"
employed_share,FR,FRM,Y_GE15,2019,45.37,percent of population,"Eurostat lfst_r_lfsd2pwc (LFS, private households): EMP / POP","VERIFIED (Eurostat flags: u), ratio DERIVED"
employed_share,FR,FRY,Y_GE15,2019,39.62,percent of population,"Eurostat lfst_r_lfsd2pwc (LFS, private households): EMP / POP","VERIFIED, ratio DERIVED"
employed_share,FR,FR,Y15-64,2024,68.81,percent of population,"Eurostat lfst_r_lfsd2pwc (LFS, private households): EMP / POP","VERIFIED (Eurostat flags: bd), ratio DERIVED"
employed_share,FR,FR1,Y15-64,2024,70.26,percent of population,"Eurostat lfst_r_lfsd2pwc (LFS, private households): EMP / POP","VERIFIED (Eurostat flags: bd), ratio DERIVED"
employed_share,FR,FRB,Y15-64,2024,72.24,percent of population,"Eurostat lfst_r_lfsd2pwc (LFS, private households): EMP / POP","VERIFIED (Eurostat flags: bd), ratio DERIVED"
employed_share,FR,FRC,Y15-64,2024,69.76,percent of population,"Eurostat lfst_r_lfsd2pwc (LFS, private households): EMP / POP","VERIFIED (Eurostat flags: bd), ratio DERIVED"
employed_share,FR,FRD,Y15-64,2024,68.7,percent of population,"Eurostat lfst_r_lfsd2pwc (LFS, private households): EMP / POP","VERIFIED (Eurostat flags: bd), ratio DERIVED"
employed_share,FR,FRE,Y15-64,2024,64.85,percent of population,"Eurostat lfst_r_lfsd2pwc (LFS, private households): EMP / POP","VERIFIED (Eurostat flags: bd), ratio DERIVED"
employed_share,FR,FRF,Y15-64,2024,68.78,percent of population,"Eurostat lfst_r_lfsd2pwc (LFS, private households): EMP / POP","VERIFIED (Eurostat flags: bd), ratio DERIVED"
employed_share,FR,FRG,Y15-64,2024,71.93,percent of population,"Eurostat lfst_r_lfsd2pwc (LFS, private households): EMP / POP","VERIFIED (Eurostat flags: bd), ratio DERIVED"
employed_share,FR,FRH,Y15-64,2024,71.85,percent of population,"Eurostat lfst_r_lfsd2pwc (LFS, private households): EMP / POP","VERIFIED (Eurostat flags: bd), ratio DERIVED"
employed_share,FR,FRI,Y15-64,2024,71.63,percent of population,"Eurostat lfst_r_lfsd2pwc (LFS, private households): EMP / POP","VERIFIED (Eurostat flags: bd), ratio DERIVED"
employed_share,FR,FRJ,Y15-64,2024,67.76,percent of population,"Eurostat lfst_r_lfsd2pwc (LFS, private households): EMP / POP","VERIFIED (Eurostat flags: bd), ratio DERIVED"
employed_share,FR,FRK,Y15-64,2024,70.92,percent of population,"Eurostat lfst_r_lfsd2pwc (LFS, private households): EMP / POP","VERIFIED (Eurostat flags: bd), ratio DERIVED"
employed_share,FR,FRL,Y15-64,2024,66.26,percent of population,"Eurostat lfst_r_lfsd2pwc (LFS, private households): EMP / POP","VERIFIED (Eurostat flags: bd), ratio DERIVED"
employed_share,FR,FRM,Y15-64,2024,63.23,percent of population,"Eurostat lfst_r_lfsd2pwc (LFS, private households): EMP / POP","VERIFIED (Eurostat flags: bdu), ratio DERIVED"
employed_share,FR,FRY,Y15-64,2024,49.93,percent of population,"Eurostat lfst_r_lfsd2pwc (LFS, private households): EMP / POP","VERIFIED (Eurostat flags: bd), ratio DERIVED"
employed_share,FR,FR,Y15-74,2024,59.34,percent of population,"Eurostat lfst_r_lfsd2pwc (LFS, private households): EMP / POP","VERIFIED (Eurostat flags: bd), ratio DERIVED"
employed_share,FR,FR1,Y15-74,2024,63.36,percent of population,"Eurostat lfst_r_lfsd2pwc (LFS, private households): EMP / POP","VERIFIED (Eurostat flags: bd), ratio DERIVED"
employed_share,FR,FRB,Y15-74,2024,60.82,percent of population,"Eurostat lfst_r_lfsd2pwc (LFS, private households): EMP / POP","VERIFIED (Eurostat flags: bd), ratio DERIVED"
employed_share,FR,FRC,Y15-74,2024,58.59,percent of population,"Eurostat lfst_r_lfsd2pwc (LFS, private households): EMP / POP","VERIFIED (Eurostat flags: bd), ratio DERIVED"
employed_share,FR,FRD,Y15-74,2024,57.87,percent of population,"Eurostat lfst_r_lfsd2pwc (LFS, private households): EMP / POP","VERIFIED (Eurostat flags: bd), ratio DERIVED"
employed_share,FR,FRE,Y15-74,2024,56.3,percent of population,"Eurostat lfst_r_lfsd2pwc (LFS, private households): EMP / POP","VERIFIED (Eurostat flags: bd), ratio DERIVED"
employed_share,FR,FRF,Y15-74,2024,58.41,percent of population,"Eurostat lfst_r_lfsd2pwc (LFS, private households): EMP / POP","VERIFIED (Eurostat flags: bd), ratio DERIVED"
employed_share,FR,FRG,Y15-74,2024,61.37,percent of population,"Eurostat lfst_r_lfsd2pwc (LFS, private households): EMP / POP","VERIFIED (Eurostat flags: bd), ratio DERIVED"
employed_share,FR,FRH,Y15-74,2024,60.54,percent of population,"Eurostat lfst_r_lfsd2pwc (LFS, private households): EMP / POP","VERIFIED (Eurostat flags: bd), ratio DERIVED"
employed_share,FR,FRI,Y15-74,2024,59.88,percent of population,"Eurostat lfst_r_lfsd2pwc (LFS, private households): EMP / POP","VERIFIED (Eurostat flags: bd), ratio DERIVED"
employed_share,FR,FRJ,Y15-74,2024,57.48,percent of population,"Eurostat lfst_r_lfsd2pwc (LFS, private households): EMP / POP","VERIFIED (Eurostat flags: bd), ratio DERIVED"
employed_share,FR,FRK,Y15-74,2024,61.55,percent of population,"Eurostat lfst_r_lfsd2pwc (LFS, private households): EMP / POP","VERIFIED (Eurostat flags: bd), ratio DERIVED"
employed_share,FR,FRL,Y15-74,2024,56.49,percent of population,"Eurostat lfst_r_lfsd2pwc (LFS, private households): EMP / POP","VERIFIED (Eurostat flags: bd), ratio DERIVED"
employed_share,FR,FRM,Y15-74,2024,54.68,percent of population,"Eurostat lfst_r_lfsd2pwc (LFS, private households): EMP / POP","VERIFIED (Eurostat flags: bdu), ratio DERIVED"
employed_share,FR,FRY,Y15-74,2024,45.01,percent of population,"Eurostat lfst_r_lfsd2pwc (LFS, private households): EMP / POP","VERIFIED (Eurostat flags: bd), ratio DERIVED"
employed_share,FR,FR,Y20-64,2024,74.97,percent of population,"Eurostat lfst_r_lfsd2pwc (LFS, private households): EMP / POP","VERIFIED (Eurostat flags: bd), ratio DERIVED"
employed_share,FR,FR1,Y20-64,2024,76.97,percent of population,"Eurostat lfst_r_lfsd2pwc (LFS, private households): EMP / POP","VERIFIED (Eurostat flags: bd), ratio DERIVED"
employed_share,FR,FRB,Y20-64,2024,78.61,percent of population,"Eurostat lfst_r_lfsd2pwc (LFS, private households): EMP / POP","VERIFIED (Eurostat flags: bd), ratio DERIVED"
employed_share,FR,FRC,Y20-64,2024,76.17,percent of population,"Eurostat lfst_r_lfsd2pwc (LFS, private households): EMP / POP","VERIFIED (Eurostat flags: bd), ratio DERIVED"
employed_share,FR,FRD,Y20-64,2024,74.82,percent of population,"Eurostat lfst_r_lfsd2pwc (LFS, private households): EMP / POP","VERIFIED (Eurostat flags: bd), ratio DERIVED"
employed_share,FR,FRE,Y20-64,2024,70.81,percent of population,"Eurostat lfst_r_lfsd2pwc (LFS, private households): EMP / POP","VERIFIED (Eurostat flags: bd), ratio DERIVED"
employed_share,FR,FRF,Y20-64,2024,74.41,percent of population,"Eurostat lfst_r_lfsd2pwc (LFS, private households): EMP / POP","VERIFIED (Eurostat flags: bd), ratio DERIVED"
employed_share,FR,FRG,Y20-64,2024,77.66,percent of population,"Eurostat lfst_r_lfsd2pwc (LFS, private households): EMP / POP","VERIFIED (Eurostat flags: bd), ratio DERIVED"
employed_share,FR,FRH,Y20-64,2024,78.2,percent of population,"Eurostat lfst_r_lfsd2pwc (LFS, private households): EMP / POP","VERIFIED (Eurostat flags: bd), ratio DERIVED"
employed_share,FR,FRI,Y20-64,2024,77.29,percent of population,"Eurostat lfst_r_lfsd2pwc (LFS, private households): EMP / POP","VERIFIED (Eurostat flags: bd), ratio DERIVED"
employed_share,FR,FRJ,Y20-64,2024,73.86,percent of population,"Eurostat lfst_r_lfsd2pwc (LFS, private households): EMP / POP","VERIFIED (Eurostat flags: bd), ratio DERIVED"
employed_share,FR,FRK,Y20-64,2024,76.33,percent of population,"Eurostat lfst_r_lfsd2pwc (LFS, private households): EMP / POP","VERIFIED (Eurostat flags: bd), ratio DERIVED"
employed_share,FR,FRL,Y20-64,2024,72.86,percent of population,"Eurostat lfst_r_lfsd2pwc (LFS, private households): EMP / POP","VERIFIED (Eurostat flags: bd), ratio DERIVED"
employed_share,FR,FRM,Y20-64,2024,71.72,percent of population,"Eurostat lfst_r_lfsd2pwc (LFS, private households): EMP / POP","VERIFIED (Eurostat flags: bdu), ratio DERIVED"
employed_share,FR,FRY,Y20-64,2024,56.77,percent of population,"Eurostat lfst_r_lfsd2pwc (LFS, private households): EMP / POP","VERIFIED (Eurostat flags: bd), ratio DERIVED"
employed_share,FR,FR,Y_GE15,2024,52.35,percent of population,"Eurostat lfst_r_lfsd2pwc (LFS, private households): EMP / POP","VERIFIED (Eurostat flags: bd), ratio DERIVED"
employed_share,FR,FR1,Y_GE15,2024,57.94,percent of population,"Eurostat lfst_r_lfsd2pwc (LFS, private households): EMP / POP","VERIFIED (Eurostat flags: bd), ratio DERIVED"
employed_share,FR,FRB,Y_GE15,2024,53.0,percent of population,"Eurostat lfst_r_lfsd2pwc (LFS, private households): EMP / POP","VERIFIED (Eurostat flags: bd), ratio DERIVED"
employed_share,FR,FRC,Y_GE15,2024,50.69,percent of population,"Eurostat lfst_r_lfsd2pwc (LFS, private households): EMP / POP","VERIFIED (Eurostat flags: bd), ratio DERIVED"
employed_share,FR,FRD,Y_GE15,2024,50.07,percent of population,"Eurostat lfst_r_lfsd2pwc (LFS, private households): EMP / POP","VERIFIED (Eurostat flags: bd), ratio DERIVED"
employed_share,FR,FRE,Y_GE15,2024,50.08,percent of population,"Eurostat lfst_r_lfsd2pwc (LFS, private households): EMP / POP","VERIFIED (Eurostat flags: bd), ratio DERIVED"
employed_share,FR,FRF,Y_GE15,2024,51.26,percent of population,"Eurostat lfst_r_lfsd2pwc (LFS, private households): EMP / POP","VERIFIED (Eurostat flags: bd), ratio DERIVED"
employed_share,FR,FRG,Y_GE15,2024,53.79,percent of population,"Eurostat lfst_r_lfsd2pwc (LFS, private households): EMP / POP","VERIFIED (Eurostat flags: bd), ratio DERIVED"
employed_share,FR,FRH,Y_GE15,2024,53.5,percent of population,"Eurostat lfst_r_lfsd2pwc (LFS, private households): EMP / POP","VERIFIED (Eurostat flags: bd), ratio DERIVED"
employed_share,FR,FRI,Y_GE15,2024,51.45,percent of population,"Eurostat lfst_r_lfsd2pwc (LFS, private households): EMP / POP","VERIFIED (Eurostat flags: bd), ratio DERIVED"
employed_share,FR,FRJ,Y_GE15,2024,50.2,percent of population,"Eurostat lfst_r_lfsd2pwc (LFS, private households): EMP / POP","VERIFIED (Eurostat flags: bd), ratio DERIVED"
employed_share,FR,FRK,Y_GE15,2024,54.39,percent of population,"Eurostat lfst_r_lfsd2pwc (LFS, private households): EMP / POP","VERIFIED (Eurostat flags: bd), ratio DERIVED"
employed_share,FR,FRL,Y_GE15,2024,48.33,percent of population,"Eurostat lfst_r_lfsd2pwc (LFS, private households): EMP / POP","VERIFIED (Eurostat flags: bd), ratio DERIVED"
employed_share,FR,FRM,Y_GE15,2024,48.1,percent of population,"Eurostat lfst_r_lfsd2pwc (LFS, private households): EMP / POP","VERIFIED (Eurostat flags: bdu), ratio DERIVED"
employed_share,FR,FRY,Y_GE15,2024,41.13,percent of population,"Eurostat lfst_r_lfsd2pwc (LFS, private households): EMP / POP","VERIFIED (Eurostat flags: bd), ratio DERIVED"
employed_share,FR,FR,Y15-64,2025,69.26,percent of population,"Eurostat lfst_r_lfsd2pwc (LFS, private households): EMP / POP","VERIFIED (Eurostat flags: d), ratio DERIVED"
employed_share,FR,FR1,Y15-64,2025,69.8,percent of population,"Eurostat lfst_r_lfsd2pwc (LFS, private households): EMP / POP","VERIFIED (Eurostat flags: d), ratio DERIVED"
employed_share,FR,FRB,Y15-64,2025,71.58,percent of population,"Eurostat lfst_r_lfsd2pwc (LFS, private households): EMP / POP","VERIFIED (Eurostat flags: d), ratio DERIVED"
employed_share,FR,FRC,Y15-64,2025,68.38,percent of population,"Eurostat lfst_r_lfsd2pwc (LFS, private households): EMP / POP","VERIFIED (Eurostat flags: d), ratio DERIVED"
employed_share,FR,FRD,Y15-64,2025,69.78,percent of population,"Eurostat lfst_r_lfsd2pwc (LFS, private households): EMP / POP","VERIFIED (Eurostat flags: d), ratio DERIVED"
employed_share,FR,FRE,Y15-64,2025,66.94,percent of population,"Eurostat lfst_r_lfsd2pwc (LFS, private households): EMP / POP","VERIFIED (Eurostat flags: d), ratio DERIVED"
employed_share,FR,FRF,Y15-64,2025,69.0,percent of population,"Eurostat lfst_r_lfsd2pwc (LFS, private households): EMP / POP","VERIFIED (Eurostat flags: d), ratio DERIVED"
employed_share,FR,FRG,Y15-64,2025,71.98,percent of population,"Eurostat lfst_r_lfsd2pwc (LFS, private households): EMP / POP","VERIFIED (Eurostat flags: d), ratio DERIVED"
employed_share,FR,FRH,Y15-64,2025,71.44,percent of population,"Eurostat lfst_r_lfsd2pwc (LFS, private households): EMP / POP","VERIFIED (Eurostat flags: d), ratio DERIVED"
employed_share,FR,FRI,Y15-64,2025,71.7,percent of population,"Eurostat lfst_r_lfsd2pwc (LFS, private households): EMP / POP","VERIFIED (Eurostat flags: d), ratio DERIVED"
employed_share,FR,FRJ,Y15-64,2025,68.96,percent of population,"Eurostat lfst_r_lfsd2pwc (LFS, private households): EMP / POP","VERIFIED (Eurostat flags: d), ratio DERIVED"
employed_share,FR,FRK,Y15-64,2025,71.91,percent of population,"Eurostat lfst_r_lfsd2pwc (LFS, private households): EMP / POP","VERIFIED (Eurostat flags: d), ratio DERIVED"
employed_share,FR,FRL,Y15-64,2025,68.03,percent of population,"Eurostat lfst_r_lfsd2pwc (LFS, private households): EMP / POP","VERIFIED (Eurostat flags: d), ratio DERIVED"
employed_share,FR,FRM,Y15-64,2025,63.85,percent of population,"Eurostat lfst_r_lfsd2pwc (LFS, private households): EMP / POP","VERIFIED (Eurostat flags: du), ratio DERIVED"
employed_share,FR,FRY,Y15-64,2025,50.46,percent of population,"Eurostat lfst_r_lfsd2pwc (LFS, private households): EMP / POP","VERIFIED (Eurostat flags: d), ratio DERIVED"
employed_share,FR,FR,Y15-74,2025,59.78,percent of population,"Eurostat lfst_r_lfsd2pwc (LFS, private households): EMP / POP","VERIFIED (Eurostat flags: d), ratio DERIVED"
employed_share,FR,FR1,Y15-74,2025,63.12,percent of population,"Eurostat lfst_r_lfsd2pwc (LFS, private households): EMP / POP","VERIFIED (Eurostat flags: d), ratio DERIVED"
employed_share,FR,FRB,Y15-74,2025,61.11,percent of population,"Eurostat lfst_r_lfsd2pwc (LFS, private households): EMP / POP","VERIFIED (Eurostat flags: d), ratio DERIVED"
employed_share,FR,FRC,Y15-74,2025,57.83,percent of population,"Eurostat lfst_r_lfsd2pwc (LFS, private households): EMP / POP","VERIFIED (Eurostat flags: d), ratio DERIVED"
employed_share,FR,FRD,Y15-74,2025,58.94,percent of population,"Eurostat lfst_r_lfsd2pwc (LFS, private households): EMP / POP","VERIFIED (Eurostat flags: d), ratio DERIVED"
employed_share,FR,FRE,Y15-74,2025,58.0,percent of population,"Eurostat lfst_r_lfsd2pwc (LFS, private households): EMP / POP","VERIFIED (Eurostat flags: d), ratio DERIVED"
employed_share,FR,FRF,Y15-74,2025,59.09,percent of population,"Eurostat lfst_r_lfsd2pwc (LFS, private households): EMP / POP","VERIFIED (Eurostat flags: d), ratio DERIVED"
employed_share,FR,FRG,Y15-74,2025,61.19,percent of population,"Eurostat lfst_r_lfsd2pwc (LFS, private households): EMP / POP","VERIFIED (Eurostat flags: d), ratio DERIVED"
employed_share,FR,FRH,Y15-74,2025,59.52,percent of population,"Eurostat lfst_r_lfsd2pwc (LFS, private households): EMP / POP","VERIFIED (Eurostat flags: d), ratio DERIVED"
employed_share,FR,FRI,Y15-74,2025,59.92,percent of population,"Eurostat lfst_r_lfsd2pwc (LFS, private households): EMP / POP","VERIFIED (Eurostat flags: d), ratio DERIVED"
employed_share,FR,FRJ,Y15-74,2025,58.44,percent of population,"Eurostat lfst_r_lfsd2pwc (LFS, private households): EMP / POP","VERIFIED (Eurostat flags: d), ratio DERIVED"
employed_share,FR,FRK,Y15-74,2025,62.42,percent of population,"Eurostat lfst_r_lfsd2pwc (LFS, private households): EMP / POP","VERIFIED (Eurostat flags: d), ratio DERIVED"
employed_share,FR,FRL,Y15-74,2025,57.96,percent of population,"Eurostat lfst_r_lfsd2pwc (LFS, private households): EMP / POP","VERIFIED (Eurostat flags: d), ratio DERIVED"
employed_share,FR,FRM,Y15-74,2025,54.91,percent of population,"Eurostat lfst_r_lfsd2pwc (LFS, private households): EMP / POP","VERIFIED (Eurostat flags: du), ratio DERIVED"
employed_share,FR,FRY,Y15-74,2025,45.16,percent of population,"Eurostat lfst_r_lfsd2pwc (LFS, private households): EMP / POP","VERIFIED (Eurostat flags: d), ratio DERIVED"
employed_share,FR,FR,Y20-64,2025,75.36,percent of population,"Eurostat lfst_r_lfsd2pwc (LFS, private households): EMP / POP","VERIFIED (Eurostat flags: d), ratio DERIVED"
employed_share,FR,FR1,Y20-64,2025,76.53,percent of population,"Eurostat lfst_r_lfsd2pwc (LFS, private households): EMP / POP","VERIFIED (Eurostat flags: d), ratio DERIVED"
employed_share,FR,FRB,Y20-64,2025,77.87,percent of population,"Eurostat lfst_r_lfsd2pwc (LFS, private households): EMP / POP","VERIFIED (Eurostat flags: d), ratio DERIVED"
employed_share,FR,FRC,Y20-64,2025,74.7,percent of population,"Eurostat lfst_r_lfsd2pwc (LFS, private households): EMP / POP","VERIFIED (Eurostat flags: d), ratio DERIVED"
employed_share,FR,FRD,Y20-64,2025,75.84,percent of population,"Eurostat lfst_r_lfsd2pwc (LFS, private households): EMP / POP","VERIFIED (Eurostat flags: d), ratio DERIVED"
employed_share,FR,FRE,Y20-64,2025,72.61,percent of population,"Eurostat lfst_r_lfsd2pwc (LFS, private households): EMP / POP","VERIFIED (Eurostat flags: d), ratio DERIVED"
employed_share,FR,FRF,Y20-64,2025,75.0,percent of population,"Eurostat lfst_r_lfsd2pwc (LFS, private households): EMP / POP","VERIFIED (Eurostat flags: d), ratio DERIVED"
employed_share,FR,FRG,Y20-64,2025,77.53,percent of population,"Eurostat lfst_r_lfsd2pwc (LFS, private households): EMP / POP","VERIFIED (Eurostat flags: d), ratio DERIVED"
employed_share,FR,FRH,Y20-64,2025,78.28,percent of population,"Eurostat lfst_r_lfsd2pwc (LFS, private households): EMP / POP","VERIFIED (Eurostat flags: d), ratio DERIVED"
employed_share,FR,FRI,Y20-64,2025,77.27,percent of population,"Eurostat lfst_r_lfsd2pwc (LFS, private households): EMP / POP","VERIFIED (Eurostat flags: d), ratio DERIVED"
employed_share,FR,FRJ,Y20-64,2025,74.92,percent of population,"Eurostat lfst_r_lfsd2pwc (LFS, private households): EMP / POP","VERIFIED (Eurostat flags: d), ratio DERIVED"
employed_share,FR,FRK,Y20-64,2025,77.13,percent of population,"Eurostat lfst_r_lfsd2pwc (LFS, private households): EMP / POP","VERIFIED (Eurostat flags: d), ratio DERIVED"
employed_share,FR,FRL,Y20-64,2025,74.36,percent of population,"Eurostat lfst_r_lfsd2pwc (LFS, private households): EMP / POP","VERIFIED (Eurostat flags: d), ratio DERIVED"
employed_share,FR,FRM,Y20-64,2025,72.9,percent of population,"Eurostat lfst_r_lfsd2pwc (LFS, private households): EMP / POP","VERIFIED (Eurostat flags: du), ratio DERIVED"
employed_share,FR,FRY,Y20-64,2025,57.11,percent of population,"Eurostat lfst_r_lfsd2pwc (LFS, private households): EMP / POP","VERIFIED (Eurostat flags: d), ratio DERIVED"
employed_share,FR,FR,Y_GE15,2025,52.57,percent of population,"Eurostat lfst_r_lfsd2pwc (LFS, private households): EMP / POP","VERIFIED (Eurostat flags: d), ratio DERIVED"
employed_share,FR,FR1,Y_GE15,2025,57.43,percent of population,"Eurostat lfst_r_lfsd2pwc (LFS, private households): EMP / POP","VERIFIED (Eurostat flags: d), ratio DERIVED"
employed_share,FR,FRB,Y_GE15,2025,52.64,percent of population,"Eurostat lfst_r_lfsd2pwc (LFS, private households): EMP / POP","VERIFIED (Eurostat flags: d), ratio DERIVED"
employed_share,FR,FRC,Y_GE15,2025,49.76,percent of population,"Eurostat lfst_r_lfsd2pwc (LFS, private households): EMP / POP","VERIFIED (Eurostat flags: d), ratio DERIVED"
employed_share,FR,FRD,Y_GE15,2025,51.23,percent of population,"Eurostat lfst_r_lfsd2pwc (LFS, private households): EMP / POP","VERIFIED (Eurostat flags: d), ratio DERIVED"
employed_share,FR,FRE,Y_GE15,2025,51.59,percent of population,"Eurostat lfst_r_lfsd2pwc (LFS, private households): EMP / POP","VERIFIED (Eurostat flags: d), ratio DERIVED"
employed_share,FR,FRF,Y_GE15,2025,51.81,percent of population,"Eurostat lfst_r_lfsd2pwc (LFS, private households): EMP / POP","VERIFIED (Eurostat flags: d), ratio DERIVED"
employed_share,FR,FRG,Y_GE15,2025,53.77,percent of population,"Eurostat lfst_r_lfsd2pwc (LFS, private households): EMP / POP","VERIFIED (Eurostat flags: d), ratio DERIVED"
employed_share,FR,FRH,Y_GE15,2025,52.31,percent of population,"Eurostat lfst_r_lfsd2pwc (LFS, private households): EMP / POP","VERIFIED (Eurostat flags: d), ratio DERIVED"
employed_share,FR,FRI,Y_GE15,2025,51.37,percent of population,"Eurostat lfst_r_lfsd2pwc (LFS, private households): EMP / POP","VERIFIED (Eurostat flags: d), ratio DERIVED"
employed_share,FR,FRJ,Y_GE15,2025,50.62,percent of population,"Eurostat lfst_r_lfsd2pwc (LFS, private households): EMP / POP","VERIFIED (Eurostat flags: d), ratio DERIVED"
employed_share,FR,FRK,Y_GE15,2025,54.94,percent of population,"Eurostat lfst_r_lfsd2pwc (LFS, private households): EMP / POP","VERIFIED (Eurostat flags: d), ratio DERIVED"
employed_share,FR,FRL,Y_GE15,2025,49.61,percent of population,"Eurostat lfst_r_lfsd2pwc (LFS, private households): EMP / POP","VERIFIED (Eurostat flags: d), ratio DERIVED"
employed_share,FR,FRM,Y_GE15,2025,47.17,percent of population,"Eurostat lfst_r_lfsd2pwc (LFS, private households): EMP / POP","VERIFIED (Eurostat flags: du), ratio DERIVED"
employed_share,FR,FRY,Y_GE15,2025,41.21,percent of population,"Eurostat lfst_r_lfsd2pwc (LFS, private households): EMP / POP","VERIFIED (Eurostat flags: d), ratio DERIVED"
employed_share,IT,IT,Y15-64,2015,56.29,percent of population,"Eurostat lfst_r_lfsd2pwc (LFS, private households): EMP / POP","VERIFIED, ratio DERIVED"
employed_share,IT,ITC1,Y15-64,2015,63.67,percent of population,"Eurostat lfst_r_lfsd2pwc (LFS, private households): EMP / POP","VERIFIED, ratio DERIVED"
employed_share,IT,ITC2,Y15-64,2015,66.21,percent of population,"Eurostat lfst_r_lfsd2pwc (LFS, private households): EMP / POP","VERIFIED, ratio DERIVED"
employed_share,IT,ITC3,Y15-64,2015,62.38,percent of population,"Eurostat lfst_r_lfsd2pwc (LFS, private households): EMP / POP","VERIFIED, ratio DERIVED"
employed_share,IT,ITC4,Y15-64,2015,65.14,percent of population,"Eurostat lfst_r_lfsd2pwc (LFS, private households): EMP / POP","VERIFIED, ratio DERIVED"
employed_share,IT,ITF1,Y15-64,2015,54.5,percent of population,"Eurostat lfst_r_lfsd2pwc (LFS, private households): EMP / POP","VERIFIED, ratio DERIVED"
employed_share,IT,ITF2,Y15-64,2015,49.41,percent of population,"Eurostat lfst_r_lfsd2pwc (LFS, private households): EMP / POP","VERIFIED, ratio DERIVED"
employed_share,IT,ITF3,Y15-64,2015,39.58,percent of population,"Eurostat lfst_r_lfsd2pwc (LFS, private households): EMP / POP","VERIFIED, ratio DERIVED"
employed_share,IT,ITF4,Y15-64,2015,43.29,percent of population,"Eurostat lfst_r_lfsd2pwc (LFS, private households): EMP / POP","VERIFIED, ratio DERIVED"
employed_share,IT,ITF5,Y15-64,2015,49.21,percent of population,"Eurostat lfst_r_lfsd2pwc (LFS, private households): EMP / POP","VERIFIED, ratio DERIVED"
employed_share,IT,ITF6,Y15-64,2015,38.92,percent of population,"Eurostat lfst_r_lfsd2pwc (LFS, private households): EMP / POP","VERIFIED, ratio DERIVED"
employed_share,IT,ITG1,Y15-64,2015,39.98,percent of population,"Eurostat lfst_r_lfsd2pwc (LFS, private households): EMP / POP","VERIFIED, ratio DERIVED"
employed_share,IT,ITG2,Y15-64,2015,50.15,percent of population,"Eurostat lfst_r_lfsd2pwc (LFS, private households): EMP / POP","VERIFIED, ratio DERIVED"
employed_share,IT,ITH1,Y15-64,2015,71.39,percent of population,"Eurostat lfst_r_lfsd2pwc (LFS, private households): EMP / POP","VERIFIED, ratio DERIVED"
employed_share,IT,ITH2,Y15-64,2015,66.09,percent of population,"Eurostat lfst_r_lfsd2pwc (LFS, private households): EMP / POP","VERIFIED, ratio DERIVED"
employed_share,IT,ITH3,Y15-64,2015,63.61,percent of population,"Eurostat lfst_r_lfsd2pwc (LFS, private households): EMP / POP","VERIFIED, ratio DERIVED"
employed_share,IT,ITH4,Y15-64,2015,63.65,percent of population,"Eurostat lfst_r_lfsd2pwc (LFS, private households): EMP / POP","VERIFIED, ratio DERIVED"
employed_share,IT,ITH5,Y15-64,2015,66.7,percent of population,"Eurostat lfst_r_lfsd2pwc (LFS, private households): EMP / POP","VERIFIED, ratio DERIVED"
employed_share,IT,ITI1,Y15-64,2015,64.81,percent of population,"Eurostat lfst_r_lfsd2pwc (LFS, private households): EMP / POP","VERIFIED, ratio DERIVED"
employed_share,IT,ITI2,Y15-64,2015,63.1,percent of population,"Eurostat lfst_r_lfsd2pwc (LFS, private households): EMP / POP","VERIFIED, ratio DERIVED"
employed_share,IT,ITI3,Y15-64,2015,62.15,percent of population,"Eurostat lfst_r_lfsd2pwc (LFS, private households): EMP / POP","VERIFIED, ratio DERIVED"
employed_share,IT,ITI4,Y15-64,2015,58.98,percent of population,"Eurostat lfst_r_lfsd2pwc (LFS, private households): EMP / POP","VERIFIED, ratio DERIVED"
employed_share,IT,IT,Y15-74,2015,49.2,percent of population,"Eurostat lfst_r_lfsd2pwc (LFS, private households): EMP / POP","VERIFIED, ratio DERIVED"
employed_share,IT,ITC1,Y15-74,2015,54.75,percent of population,"Eurostat lfst_r_lfsd2pwc (LFS, private households): EMP / POP","VERIFIED, ratio DERIVED"
employed_share,IT,ITC2,Y15-74,2015,57.46,percent of population,"Eurostat lfst_r_lfsd2pwc (LFS, private households): EMP / POP","VERIFIED, ratio DERIVED"
employed_share,IT,ITC3,Y15-74,2015,52.8,percent of population,"Eurostat lfst_r_lfsd2pwc (LFS, private households): EMP / POP","VERIFIED, ratio DERIVED"
employed_share,IT,ITC4,Y15-74,2015,56.77,percent of population,"Eurostat lfst_r_lfsd2pwc (LFS, private households): EMP / POP","VERIFIED, ratio DERIVED"
employed_share,IT,ITF1,Y15-74,2015,47.87,percent of population,"Eurostat lfst_r_lfsd2pwc (LFS, private households): EMP / POP","VERIFIED, ratio DERIVED"
employed_share,IT,ITF2,Y15-74,2015,43.23,percent of population,"Eurostat lfst_r_lfsd2pwc (LFS, private households): EMP / POP","VERIFIED, ratio DERIVED"
employed_share,IT,ITF3,Y15-74,2015,35.27,percent of population,"Eurostat lfst_r_lfsd2pwc (LFS, private households): EMP / POP","VERIFIED, ratio DERIVED"
employed_share,IT,ITF4,Y15-74,2015,37.77,percent of population,"Eurostat lfst_r_lfsd2pwc (LFS, private households): EMP / POP","VERIFIED, ratio DERIVED"
employed_share,IT,ITF5,Y15-74,2015,43.41,percent of population,"Eurostat lfst_r_lfsd2pwc (LFS, private households): EMP / POP","VERIFIED, ratio DERIVED"
employed_share,IT,ITF6,Y15-74,2015,34.41,percent of population,"Eurostat lfst_r_lfsd2pwc (LFS, private households): EMP / POP","VERIFIED, ratio DERIVED"
employed_share,IT,ITG1,Y15-74,2015,35.2,percent of population,"Eurostat lfst_r_lfsd2pwc (LFS, private households): EMP / POP","VERIFIED, ratio DERIVED"
employed_share,IT,ITG2,Y15-74,2015,43.77,percent of population,"Eurostat lfst_r_lfsd2pwc (LFS, private households): EMP / POP","VERIFIED, ratio DERIVED"
employed_share,IT,ITH1,Y15-74,2015,63.47,percent of population,"Eurostat lfst_r_lfsd2pwc (LFS, private households): EMP / POP","VERIFIED, ratio DERIVED"
employed_share,IT,ITH2,Y15-74,2015,58.1,percent of population,"Eurostat lfst_r_lfsd2pwc (LFS, private households): EMP / POP","VERIFIED, ratio DERIVED"
employed_share,IT,ITH3,Y15-74,2015,55.45,percent of population,"Eurostat lfst_r_lfsd2pwc (LFS, private households): EMP / POP","VERIFIED, ratio DERIVED"
employed_share,IT,ITH4,Y15-74,2015,54.03,percent of population,"Eurostat lfst_r_lfsd2pwc (LFS, private households): EMP / POP","VERIFIED, ratio DERIVED"
employed_share,IT,ITH5,Y15-74,2015,58.2,percent of population,"Eurostat lfst_r_lfsd2pwc (LFS, private households): EMP / POP","VERIFIED, ratio DERIVED"
employed_share,IT,ITI1,Y15-74,2015,55.86,percent of population,"Eurostat lfst_r_lfsd2pwc (LFS, private households): EMP / POP","VERIFIED, ratio DERIVED"
employed_share,IT,ITI2,Y15-74,2015,54.5,percent of population,"Eurostat lfst_r_lfsd2pwc (LFS, private households): EMP / POP","VERIFIED, ratio DERIVED"
employed_share,IT,ITI3,Y15-74,2015,54.42,percent of population,"Eurostat lfst_r_lfsd2pwc (LFS, private households): EMP / POP","VERIFIED, ratio DERIVED"
employed_share,IT,ITI4,Y15-74,2015,51.89,percent of population,"Eurostat lfst_r_lfsd2pwc (LFS, private households): EMP / POP","VERIFIED, ratio DERIVED"
employed_share,IT,IT,Y20-64,2015,60.53,percent of population,"Eurostat lfst_r_lfsd2pwc (LFS, private households): EMP / POP","VERIFIED, ratio DERIVED"
employed_share,IT,ITC1,Y20-64,2015,68.07,percent of population,"Eurostat lfst_r_lfsd2pwc (LFS, private households): EMP / POP","VERIFIED, ratio DERIVED"
employed_share,IT,ITC2,Y20-64,2015,70.69,percent of population,"Eurostat lfst_r_lfsd2pwc (LFS, private households): EMP / POP","VERIFIED, ratio DERIVED"
employed_share,IT,ITC3,Y20-64,2015,66.66,percent of population,"Eurostat lfst_r_lfsd2pwc (LFS, private households): EMP / POP","VERIFIED, ratio DERIVED"
employed_share,IT,ITC4,Y20-64,2015,69.85,percent of population,"Eurostat lfst_r_lfsd2pwc (LFS, private households): EMP / POP","VERIFIED, ratio DERIVED"
employed_share,IT,ITF1,Y20-64,2015,58.54,percent of population,"Eurostat lfst_r_lfsd2pwc (LFS, private households): EMP / POP","VERIFIED, ratio DERIVED"
employed_share,IT,ITF2,Y20-64,2015,53.2,percent of population,"Eurostat lfst_r_lfsd2pwc (LFS, private households): EMP / POP","VERIFIED, ratio DERIVED"
employed_share,IT,ITF3,Y20-64,2015,43.1,percent of population,"Eurostat lfst_r_lfsd2pwc (LFS, private households): EMP / POP","VERIFIED, ratio DERIVED"
employed_share,IT,ITF4,Y20-64,2015,46.96,percent of population,"Eurostat lfst_r_lfsd2pwc (LFS, private households): EMP / POP","VERIFIED, ratio DERIVED"
employed_share,IT,ITF5,Y20-64,2015,53.17,percent of population,"Eurostat lfst_r_lfsd2pwc (LFS, private households): EMP / POP","VERIFIED, ratio DERIVED"
employed_share,IT,ITF6,Y20-64,2015,42.11,percent of population,"Eurostat lfst_r_lfsd2pwc (LFS, private households): EMP / POP","VERIFIED, ratio DERIVED"
employed_share,IT,ITG1,Y20-64,2015,43.37,percent of population,"Eurostat lfst_r_lfsd2pwc (LFS, private households): EMP / POP","VERIFIED, ratio DERIVED"
employed_share,IT,ITG2,Y20-64,2015,53.51,percent of population,"Eurostat lfst_r_lfsd2pwc (LFS, private households): EMP / POP","VERIFIED, ratio DERIVED"
employed_share,IT,ITH1,Y20-64,2015,76.75,percent of population,"Eurostat lfst_r_lfsd2pwc (LFS, private households): EMP / POP","VERIFIED, ratio DERIVED"
employed_share,IT,ITH2,Y20-64,2015,71.42,percent of population,"Eurostat lfst_r_lfsd2pwc (LFS, private households): EMP / POP","VERIFIED, ratio DERIVED"
employed_share,IT,ITH3,Y20-64,2015,68.28,percent of population,"Eurostat lfst_r_lfsd2pwc (LFS, private households): EMP / POP","VERIFIED, ratio DERIVED"
employed_share,IT,ITH4,Y20-64,2015,68.05,percent of population,"Eurostat lfst_r_lfsd2pwc (LFS, private households): EMP / POP","VERIFIED, ratio DERIVED"
employed_share,IT,ITH5,Y20-64,2015,71.24,percent of population,"Eurostat lfst_r_lfsd2pwc (LFS, private households): EMP / POP","VERIFIED, ratio DERIVED"
employed_share,IT,ITI1,Y20-64,2015,69.22,percent of population,"Eurostat lfst_r_lfsd2pwc (LFS, private households): EMP / POP","VERIFIED, ratio DERIVED"
employed_share,IT,ITI2,Y20-64,2015,67.58,percent of population,"Eurostat lfst_r_lfsd2pwc (LFS, private households): EMP / POP","VERIFIED, ratio DERIVED"
employed_share,IT,ITI3,Y20-64,2015,66.61,percent of population,"Eurostat lfst_r_lfsd2pwc (LFS, private households): EMP / POP","VERIFIED, ratio DERIVED"
employed_share,IT,ITI4,Y20-64,2015,63.19,percent of population,"Eurostat lfst_r_lfsd2pwc (LFS, private households): EMP / POP","VERIFIED, ratio DERIVED"
employed_share,IT,IT,Y_GE15,2015,43.14,percent of population,"Eurostat lfst_r_lfsd2pwc (LFS, private households): EMP / POP","VERIFIED, ratio DERIVED"
employed_share,IT,ITC1,Y_GE15,2015,47.13,percent of population,"Eurostat lfst_r_lfsd2pwc (LFS, private households): EMP / POP","VERIFIED, ratio DERIVED"
employed_share,IT,ITC2,Y_GE15,2015,50.09,percent of population,"Eurostat lfst_r_lfsd2pwc (LFS, private households): EMP / POP","VERIFIED, ratio DERIVED"
employed_share,IT,ITC3,Y_GE15,2015,44.08,percent of population,"Eurostat lfst_r_lfsd2pwc (LFS, private households): EMP / POP","VERIFIED, ratio DERIVED"
employed_share,IT,ITC4,Y_GE15,2015,49.9,percent of population,"Eurostat lfst_r_lfsd2pwc (LFS, private households): EMP / POP","VERIFIED, ratio DERIVED"
employed_share,IT,ITF1,Y_GE15,2015,41.44,percent of population,"Eurostat lfst_r_lfsd2pwc (LFS, private households): EMP / POP","VERIFIED, ratio DERIVED"
employed_share,IT,ITF2,Y_GE15,2015,37.13,percent of population,"Eurostat lfst_r_lfsd2pwc (LFS, private households): EMP / POP","VERIFIED, ratio DERIVED"
employed_share,IT,ITF3,Y_GE15,2015,31.87,percent of population,"Eurostat lfst_r_lfsd2pwc (LFS, private households): EMP / POP","VERIFIED, ratio DERIVED"
employed_share,IT,ITF4,Y_GE15,2015,33.44,percent of population,"Eurostat lfst_r_lfsd2pwc (LFS, private households): EMP / POP","VERIFIED, ratio DERIVED"
employed_share,IT,ITF5,Y_GE15,2015,37.67,percent of population,"Eurostat lfst_r_lfsd2pwc (LFS, private households): EMP / POP","VERIFIED, ratio DERIVED"
employed_share,IT,ITF6,Y_GE15,2015,30.35,percent of population,"Eurostat lfst_r_lfsd2pwc (LFS, private households): EMP / POP","VERIFIED, ratio DERIVED"
employed_share,IT,ITG1,Y_GE15,2015,31.2,percent of population,"Eurostat lfst_r_lfsd2pwc (LFS, private households): EMP / POP","VERIFIED, ratio DERIVED"
employed_share,IT,ITG2,Y_GE15,2015,38.79,percent of population,"Eurostat lfst_r_lfsd2pwc (LFS, private households): EMP / POP","VERIFIED, ratio DERIVED"
employed_share,IT,ITH1,Y_GE15,2015,56.88,percent of population,"Eurostat lfst_r_lfsd2pwc (LFS, private households): EMP / POP","VERIFIED, ratio DERIVED"
employed_share,IT,ITH2,Y_GE15,2015,51.55,percent of population,"Eurostat lfst_r_lfsd2pwc (LFS, private households): EMP / POP","VERIFIED, ratio DERIVED"
employed_share,IT,ITH3,Y_GE15,2015,48.85,percent of population,"Eurostat lfst_r_lfsd2pwc (LFS, private households): EMP / POP","VERIFIED, ratio DERIVED"
employed_share,IT,ITH4,Y_GE15,2015,46.65,percent of population,"Eurostat lfst_r_lfsd2pwc (LFS, private households): EMP / POP","VERIFIED, ratio DERIVED"
employed_share,IT,ITH5,Y_GE15,2015,50.22,percent of population,"Eurostat lfst_r_lfsd2pwc (LFS, private households): EMP / POP","VERIFIED, ratio DERIVED"
employed_share,IT,ITI1,Y_GE15,2015,47.92,percent of population,"Eurostat lfst_r_lfsd2pwc (LFS, private households): EMP / POP","VERIFIED, ratio DERIVED"
employed_share,IT,ITI2,Y_GE15,2015,46.52,percent of population,"Eurostat lfst_r_lfsd2pwc (LFS, private households): EMP / POP","VERIFIED, ratio DERIVED"
employed_share,IT,ITI3,Y_GE15,2015,46.72,percent of population,"Eurostat lfst_r_lfsd2pwc (LFS, private households): EMP / POP","VERIFIED, ratio DERIVED"
employed_share,IT,ITI4,Y_GE15,2015,45.84,percent of population,"Eurostat lfst_r_lfsd2pwc (LFS, private households): EMP / POP","VERIFIED, ratio DERIVED"
employed_share,IT,IT,Y15-64,2019,59.11,percent of population,"Eurostat lfst_r_lfsd2pwc (LFS, private households): EMP / POP","VERIFIED, ratio DERIVED"
employed_share,IT,ITC1,Y15-64,2019,66.06,percent of population,"Eurostat lfst_r_lfsd2pwc (LFS, private households): EMP / POP","VERIFIED, ratio DERIVED"
employed_share,IT,ITC2,Y15-64,2019,68.32,percent of population,"Eurostat lfst_r_lfsd2pwc (LFS, private households): EMP / POP","VERIFIED, ratio DERIVED"
employed_share,IT,ITC3,Y15-64,2019,63.3,percent of population,"Eurostat lfst_r_lfsd2pwc (LFS, private households): EMP / POP","VERIFIED, ratio DERIVED"
employed_share,IT,ITC4,Y15-64,2019,68.38,percent of population,"Eurostat lfst_r_lfsd2pwc (LFS, private households): EMP / POP","VERIFIED, ratio DERIVED"
employed_share,IT,ITF1,Y15-64,2019,58.29,percent of population,"Eurostat lfst_r_lfsd2pwc (LFS, private households): EMP / POP","VERIFIED, ratio DERIVED"
employed_share,IT,ITF2,Y15-64,2019,54.74,percent of population,"Eurostat lfst_r_lfsd2pwc (LFS, private households): EMP / POP","VERIFIED, ratio DERIVED"
employed_share,IT,ITF3,Y15-64,2019,41.46,percent of population,"Eurostat lfst_r_lfsd2pwc (LFS, private households): EMP / POP","VERIFIED, ratio DERIVED"
employed_share,IT,ITF4,Y15-64,2019,46.38,percent of population,"Eurostat lfst_r_lfsd2pwc (LFS, private households): EMP / POP","VERIFIED, ratio DERIVED"
employed_share,IT,ITF5,Y15-64,2019,50.82,percent of population,"Eurostat lfst_r_lfsd2pwc (LFS, private households): EMP / POP","VERIFIED, ratio DERIVED"
employed_share,IT,ITF6,Y15-64,2019,41.96,percent of population,"Eurostat lfst_r_lfsd2pwc (LFS, private households): EMP / POP","VERIFIED, ratio DERIVED"
employed_share,IT,ITG1,Y15-64,2019,41.27,percent of population,"Eurostat lfst_r_lfsd2pwc (LFS, private households): EMP / POP","VERIFIED, ratio DERIVED"
employed_share,IT,ITG2,Y15-64,2019,53.85,percent of population,"Eurostat lfst_r_lfsd2pwc (LFS, private households): EMP / POP","VERIFIED, ratio DERIVED"
employed_share,IT,ITH1,Y15-64,2019,74.08,percent of population,"Eurostat lfst_r_lfsd2pwc (LFS, private households): EMP / POP","VERIFIED, ratio DERIVED"
employed_share,IT,ITH2,Y15-64,2019,68.49,percent of population,"Eurostat lfst_r_lfsd2pwc (LFS, private households): EMP / POP","VERIFIED, ratio DERIVED"
employed_share,IT,ITH3,Y15-64,2019,67.57,percent of population,"Eurostat lfst_r_lfsd2pwc (LFS, private households): EMP / POP","VERIFIED, ratio DERIVED"
employed_share,IT,ITH4,Y15-64,2019,66.6,percent of population,"Eurostat lfst_r_lfsd2pwc (LFS, private households): EMP / POP","VERIFIED, ratio DERIVED"
employed_share,IT,ITH5,Y15-64,2019,70.41,percent of population,"Eurostat lfst_r_lfsd2pwc (LFS, private households): EMP / POP","VERIFIED, ratio DERIVED"
employed_share,IT,ITI1,Y15-64,2019,66.91,percent of population,"Eurostat lfst_r_lfsd2pwc (LFS, private households): EMP / POP","VERIFIED, ratio DERIVED"
employed_share,IT,ITI2,Y15-64,2019,64.62,percent of population,"Eurostat lfst_r_lfsd2pwc (LFS, private households): EMP / POP","VERIFIED, ratio DERIVED"
employed_share,IT,ITI3,Y15-64,2019,64.99,percent of population,"Eurostat lfst_r_lfsd2pwc (LFS, private households): EMP / POP","VERIFIED, ratio DERIVED"
employed_share,IT,ITI4,Y15-64,2019,61.2,percent of population,"Eurostat lfst_r_lfsd2pwc (LFS, private households): EMP / POP","VERIFIED, ratio DERIVED"
employed_share,IT,IT,Y15-74,2019,51.61,percent of population,"Eurostat lfst_r_lfsd2pwc (LFS, private households): EMP / POP","VERIFIED, ratio DERIVED"
employed_share,IT,ITC1,Y15-74,2019,56.76,percent of population,"Eurostat lfst_r_lfsd2pwc (LFS, private households): EMP / POP","VERIFIED, ratio DERIVED"
employed_share,IT,ITC2,Y15-74,2019,59.29,percent of population,"Eurostat lfst_r_lfsd2pwc (LFS, private households): EMP / POP","VERIFIED, ratio DERIVED"
employed_share,IT,ITC3,Y15-74,2019,54.08,percent of population,"Eurostat lfst_r_lfsd2pwc (LFS, private households): EMP / POP","VERIFIED, ratio DERIVED"
employed_share,IT,ITC4,Y15-74,2019,59.6,percent of population,"Eurostat lfst_r_lfsd2pwc (LFS, private households): EMP / POP","VERIFIED, ratio DERIVED"
employed_share,IT,ITF1,Y15-74,2019,50.62,percent of population,"Eurostat lfst_r_lfsd2pwc (LFS, private households): EMP / POP","VERIFIED, ratio DERIVED"
employed_share,IT,ITF2,Y15-74,2019,47.61,percent of population,"Eurostat lfst_r_lfsd2pwc (LFS, private households): EMP / POP","VERIFIED, ratio DERIVED"
employed_share,IT,ITF3,Y15-74,2019,37.06,percent of population,"Eurostat lfst_r_lfsd2pwc (LFS, private households): EMP / POP","VERIFIED, ratio DERIVED"
employed_share,IT,ITF4,Y15-74,2019,40.32,percent of population,"Eurostat lfst_r_lfsd2pwc (LFS, private households): EMP / POP","VERIFIED, ratio DERIVED"
employed_share,IT,ITF5,Y15-74,2019,44.41,percent of population,"Eurostat lfst_r_lfsd2pwc (LFS, private households): EMP / POP","VERIFIED, ratio DERIVED"
employed_share,IT,ITF6,Y15-74,2019,37.22,percent of population,"Eurostat lfst_r_lfsd2pwc (LFS, private households): EMP / POP","VERIFIED, ratio DERIVED"
employed_share,IT,ITG1,Y15-74,2019,36.25,percent of population,"Eurostat lfst_r_lfsd2pwc (LFS, private households): EMP / POP","VERIFIED, ratio DERIVED"
employed_share,IT,ITG2,Y15-74,2019,46.82,percent of population,"Eurostat lfst_r_lfsd2pwc (LFS, private households): EMP / POP","VERIFIED, ratio DERIVED"
employed_share,IT,ITH1,Y15-74,2019,66.42,percent of population,"Eurostat lfst_r_lfsd2pwc (LFS, private households): EMP / POP","VERIFIED, ratio DERIVED"
employed_share,IT,ITH2,Y15-74,2019,59.67,percent of population,"Eurostat lfst_r_lfsd2pwc (LFS, private households): EMP / POP","VERIFIED, ratio DERIVED"
employed_share,IT,ITH3,Y15-74,2019,58.94,percent of population,"Eurostat lfst_r_lfsd2pwc (LFS, private households): EMP / POP","VERIFIED, ratio DERIVED"
employed_share,IT,ITH4,Y15-74,2019,56.83,percent of population,"Eurostat lfst_r_lfsd2pwc (LFS, private households): EMP / POP","VERIFIED, ratio DERIVED"
employed_share,IT,ITH5,Y15-74,2019,61.41,percent of population,"Eurostat lfst_r_lfsd2pwc (LFS, private households): EMP / POP","VERIFIED, ratio DERIVED"
employed_share,IT,ITI1,Y15-74,2019,57.81,percent of population,"Eurostat lfst_r_lfsd2pwc (LFS, private households): EMP / POP","VERIFIED, ratio DERIVED"
employed_share,IT,ITI2,Y15-74,2019,55.83,percent of population,"Eurostat lfst_r_lfsd2pwc (LFS, private households): EMP / POP","VERIFIED, ratio DERIVED"
employed_share,IT,ITI3,Y15-74,2019,56.41,percent of population,"Eurostat lfst_r_lfsd2pwc (LFS, private households): EMP / POP","VERIFIED, ratio DERIVED"
employed_share,IT,ITI4,Y15-74,2019,53.85,percent of population,"Eurostat lfst_r_lfsd2pwc (LFS, private households): EMP / POP","VERIFIED, ratio DERIVED"
employed_share,IT,IT,Y20-64,2019,63.61,percent of population,"Eurostat lfst_r_lfsd2pwc (LFS, private households): EMP / POP","VERIFIED, ratio DERIVED"
employed_share,IT,ITC1,Y20-64,2019,70.81,percent of population,"Eurostat lfst_r_lfsd2pwc (LFS, private households): EMP / POP","VERIFIED, ratio DERIVED"
employed_share,IT,ITC2,Y20-64,2019,73.45,percent of population,"Eurostat lfst_r_lfsd2pwc (LFS, private households): EMP / POP","VERIFIED, ratio DERIVED"
employed_share,IT,ITC3,Y20-64,2019,67.71,percent of population,"Eurostat lfst_r_lfsd2pwc (LFS, private households): EMP / POP","VERIFIED, ratio DERIVED"
employed_share,IT,ITC4,Y20-64,2019,73.4,percent of population,"Eurostat lfst_r_lfsd2pwc (LFS, private households): EMP / POP","VERIFIED, ratio DERIVED"
employed_share,IT,ITF1,Y20-64,2019,62.58,percent of population,"Eurostat lfst_r_lfsd2pwc (LFS, private households): EMP / POP","VERIFIED, ratio DERIVED"
employed_share,IT,ITF2,Y20-64,2019,58.75,percent of population,"Eurostat lfst_r_lfsd2pwc (LFS, private households): EMP / POP","VERIFIED, ratio DERIVED"
employed_share,IT,ITF3,Y20-64,2019,45.16,percent of population,"Eurostat lfst_r_lfsd2pwc (LFS, private households): EMP / POP","VERIFIED, ratio DERIVED"
employed_share,IT,ITF4,Y20-64,2019,50.26,percent of population,"Eurostat lfst_r_lfsd2pwc (LFS, private households): EMP / POP","VERIFIED, ratio DERIVED"
employed_share,IT,ITF5,Y20-64,2019,54.85,percent of population,"Eurostat lfst_r_lfsd2pwc (LFS, private households): EMP / POP","VERIFIED, ratio DERIVED"
employed_share,IT,ITF6,Y20-64,2019,45.34,percent of population,"Eurostat lfst_r_lfsd2pwc (LFS, private households): EMP / POP","VERIFIED, ratio DERIVED"
employed_share,IT,ITG1,Y20-64,2019,44.74,percent of population,"Eurostat lfst_r_lfsd2pwc (LFS, private households): EMP / POP","VERIFIED, ratio DERIVED"
employed_share,IT,ITG2,Y20-64,2019,57.38,percent of population,"Eurostat lfst_r_lfsd2pwc (LFS, private households): EMP / POP","VERIFIED, ratio DERIVED"
employed_share,IT,ITH1,Y20-64,2019,79.17,percent of population,"Eurostat lfst_r_lfsd2pwc (LFS, private households): EMP / POP","VERIFIED, ratio DERIVED"
employed_share,IT,ITH2,Y20-64,2019,73.98,percent of population,"Eurostat lfst_r_lfsd2pwc (LFS, private households): EMP / POP","VERIFIED, ratio DERIVED"
employed_share,IT,ITH3,Y20-64,2019,72.71,percent of population,"Eurostat lfst_r_lfsd2pwc (LFS, private households): EMP / POP","VERIFIED, ratio DERIVED"
employed_share,IT,ITH4,Y20-64,2019,71.36,percent of population,"Eurostat lfst_r_lfsd2pwc (LFS, private households): EMP / POP","VERIFIED, ratio DERIVED"
employed_share,IT,ITH5,Y20-64,2019,75.41,percent of population,"Eurostat lfst_r_lfsd2pwc (LFS, private households): EMP / POP","VERIFIED, ratio DERIVED"
employed_share,IT,ITI1,Y20-64,2019,71.72,percent of population,"Eurostat lfst_r_lfsd2pwc (LFS, private households): EMP / POP","VERIFIED, ratio DERIVED"
employed_share,IT,ITI2,Y20-64,2019,69.25,percent of population,"Eurostat lfst_r_lfsd2pwc (LFS, private households): EMP / POP","VERIFIED, ratio DERIVED"
employed_share,IT,ITI3,Y20-64,2019,69.8,percent of population,"Eurostat lfst_r_lfsd2pwc (LFS, private households): EMP / POP","VERIFIED, ratio DERIVED"
employed_share,IT,ITI4,Y20-64,2019,65.67,percent of population,"Eurostat lfst_r_lfsd2pwc (LFS, private households): EMP / POP","VERIFIED, ratio DERIVED"
employed_share,IT,IT,Y_GE15,2019,44.89,percent of population,"Eurostat lfst_r_lfsd2pwc (LFS, private households): EMP / POP","VERIFIED, ratio DERIVED"
employed_share,IT,ITC1,Y_GE15,2019,48.39,percent of population,"Eurostat lfst_r_lfsd2pwc (LFS, private households): EMP / POP","VERIFIED, ratio DERIVED"
employed_share,IT,ITC2,Y_GE15,2019,51.16,percent of population,"Eurostat lfst_r_lfsd2pwc (LFS, private households): EMP / POP","VERIFIED, ratio DERIVED"
employed_share,IT,ITC3,Y_GE15,2019,44.77,percent of population,"Eurostat lfst_r_lfsd2pwc (LFS, private households): EMP / POP","VERIFIED, ratio DERIVED"
employed_share,IT,ITC4,Y_GE15,2019,51.89,percent of population,"Eurostat lfst_r_lfsd2pwc (LFS, private households): EMP / POP","VERIFIED, ratio DERIVED"
employed_share,IT,ITF1,Y_GE15,2019,43.59,percent of population,"Eurostat lfst_r_lfsd2pwc (LFS, private households): EMP / POP","VERIFIED, ratio DERIVED"
employed_share,IT,ITF2,Y_GE15,2019,40.78,percent of population,"Eurostat lfst_r_lfsd2pwc (LFS, private households): EMP / POP","VERIFIED, ratio DERIVED"
employed_share,IT,ITF3,Y_GE15,2019,33.34,percent of population,"Eurostat lfst_r_lfsd2pwc (LFS, private households): EMP / POP","VERIFIED, ratio DERIVED"
employed_share,IT,ITF4,Y_GE15,2019,35.4,percent of population,"Eurostat lfst_r_lfsd2pwc (LFS, private households): EMP / POP","VERIFIED, ratio DERIVED"
employed_share,IT,ITF5,Y_GE15,2019,38.49,percent of population,"Eurostat lfst_r_lfsd2pwc (LFS, private households): EMP / POP","VERIFIED, ratio DERIVED"
employed_share,IT,ITF6,Y_GE15,2019,32.72,percent of population,"Eurostat lfst_r_lfsd2pwc (LFS, private households): EMP / POP","VERIFIED, ratio DERIVED"
employed_share,IT,ITG1,Y_GE15,2019,31.97,percent of population,"Eurostat lfst_r_lfsd2pwc (LFS, private households): EMP / POP","VERIFIED, ratio DERIVED"
employed_share,IT,ITG2,Y_GE15,2019,40.8,percent of population,"Eurostat lfst_r_lfsd2pwc (LFS, private households): EMP / POP","VERIFIED, ratio DERIVED"
employed_share,IT,ITH1,Y_GE15,2019,58.74,percent of population,"Eurostat lfst_r_lfsd2pwc (LFS, private households): EMP / POP","VERIFIED, ratio DERIVED"
employed_share,IT,ITH2,Y_GE15,2019,52.33,percent of population,"Eurostat lfst_r_lfsd2pwc (LFS, private households): EMP / POP","VERIFIED, ratio DERIVED"
employed_share,IT,ITH3,Y_GE15,2019,51.35,percent of population,"Eurostat lfst_r_lfsd2pwc (LFS, private households): EMP / POP","VERIFIED, ratio DERIVED"
employed_share,IT,ITH4,Y_GE15,2019,48.28,percent of population,"Eurostat lfst_r_lfsd2pwc (LFS, private households): EMP / POP","VERIFIED, ratio DERIVED"
employed_share,IT,ITH5,Y_GE15,2019,52.77,percent of population,"Eurostat lfst_r_lfsd2pwc (LFS, private households): EMP / POP","VERIFIED, ratio DERIVED"
employed_share,IT,ITI1,Y_GE15,2019,49.27,percent of population,"Eurostat lfst_r_lfsd2pwc (LFS, private households): EMP / POP","VERIFIED, ratio DERIVED"
employed_share,IT,ITI2,Y_GE15,2019,47.29,percent of population,"Eurostat lfst_r_lfsd2pwc (LFS, private households): EMP / POP","VERIFIED, ratio DERIVED"
employed_share,IT,ITI3,Y_GE15,2019,48.01,percent of population,"Eurostat lfst_r_lfsd2pwc (LFS, private households): EMP / POP","VERIFIED, ratio DERIVED"
employed_share,IT,ITI4,Y_GE15,2019,47.1,percent of population,"Eurostat lfst_r_lfsd2pwc (LFS, private households): EMP / POP","VERIFIED, ratio DERIVED"
employed_share,IT,IT,Y15-64,2024,62.18,percent of population,"Eurostat lfst_r_lfsd2pwc (LFS, private households): EMP / POP","VERIFIED, ratio DERIVED"
employed_share,IT,ITC1,Y15-64,2024,68.99,percent of population,"Eurostat lfst_r_lfsd2pwc (LFS, private households): EMP / POP","VERIFIED, ratio DERIVED"
employed_share,IT,ITC2,Y15-64,2024,72.17,percent of population,"Eurostat lfst_r_lfsd2pwc (LFS, private households): EMP / POP","VERIFIED, ratio DERIVED"
employed_share,IT,ITC3,Y15-64,2024,67.3,percent of population,"Eurostat lfst_r_lfsd2pwc (LFS, private households): EMP / POP","VERIFIED, ratio DERIVED"
employed_share,IT,ITC4,Y15-64,2024,69.38,percent of population,"Eurostat lfst_r_lfsd2pwc (LFS, private households): EMP / POP","VERIFIED, ratio DERIVED"
employed_share,IT,ITF1,Y15-64,2024,62.08,percent of population,"Eurostat lfst_r_lfsd2pwc (LFS, private households): EMP / POP","VERIFIED, ratio DERIVED"
employed_share,IT,ITF2,Y15-64,2024,57.87,percent of population,"Eurostat lfst_r_lfsd2pwc (LFS, private households): EMP / POP","VERIFIED, ratio DERIVED"
employed_share,IT,ITF3,Y15-64,2024,45.42,percent of population,"Eurostat lfst_r_lfsd2pwc (LFS, private households): EMP / POP","VERIFIED, ratio DERIVED"
employed_share,IT,ITF4,Y15-64,2024,51.15,percent of population,"Eurostat lfst_r_lfsd2pwc (LFS, private households): EMP / POP","VERIFIED, ratio DERIVED"
employed_share,IT,ITF5,Y15-64,2024,55.96,percent of population,"Eurostat lfst_r_lfsd2pwc (LFS, private households): EMP / POP","VERIFIED, ratio DERIVED"
employed_share,IT,ITF6,Y15-64,2024,44.8,percent of population,"Eurostat lfst_r_lfsd2pwc (LFS, private households): EMP / POP","VERIFIED, ratio DERIVED"
employed_share,IT,ITG1,Y15-64,2024,46.82,percent of population,"Eurostat lfst_r_lfsd2pwc (LFS, private households): EMP / POP","VERIFIED, ratio DERIVED"
employed_share,IT,ITG2,Y15-64,2024,57.7,percent of population,"Eurostat lfst_r_lfsd2pwc (LFS, private households): EMP / POP","VERIFIED, ratio DERIVED"
employed_share,IT,ITH1,Y15-64,2024,74.14,percent of population,"Eurostat lfst_r_lfsd2pwc (LFS, private households): EMP / POP","VERIFIED, ratio DERIVED"
employed_share,IT,ITH2,Y15-64,2024,71.2,percent of population,"Eurostat lfst_r_lfsd2pwc (LFS, private households): EMP / POP","VERIFIED, ratio DERIVED"
employed_share,IT,ITH3,Y15-64,2024,70.2,percent of population,"Eurostat lfst_r_lfsd2pwc (LFS, private households): EMP / POP","VERIFIED, ratio DERIVED"
employed_share,IT,ITH4,Y15-64,2024,69.77,percent of population,"Eurostat lfst_r_lfsd2pwc (LFS, private households): EMP / POP","VERIFIED, ratio DERIVED"
employed_share,IT,ITH5,Y15-64,2024,70.33,percent of population,"Eurostat lfst_r_lfsd2pwc (LFS, private households): EMP / POP","VERIFIED, ratio DERIVED"
employed_share,IT,ITI1,Y15-64,2024,70.87,percent of population,"Eurostat lfst_r_lfsd2pwc (LFS, private households): EMP / POP","VERIFIED, ratio DERIVED"
employed_share,IT,ITI2,Y15-64,2024,68.0,percent of population,"Eurostat lfst_r_lfsd2pwc (LFS, private households): EMP / POP","VERIFIED, ratio DERIVED"
employed_share,IT,ITI3,Y15-64,2024,67.24,percent of population,"Eurostat lfst_r_lfsd2pwc (LFS, private households): EMP / POP","VERIFIED, ratio DERIVED"
employed_share,IT,ITI4,Y15-64,2024,64.0,percent of population,"Eurostat lfst_r_lfsd2pwc (LFS, private households): EMP / POP","VERIFIED, ratio DERIVED"
employed_share,IT,IT,Y15-74,2024,54.11,percent of population,"Eurostat lfst_r_lfsd2pwc (LFS, private households): EMP / POP","VERIFIED, ratio DERIVED"
employed_share,IT,ITC1,Y15-74,2024,58.94,percent of population,"Eurostat lfst_r_lfsd2pwc (LFS, private households): EMP / POP","VERIFIED, ratio DERIVED"
employed_share,IT,ITC2,Y15-74,2024,62.09,percent of population,"Eurostat lfst_r_lfsd2pwc (LFS, private households): EMP / POP","VERIFIED, ratio DERIVED"
employed_share,IT,ITC3,Y15-74,2024,57.57,percent of population,"Eurostat lfst_r_lfsd2pwc (LFS, private households): EMP / POP","VERIFIED, ratio DERIVED"
employed_share,IT,ITC4,Y15-74,2024,60.6,percent of population,"Eurostat lfst_r_lfsd2pwc (LFS, private households): EMP / POP","VERIFIED, ratio DERIVED"
employed_share,IT,ITF1,Y15-74,2024,53.18,percent of population,"Eurostat lfst_r_lfsd2pwc (LFS, private households): EMP / POP","VERIFIED, ratio DERIVED"
employed_share,IT,ITF2,Y15-74,2024,49.29,percent of population,"Eurostat lfst_r_lfsd2pwc (LFS, private households): EMP / POP","VERIFIED, ratio DERIVED"
employed_share,IT,ITF3,Y15-74,2024,40.28,percent of population,"Eurostat lfst_r_lfsd2pwc (LFS, private households): EMP / POP","VERIFIED, ratio DERIVED"
employed_share,IT,ITF4,Y15-74,2024,44.26,percent of population,"Eurostat lfst_r_lfsd2pwc (LFS, private households): EMP / POP","VERIFIED, ratio DERIVED"
employed_share,IT,ITF5,Y15-74,2024,48.29,percent of population,"Eurostat lfst_r_lfsd2pwc (LFS, private households): EMP / POP","VERIFIED, ratio DERIVED"
employed_share,IT,ITF6,Y15-74,2024,38.95,percent of population,"Eurostat lfst_r_lfsd2pwc (LFS, private households): EMP / POP","VERIFIED, ratio DERIVED"
employed_share,IT,ITG1,Y15-74,2024,40.78,percent of population,"Eurostat lfst_r_lfsd2pwc (LFS, private households): EMP / POP","VERIFIED, ratio DERIVED"
employed_share,IT,ITG2,Y15-74,2024,49.17,percent of population,"Eurostat lfst_r_lfsd2pwc (LFS, private households): EMP / POP","VERIFIED, ratio DERIVED"
employed_share,IT,ITH1,Y15-74,2024,66.18,percent of population,"Eurostat lfst_r_lfsd2pwc (LFS, private households): EMP / POP","VERIFIED, ratio DERIVED"
employed_share,IT,ITH2,Y15-74,2024,61.82,percent of population,"Eurostat lfst_r_lfsd2pwc (LFS, private households): EMP / POP","VERIFIED, ratio DERIVED"
employed_share,IT,ITH3,Y15-74,2024,61.23,percent of population,"Eurostat lfst_r_lfsd2pwc (LFS, private households): EMP / POP","VERIFIED, ratio DERIVED"
employed_share,IT,ITH4,Y15-74,2024,59.81,percent of population,"Eurostat lfst_r_lfsd2pwc (LFS, private households): EMP / POP","VERIFIED, ratio DERIVED"
employed_share,IT,ITH5,Y15-74,2024,61.47,percent of population,"Eurostat lfst_r_lfsd2pwc (LFS, private households): EMP / POP","VERIFIED, ratio DERIVED"
employed_share,IT,ITI1,Y15-74,2024,61.46,percent of population,"Eurostat lfst_r_lfsd2pwc (LFS, private households): EMP / POP","VERIFIED, ratio DERIVED"
employed_share,IT,ITI2,Y15-74,2024,59.16,percent of population,"Eurostat lfst_r_lfsd2pwc (LFS, private households): EMP / POP","VERIFIED, ratio DERIVED"
employed_share,IT,ITI3,Y15-74,2024,58.31,percent of population,"Eurostat lfst_r_lfsd2pwc (LFS, private households): EMP / POP","VERIFIED, ratio DERIVED"
employed_share,IT,ITI4,Y15-74,2024,56.13,percent of population,"Eurostat lfst_r_lfsd2pwc (LFS, private households): EMP / POP","VERIFIED, ratio DERIVED"
employed_share,IT,IT,Y20-64,2024,67.07,percent of population,"Eurostat lfst_r_lfsd2pwc (LFS, private households): EMP / POP","VERIFIED, ratio DERIVED"
employed_share,IT,ITC1,Y20-64,2024,74.32,percent of population,"Eurostat lfst_r_lfsd2pwc (LFS, private households): EMP / POP","VERIFIED, ratio DERIVED"
employed_share,IT,ITC2,Y20-64,2024,77.68,percent of population,"Eurostat lfst_r_lfsd2pwc (LFS, private households): EMP / POP","VERIFIED, ratio DERIVED"
employed_share,IT,ITC3,Y20-64,2024,72.21,percent of population,"Eurostat lfst_r_lfsd2pwc (LFS, private households): EMP / POP","VERIFIED, ratio DERIVED"
employed_share,IT,ITC4,Y20-64,2024,74.79,percent of population,"Eurostat lfst_r_lfsd2pwc (LFS, private households): EMP / POP","VERIFIED, ratio DERIVED"
employed_share,IT,ITF1,Y20-64,2024,66.8,percent of population,"Eurostat lfst_r_lfsd2pwc (LFS, private households): EMP / POP","VERIFIED, ratio DERIVED"
employed_share,IT,ITF2,Y20-64,2024,62.08,percent of population,"Eurostat lfst_r_lfsd2pwc (LFS, private households): EMP / POP","VERIFIED, ratio DERIVED"
employed_share,IT,ITF3,Y20-64,2024,49.43,percent of population,"Eurostat lfst_r_lfsd2pwc (LFS, private households): EMP / POP","VERIFIED, ratio DERIVED"
employed_share,IT,ITF4,Y20-64,2024,55.32,percent of population,"Eurostat lfst_r_lfsd2pwc (LFS, private households): EMP / POP","VERIFIED, ratio DERIVED"
employed_share,IT,ITF5,Y20-64,2024,60.34,percent of population,"Eurostat lfst_r_lfsd2pwc (LFS, private households): EMP / POP","VERIFIED, ratio DERIVED"
employed_share,IT,ITF6,Y20-64,2024,48.51,percent of population,"Eurostat lfst_r_lfsd2pwc (LFS, private households): EMP / POP","VERIFIED, ratio DERIVED"
employed_share,IT,ITG1,Y20-64,2024,50.72,percent of population,"Eurostat lfst_r_lfsd2pwc (LFS, private households): EMP / POP","VERIFIED, ratio DERIVED"
employed_share,IT,ITG2,Y20-64,2024,61.66,percent of population,"Eurostat lfst_r_lfsd2pwc (LFS, private households): EMP / POP","VERIFIED, ratio DERIVED"
employed_share,IT,ITH1,Y20-64,2024,79.95,percent of population,"Eurostat lfst_r_lfsd2pwc (LFS, private households): EMP / POP","VERIFIED, ratio DERIVED"
employed_share,IT,ITH2,Y20-64,2024,76.91,percent of population,"Eurostat lfst_r_lfsd2pwc (LFS, private households): EMP / POP","VERIFIED, ratio DERIVED"
employed_share,IT,ITH3,Y20-64,2024,75.6,percent of population,"Eurostat lfst_r_lfsd2pwc (LFS, private households): EMP / POP","VERIFIED, ratio DERIVED"
employed_share,IT,ITH4,Y20-64,2024,75.05,percent of population,"Eurostat lfst_r_lfsd2pwc (LFS, private households): EMP / POP","VERIFIED, ratio DERIVED"
employed_share,IT,ITH5,Y20-64,2024,75.62,percent of population,"Eurostat lfst_r_lfsd2pwc (LFS, private households): EMP / POP","VERIFIED, ratio DERIVED"
employed_share,IT,ITI1,Y20-64,2024,76.15,percent of population,"Eurostat lfst_r_lfsd2pwc (LFS, private households): EMP / POP","VERIFIED, ratio DERIVED"
employed_share,IT,ITI2,Y20-64,2024,73.4,percent of population,"Eurostat lfst_r_lfsd2pwc (LFS, private households): EMP / POP","VERIFIED, ratio DERIVED"
employed_share,IT,ITI3,Y20-64,2024,72.22,percent of population,"Eurostat lfst_r_lfsd2pwc (LFS, private households): EMP / POP","VERIFIED, ratio DERIVED"
employed_share,IT,ITI4,Y20-64,2024,69.04,percent of population,"Eurostat lfst_r_lfsd2pwc (LFS, private households): EMP / POP","VERIFIED, ratio DERIVED"
employed_share,IT,IT,Y_GE15,2024,46.6,percent of population,"Eurostat lfst_r_lfsd2pwc (LFS, private households): EMP / POP","VERIFIED, ratio DERIVED"
employed_share,IT,ITC1,Y_GE15,2024,49.83,percent of population,"Eurostat lfst_r_lfsd2pwc (LFS, private households): EMP / POP","VERIFIED, ratio DERIVED"
employed_share,IT,ITC2,Y_GE15,2024,53.21,percent of population,"Eurostat lfst_r_lfsd2pwc (LFS, private households): EMP / POP","VERIFIED, ratio DERIVED"
employed_share,IT,ITC3,Y_GE15,2024,47.49,percent of population,"Eurostat lfst_r_lfsd2pwc (LFS, private households): EMP / POP","VERIFIED, ratio DERIVED"
employed_share,IT,ITC4,Y_GE15,2024,52.32,percent of population,"Eurostat lfst_r_lfsd2pwc (LFS, private households): EMP / POP","VERIFIED, ratio DERIVED"
employed_share,IT,ITF1,Y_GE15,2024,45.51,percent of population,"Eurostat lfst_r_lfsd2pwc (LFS, private households): EMP / POP","VERIFIED, ratio DERIVED"
employed_share,IT,ITF2,Y_GE15,2024,41.96,percent of population,"Eurostat lfst_r_lfsd2pwc (LFS, private households): EMP / POP","VERIFIED, ratio DERIVED"
employed_share,IT,ITF3,Y_GE15,2024,35.78,percent of population,"Eurostat lfst_r_lfsd2pwc (LFS, private households): EMP / POP","VERIFIED, ratio DERIVED"
employed_share,IT,ITF4,Y_GE15,2024,38.24,percent of population,"Eurostat lfst_r_lfsd2pwc (LFS, private households): EMP / POP","VERIFIED, ratio DERIVED"
employed_share,IT,ITF5,Y_GE15,2024,41.62,percent of population,"Eurostat lfst_r_lfsd2pwc (LFS, private households): EMP / POP","VERIFIED, ratio DERIVED"
employed_share,IT,ITF6,Y_GE15,2024,33.86,percent of population,"Eurostat lfst_r_lfsd2pwc (LFS, private households): EMP / POP","VERIFIED, ratio DERIVED"
employed_share,IT,ITG1,Y_GE15,2024,35.58,percent of population,"Eurostat lfst_r_lfsd2pwc (LFS, private households): EMP / POP","VERIFIED, ratio DERIVED"
employed_share,IT,ITG2,Y_GE15,2024,42.11,percent of population,"Eurostat lfst_r_lfsd2pwc (LFS, private households): EMP / POP","VERIFIED, ratio DERIVED"
employed_share,IT,ITH1,Y_GE15,2024,58.21,percent of population,"Eurostat lfst_r_lfsd2pwc (LFS, private households): EMP / POP","VERIFIED, ratio DERIVED"
employed_share,IT,ITH2,Y_GE15,2024,53.76,percent of population,"Eurostat lfst_r_lfsd2pwc (LFS, private households): EMP / POP","VERIFIED, ratio DERIVED"
employed_share,IT,ITH3,Y_GE15,2024,52.8,percent of population,"Eurostat lfst_r_lfsd2pwc (LFS, private households): EMP / POP","VERIFIED, ratio DERIVED"
employed_share,IT,ITH4,Y_GE15,2024,50.2,percent of population,"Eurostat lfst_r_lfsd2pwc (LFS, private households): EMP / POP","VERIFIED, ratio DERIVED"
employed_share,IT,ITH5,Y_GE15,2024,52.52,percent of population,"Eurostat lfst_r_lfsd2pwc (LFS, private households): EMP / POP","VERIFIED, ratio DERIVED"
employed_share,IT,ITI1,Y_GE15,2024,51.78,percent of population,"Eurostat lfst_r_lfsd2pwc (LFS, private households): EMP / POP","VERIFIED, ratio DERIVED"
employed_share,IT,ITI2,Y_GE15,2024,49.67,percent of population,"Eurostat lfst_r_lfsd2pwc (LFS, private households): EMP / POP","VERIFIED, ratio DERIVED"
employed_share,IT,ITI3,Y_GE15,2024,49.46,percent of population,"Eurostat lfst_r_lfsd2pwc (LFS, private households): EMP / POP","VERIFIED, ratio DERIVED"
employed_share,IT,ITI4,Y_GE15,2024,48.62,percent of population,"Eurostat lfst_r_lfsd2pwc (LFS, private households): EMP / POP","VERIFIED, ratio DERIVED"
employed_share,IT,IT,Y15-64,2025,62.53,percent of population,"Eurostat lfst_r_lfsd2pwc (LFS, private households): EMP / POP","VERIFIED, ratio DERIVED"
employed_share,IT,ITC1,Y15-64,2025,68.94,percent of population,"Eurostat lfst_r_lfsd2pwc (LFS, private households): EMP / POP","VERIFIED, ratio DERIVED"
employed_share,IT,ITC2,Y15-64,2025,71.97,percent of population,"Eurostat lfst_r_lfsd2pwc (LFS, private households): EMP / POP","VERIFIED, ratio DERIVED"
employed_share,IT,ITC3,Y15-64,2025,68.77,percent of population,"Eurostat lfst_r_lfsd2pwc (LFS, private households): EMP / POP","VERIFIED, ratio DERIVED"
employed_share,IT,ITC4,Y15-64,2025,69.55,percent of population,"Eurostat lfst_r_lfsd2pwc (LFS, private households): EMP / POP","VERIFIED, ratio DERIVED"
employed_share,IT,ITF1,Y15-64,2025,62.43,percent of population,"Eurostat lfst_r_lfsd2pwc (LFS, private households): EMP / POP","VERIFIED, ratio DERIVED"
employed_share,IT,ITF2,Y15-64,2025,57.91,percent of population,"Eurostat lfst_r_lfsd2pwc (LFS, private households): EMP / POP","VERIFIED, ratio DERIVED"
employed_share,IT,ITF3,Y15-64,2025,46.67,percent of population,"Eurostat lfst_r_lfsd2pwc (LFS, private households): EMP / POP","VERIFIED, ratio DERIVED"
employed_share,IT,ITF4,Y15-64,2025,51.01,percent of population,"Eurostat lfst_r_lfsd2pwc (LFS, private households): EMP / POP","VERIFIED, ratio DERIVED"
employed_share,IT,ITF5,Y15-64,2025,57.4,percent of population,"Eurostat lfst_r_lfsd2pwc (LFS, private households): EMP / POP","VERIFIED, ratio DERIVED"
employed_share,IT,ITF6,Y15-64,2025,46.42,percent of population,"Eurostat lfst_r_lfsd2pwc (LFS, private households): EMP / POP","VERIFIED, ratio DERIVED"
employed_share,IT,ITG1,Y15-64,2025,47.33,percent of population,"Eurostat lfst_r_lfsd2pwc (LFS, private households): EMP / POP","VERIFIED, ratio DERIVED"
employed_share,IT,ITG2,Y15-64,2025,58.24,percent of population,"Eurostat lfst_r_lfsd2pwc (LFS, private households): EMP / POP","VERIFIED, ratio DERIVED"
employed_share,IT,ITH1,Y15-64,2025,73.92,percent of population,"Eurostat lfst_r_lfsd2pwc (LFS, private households): EMP / POP","VERIFIED, ratio DERIVED"
employed_share,IT,ITH2,Y15-64,2025,71.88,percent of population,"Eurostat lfst_r_lfsd2pwc (LFS, private households): EMP / POP","VERIFIED, ratio DERIVED"
employed_share,IT,ITH3,Y15-64,2025,69.26,percent of population,"Eurostat lfst_r_lfsd2pwc (LFS, private households): EMP / POP","VERIFIED, ratio DERIVED"
employed_share,IT,ITH4,Y15-64,2025,69.4,percent of population,"Eurostat lfst_r_lfsd2pwc (LFS, private households): EMP / POP","VERIFIED, ratio DERIVED"
employed_share,IT,ITH5,Y15-64,2025,71.41,percent of population,"Eurostat lfst_r_lfsd2pwc (LFS, private households): EMP / POP","VERIFIED, ratio DERIVED"
employed_share,IT,ITI1,Y15-64,2025,70.49,percent of population,"Eurostat lfst_r_lfsd2pwc (LFS, private households): EMP / POP","VERIFIED, ratio DERIVED"
employed_share,IT,ITI2,Y15-64,2025,69.11,percent of population,"Eurostat lfst_r_lfsd2pwc (LFS, private households): EMP / POP","VERIFIED, ratio DERIVED"
employed_share,IT,ITI3,Y15-64,2025,67.49,percent of population,"Eurostat lfst_r_lfsd2pwc (LFS, private households): EMP / POP","VERIFIED, ratio DERIVED"
employed_share,IT,ITI4,Y15-64,2025,64.17,percent of population,"Eurostat lfst_r_lfsd2pwc (LFS, private households): EMP / POP","VERIFIED, ratio DERIVED"
employed_share,IT,IT,Y15-74,2025,54.52,percent of population,"Eurostat lfst_r_lfsd2pwc (LFS, private households): EMP / POP","VERIFIED, ratio DERIVED"
employed_share,IT,ITC1,Y15-74,2025,59.15,percent of population,"Eurostat lfst_r_lfsd2pwc (LFS, private households): EMP / POP","VERIFIED, ratio DERIVED"
employed_share,IT,ITC2,Y15-74,2025,62.09,percent of population,"Eurostat lfst_r_lfsd2pwc (LFS, private households): EMP / POP","VERIFIED, ratio DERIVED"
employed_share,IT,ITC3,Y15-74,2025,59.0,percent of population,"Eurostat lfst_r_lfsd2pwc (LFS, private households): EMP / POP","VERIFIED, ratio DERIVED"
employed_share,IT,ITC4,Y15-74,2025,60.74,percent of population,"Eurostat lfst_r_lfsd2pwc (LFS, private households): EMP / POP","VERIFIED, ratio DERIVED"
employed_share,IT,ITF1,Y15-74,2025,53.76,percent of population,"Eurostat lfst_r_lfsd2pwc (LFS, private households): EMP / POP","VERIFIED, ratio DERIVED"
employed_share,IT,ITF2,Y15-74,2025,49.42,percent of population,"Eurostat lfst_r_lfsd2pwc (LFS, private households): EMP / POP","VERIFIED, ratio DERIVED"
employed_share,IT,ITF3,Y15-74,2025,41.38,percent of population,"Eurostat lfst_r_lfsd2pwc (LFS, private households): EMP / POP","VERIFIED, ratio DERIVED"
employed_share,IT,ITF4,Y15-74,2025,44.34,percent of population,"Eurostat lfst_r_lfsd2pwc (LFS, private households): EMP / POP","VERIFIED, ratio DERIVED"
employed_share,IT,ITF5,Y15-74,2025,49.46,percent of population,"Eurostat lfst_r_lfsd2pwc (LFS, private households): EMP / POP","VERIFIED, ratio DERIVED"
employed_share,IT,ITF6,Y15-74,2025,40.56,percent of population,"Eurostat lfst_r_lfsd2pwc (LFS, private households): EMP / POP","VERIFIED, ratio DERIVED"
employed_share,IT,ITG1,Y15-74,2025,41.31,percent of population,"Eurostat lfst_r_lfsd2pwc (LFS, private households): EMP / POP","VERIFIED, ratio DERIVED"
employed_share,IT,ITG2,Y15-74,2025,49.92,percent of population,"Eurostat lfst_r_lfsd2pwc (LFS, private households): EMP / POP","VERIFIED, ratio DERIVED"
employed_share,IT,ITH1,Y15-74,2025,65.77,percent of population,"Eurostat lfst_r_lfsd2pwc (LFS, private households): EMP / POP","VERIFIED, ratio DERIVED"
employed_share,IT,ITH2,Y15-74,2025,62.43,percent of population,"Eurostat lfst_r_lfsd2pwc (LFS, private households): EMP / POP","VERIFIED, ratio DERIVED"
employed_share,IT,ITH3,Y15-74,2025,60.49,percent of population,"Eurostat lfst_r_lfsd2pwc (LFS, private households): EMP / POP","VERIFIED, ratio DERIVED"
employed_share,IT,ITH4,Y15-74,2025,59.8,percent of population,"Eurostat lfst_r_lfsd2pwc (LFS, private households): EMP / POP","VERIFIED, ratio DERIVED"
employed_share,IT,ITH5,Y15-74,2025,62.47,percent of population,"Eurostat lfst_r_lfsd2pwc (LFS, private households): EMP / POP","VERIFIED, ratio DERIVED"
employed_share,IT,ITI1,Y15-74,2025,61.41,percent of population,"Eurostat lfst_r_lfsd2pwc (LFS, private households): EMP / POP","VERIFIED, ratio DERIVED"
employed_share,IT,ITI2,Y15-74,2025,60.07,percent of population,"Eurostat lfst_r_lfsd2pwc (LFS, private households): EMP / POP","VERIFIED, ratio DERIVED"
employed_share,IT,ITI3,Y15-74,2025,58.93,percent of population,"Eurostat lfst_r_lfsd2pwc (LFS, private households): EMP / POP","VERIFIED, ratio DERIVED"
employed_share,IT,ITI4,Y15-74,2025,56.45,percent of population,"Eurostat lfst_r_lfsd2pwc (LFS, private households): EMP / POP","VERIFIED, ratio DERIVED"
employed_share,IT,IT,Y20-64,2025,67.55,percent of population,"Eurostat lfst_r_lfsd2pwc (LFS, private households): EMP / POP","VERIFIED, ratio DERIVED"
employed_share,IT,ITC1,Y20-64,2025,74.28,percent of population,"Eurostat lfst_r_lfsd2pwc (LFS, private households): EMP / POP","VERIFIED, ratio DERIVED"
employed_share,IT,ITC2,Y20-64,2025,77.76,percent of population,"Eurostat lfst_r_lfsd2pwc (LFS, private households): EMP / POP","VERIFIED, ratio DERIVED"
employed_share,IT,ITC3,Y20-64,2025,73.77,percent of population,"Eurostat lfst_r_lfsd2pwc (LFS, private households): EMP / POP","VERIFIED, ratio DERIVED"
employed_share,IT,ITC4,Y20-64,2025,75.09,percent of population,"Eurostat lfst_r_lfsd2pwc (LFS, private households): EMP / POP","VERIFIED, ratio DERIVED"
employed_share,IT,ITF1,Y20-64,2025,67.24,percent of population,"Eurostat lfst_r_lfsd2pwc (LFS, private households): EMP / POP","VERIFIED, ratio DERIVED"
employed_share,IT,ITF2,Y20-64,2025,62.3,percent of population,"Eurostat lfst_r_lfsd2pwc (LFS, private households): EMP / POP","VERIFIED, ratio DERIVED"
employed_share,IT,ITF3,Y20-64,2025,50.79,percent of population,"Eurostat lfst_r_lfsd2pwc (LFS, private households): EMP / POP","VERIFIED, ratio DERIVED"
employed_share,IT,ITF4,Y20-64,2025,55.19,percent of population,"Eurostat lfst_r_lfsd2pwc (LFS, private households): EMP / POP","VERIFIED, ratio DERIVED"
employed_share,IT,ITF5,Y20-64,2025,61.77,percent of population,"Eurostat lfst_r_lfsd2pwc (LFS, private households): EMP / POP","VERIFIED, ratio DERIVED"
employed_share,IT,ITF6,Y20-64,2025,50.35,percent of population,"Eurostat lfst_r_lfsd2pwc (LFS, private households): EMP / POP","VERIFIED, ratio DERIVED"
employed_share,IT,ITG1,Y20-64,2025,51.44,percent of population,"Eurostat lfst_r_lfsd2pwc (LFS, private households): EMP / POP","VERIFIED, ratio DERIVED"
employed_share,IT,ITG2,Y20-64,2025,62.29,percent of population,"Eurostat lfst_r_lfsd2pwc (LFS, private households): EMP / POP","VERIFIED, ratio DERIVED"
employed_share,IT,ITH1,Y20-64,2025,79.97,percent of population,"Eurostat lfst_r_lfsd2pwc (LFS, private households): EMP / POP","VERIFIED, ratio DERIVED"
employed_share,IT,ITH2,Y20-64,2025,77.63,percent of population,"Eurostat lfst_r_lfsd2pwc (LFS, private households): EMP / POP","VERIFIED, ratio DERIVED"
employed_share,IT,ITH3,Y20-64,2025,74.71,percent of population,"Eurostat lfst_r_lfsd2pwc (LFS, private households): EMP / POP","VERIFIED, ratio DERIVED"
employed_share,IT,ITH4,Y20-64,2025,74.66,percent of population,"Eurostat lfst_r_lfsd2pwc (LFS, private households): EMP / POP","VERIFIED, ratio DERIVED"
employed_share,IT,ITH5,Y20-64,2025,77.0,percent of population,"Eurostat lfst_r_lfsd2pwc (LFS, private households): EMP / POP","VERIFIED, ratio DERIVED"
employed_share,IT,ITI1,Y20-64,2025,76.01,percent of population,"Eurostat lfst_r_lfsd2pwc (LFS, private households): EMP / POP","VERIFIED, ratio DERIVED"
employed_share,IT,ITI2,Y20-64,2025,74.61,percent of population,"Eurostat lfst_r_lfsd2pwc (LFS, private households): EMP / POP","VERIFIED, ratio DERIVED"
employed_share,IT,ITI3,Y20-64,2025,72.92,percent of population,"Eurostat lfst_r_lfsd2pwc (LFS, private households): EMP / POP","VERIFIED, ratio DERIVED"
employed_share,IT,ITI4,Y20-64,2025,69.35,percent of population,"Eurostat lfst_r_lfsd2pwc (LFS, private households): EMP / POP","VERIFIED, ratio DERIVED"
employed_share,IT,IT,Y_GE15,2025,46.84,percent of population,"Eurostat lfst_r_lfsd2pwc (LFS, private households): EMP / POP","VERIFIED, ratio DERIVED"
employed_share,IT,ITC1,Y_GE15,2025,49.92,percent of population,"Eurostat lfst_r_lfsd2pwc (LFS, private households): EMP / POP","VERIFIED, ratio DERIVED"
employed_share,IT,ITC2,Y_GE15,2025,53.02,percent of population,"Eurostat lfst_r_lfsd2pwc (LFS, private households): EMP / POP","VERIFIED, ratio DERIVED"
employed_share,IT,ITC3,Y_GE15,2025,48.65,percent of population,"Eurostat lfst_r_lfsd2pwc (LFS, private households): EMP / POP","VERIFIED, ratio DERIVED"
employed_share,IT,ITC4,Y_GE15,2025,52.36,percent of population,"Eurostat lfst_r_lfsd2pwc (LFS, private households): EMP / POP","VERIFIED, ratio DERIVED"
employed_share,IT,ITF1,Y_GE15,2025,45.86,percent of population,"Eurostat lfst_r_lfsd2pwc (LFS, private households): EMP / POP","VERIFIED, ratio DERIVED"
employed_share,IT,ITF2,Y_GE15,2025,41.94,percent of population,"Eurostat lfst_r_lfsd2pwc (LFS, private households): EMP / POP","VERIFIED, ratio DERIVED"
employed_share,IT,ITF3,Y_GE15,2025,36.66,percent of population,"Eurostat lfst_r_lfsd2pwc (LFS, private households): EMP / POP","VERIFIED, ratio DERIVED"
employed_share,IT,ITF4,Y_GE15,2025,38.18,percent of population,"Eurostat lfst_r_lfsd2pwc (LFS, private households): EMP / POP","VERIFIED, ratio DERIVED"
employed_share,IT,ITF5,Y_GE15,2025,42.44,percent of population,"Eurostat lfst_r_lfsd2pwc (LFS, private households): EMP / POP","VERIFIED, ratio DERIVED"
employed_share,IT,ITF6,Y_GE15,2025,35.16,percent of population,"Eurostat lfst_r_lfsd2pwc (LFS, private households): EMP / POP","VERIFIED, ratio DERIVED"
employed_share,IT,ITG1,Y_GE15,2025,35.93,percent of population,"Eurostat lfst_r_lfsd2pwc (LFS, private households): EMP / POP","VERIFIED, ratio DERIVED"
employed_share,IT,ITG2,Y_GE15,2025,42.56,percent of population,"Eurostat lfst_r_lfsd2pwc (LFS, private households): EMP / POP","VERIFIED, ratio DERIVED"
employed_share,IT,ITH1,Y_GE15,2025,57.75,percent of population,"Eurostat lfst_r_lfsd2pwc (LFS, private households): EMP / POP","VERIFIED, ratio DERIVED"
employed_share,IT,ITH2,Y_GE15,2025,54.18,percent of population,"Eurostat lfst_r_lfsd2pwc (LFS, private households): EMP / POP","VERIFIED, ratio DERIVED"
employed_share,IT,ITH3,Y_GE15,2025,51.93,percent of population,"Eurostat lfst_r_lfsd2pwc (LFS, private households): EMP / POP","VERIFIED, ratio DERIVED"
employed_share,IT,ITH4,Y_GE15,2025,50.13,percent of population,"Eurostat lfst_r_lfsd2pwc (LFS, private households): EMP / POP","VERIFIED, ratio DERIVED"
employed_share,IT,ITH5,Y_GE15,2025,53.26,percent of population,"Eurostat lfst_r_lfsd2pwc (LFS, private households): EMP / POP","VERIFIED, ratio DERIVED"
employed_share,IT,ITI1,Y_GE15,2025,51.66,percent of population,"Eurostat lfst_r_lfsd2pwc (LFS, private households): EMP / POP","VERIFIED, ratio DERIVED"
employed_share,IT,ITI2,Y_GE15,2025,50.27,percent of population,"Eurostat lfst_r_lfsd2pwc (LFS, private households): EMP / POP","VERIFIED, ratio DERIVED"
employed_share,IT,ITI3,Y_GE15,2025,49.91,percent of population,"Eurostat lfst_r_lfsd2pwc (LFS, private households): EMP / POP","VERIFIED, ratio DERIVED"
employed_share,IT,ITI4,Y_GE15,2025,48.81,percent of population,"Eurostat lfst_r_lfsd2pwc (LFS, private households): EMP / POP","VERIFIED, ratio DERIVED"
inactive,DE,DE,Y15-64,2015,11846.9,thousand persons,"Eurostat lfst_r_lfsd2pwc (LFS, private households)",VERIFIED
inactive,DE,DE1,Y15-64,2015,1457.8,thousand persons,"Eurostat lfst_r_lfsd2pwc (LFS, private households)",VERIFIED
inactive,DE,DE2,Y15-64,2015,1673.4,thousand persons,"Eurostat lfst_r_lfsd2pwc (LFS, private households)",VERIFIED
inactive,DE,DE3,Y15-64,2015,554.9,thousand persons,"Eurostat lfst_r_lfsd2pwc (LFS, private households)",VERIFIED
inactive,DE,DE4,Y15-64,2015,315.5,thousand persons,"Eurostat lfst_r_lfsd2pwc (LFS, private households)",VERIFIED
inactive,DE,DE5,Y15-64,2015,122.4,thousand persons,"Eurostat lfst_r_lfsd2pwc (LFS, private households)",VERIFIED
inactive,DE,DE6,Y15-64,2015,254.8,thousand persons,"Eurostat lfst_r_lfsd2pwc (LFS, private households)",VERIFIED
inactive,DE,DE7,Y15-64,2015,935.4,thousand persons,"Eurostat lfst_r_lfsd2pwc (LFS, private households)",VERIFIED
inactive,DE,DE8,Y15-64,2015,226.2,thousand persons,"Eurostat lfst_r_lfsd2pwc (LFS, private households)",VERIFIED
inactive,DE,DE9,Y15-64,2015,1178.9,thousand persons,"Eurostat lfst_r_lfsd2pwc (LFS, private households)",VERIFIED
inactive,DE,DEA,Y15-64,2015,2921.2,thousand persons,"Eurostat lfst_r_lfsd2pwc (LFS, private households)",VERIFIED
inactive,DE,DEB,Y15-64,2015,602.6,thousand persons,"Eurostat lfst_r_lfsd2pwc (LFS, private households)",VERIFIED
inactive,DE,DEC,Y15-64,2015,158.2,thousand persons,"Eurostat lfst_r_lfsd2pwc (LFS, private households)",VERIFIED
inactive,DE,DED,Y15-64,2015,494.4,thousand persons,"Eurostat lfst_r_lfsd2pwc (LFS, private households)",VERIFIED
inactive,DE,DEE,Y15-64,2015,276.0,thousand persons,"Eurostat lfst_r_lfsd2pwc (LFS, private households)",VERIFIED
inactive,DE,DEF,Y15-64,2015,389.2,thousand persons,"Eurostat lfst_r_lfsd2pwc (LFS, private households)",VERIFIED
inactive,DE,DEG,Y15-64,2015,286.0,thousand persons,"Eurostat lfst_r_lfsd2pwc (LFS, private households)",VERIFIED
inactive,DE,DE,Y15-74,2015,19536.5,thousand persons,"Eurostat lfst_r_lfsd2pwc (LFS, private households)",VERIFIED
inactive,DE,DE1,Y15-74,2015,2357.6,thousand persons,"Eurostat lfst_r_lfsd2pwc (LFS, private households)",VERIFIED
inactive,DE,DE2,Y15-74,2015,2822.5,thousand persons,"Eurostat lfst_r_lfsd2pwc (LFS, private households)",VERIFIED
inactive,DE,DE3,Y15-74,2015,871.4,thousand persons,"Eurostat lfst_r_lfsd2pwc (LFS, private households)",VERIFIED
inactive,DE,DE4,Y15-74,2015,571.3,thousand persons,"Eurostat lfst_r_lfsd2pwc (LFS, private households)",VERIFIED
inactive,DE,DE5,Y15-74,2015,190.7,thousand persons,"Eurostat lfst_r_lfsd2pwc (LFS, private households)",VERIFIED
inactive,DE,DE6,Y15-74,2015,409.6,thousand persons,"Eurostat lfst_r_lfsd2pwc (LFS, private households)",VERIFIED
inactive,DE,DE7,Y15-74,2015,1478.3,thousand persons,"Eurostat lfst_r_lfsd2pwc (LFS, private households)",VERIFIED
inactive,DE,DE8,Y15-74,2015,394.6,thousand persons,"Eurostat lfst_r_lfsd2pwc (LFS, private households)",VERIFIED
inactive,DE,DE9,Y15-74,2015,1929.6,thousand persons,"Eurostat lfst_r_lfsd2pwc (LFS, private households)",VERIFIED
inactive,DE,DEA,Y15-74,2015,4598.2,thousand persons,"Eurostat lfst_r_lfsd2pwc (LFS, private households)",VERIFIED
inactive,DE,DEB,Y15-74,2015,964.4,thousand persons,"Eurostat lfst_r_lfsd2pwc (LFS, private households)",VERIFIED
inactive,DE,DEC,Y15-74,2015,261.2,thousand persons,"Eurostat lfst_r_lfsd2pwc (LFS, private households)",VERIFIED
inactive,DE,DED,Y15-74,2015,938.1,thousand persons,"Eurostat lfst_r_lfsd2pwc (LFS, private households)",VERIFIED
inactive,DE,DEE,Y15-74,2015,532.3,thousand persons,"Eurostat lfst_r_lfsd2pwc (LFS, private households)",VERIFIED
inactive,DE,DEF,Y15-74,2015,689.4,thousand persons,"Eurostat lfst_r_lfsd2pwc (LFS, private households)",VERIFIED
inactive,DE,DEG,Y15-74,2015,527.3,thousand persons,"Eurostat lfst_r_lfsd2pwc (LFS, private households)",VERIFIED
inactive,DE,DE,Y20-64,2015,8928.9,thousand persons,"Eurostat lfst_r_lfsd2pwc (LFS, private households)",VERIFIED
inactive,DE,DE1,Y20-64,2015,1045.0,thousand persons,"Eurostat lfst_r_lfsd2pwc (LFS, private households)",VERIFIED
inactive,DE,DE2,Y20-64,2015,1261.9,thousand persons,"Eurostat lfst_r_lfsd2pwc (LFS, private households)",VERIFIED
inactive,DE,DE3,Y20-64,2015,439.8,thousand persons,"Eurostat lfst_r_lfsd2pwc (LFS, private households)",VERIFIED
inactive,DE,DE4,Y20-64,2015,242.5,thousand persons,"Eurostat lfst_r_lfsd2pwc (LFS, private households)",VERIFIED
inactive,DE,DE5,Y20-64,2015,95.8,thousand persons,"Eurostat lfst_r_lfsd2pwc (LFS, private households)",VERIFIED
inactive,DE,DE6,Y20-64,2015,197.4,thousand persons,"Eurostat lfst_r_lfsd2pwc (LFS, private households)",VERIFIED
inactive,DE,DE7,Y20-64,2015,702.1,thousand persons,"Eurostat lfst_r_lfsd2pwc (LFS, private households)",VERIFIED
inactive,DE,DE8,Y20-64,2015,179.0,thousand persons,"Eurostat lfst_r_lfsd2pwc (LFS, private households)",VERIFIED
inactive,DE,DE9,Y20-64,2015,868.6,thousand persons,"Eurostat lfst_r_lfsd2pwc (LFS, private households)",VERIFIED
inactive,DE,DEA,Y20-64,2015,2200.3,thousand persons,"Eurostat lfst_r_lfsd2pwc (LFS, private households)",VERIFIED
inactive,DE,DEB,Y20-64,2015,452.4,thousand persons,"Eurostat lfst_r_lfsd2pwc (LFS, private households)",VERIFIED
inactive,DE,DEC,Y20-64,2015,123.1,thousand persons,"Eurostat lfst_r_lfsd2pwc (LFS, private households)",VERIFIED
inactive,DE,DED,Y20-64,2015,388.0,thousand persons,"Eurostat lfst_r_lfsd2pwc (LFS, private households)",VERIFIED
inactive,DE,DEE,Y20-64,2015,221.1,thousand persons,"Eurostat lfst_r_lfsd2pwc (LFS, private households)",VERIFIED
inactive,DE,DEF,Y20-64,2015,285.0,thousand persons,"Eurostat lfst_r_lfsd2pwc (LFS, private households)",VERIFIED
inactive,DE,DEG,Y20-64,2015,226.6,thousand persons,"Eurostat lfst_r_lfsd2pwc (LFS, private households)",VERIFIED
inactive,DE,DE,Y_GE15,2015,27911.8,thousand persons,"Eurostat lfst_r_lfsd2pwc (LFS, private households)",VERIFIED
inactive,DE,DE1,Y_GE15,2015,3393.7,thousand persons,"Eurostat lfst_r_lfsd2pwc (LFS, private households)",VERIFIED
inactive,DE,DE2,Y_GE15,2015,4033.9,thousand persons,"Eurostat lfst_r_lfsd2pwc (LFS, private households)",VERIFIED
inactive,DE,DE3,Y_GE15,2015,1178.6,thousand persons,"Eurostat lfst_r_lfsd2pwc (LFS, private households)",VERIFIED
inactive,DE,DE4,Y_GE15,2015,853.9,thousand persons,"Eurostat lfst_r_lfsd2pwc (LFS, private households)",VERIFIED
inactive,DE,DE5,Y_GE15,2015,254.8,thousand persons,"Eurostat lfst_r_lfsd2pwc (LFS, private households)",VERIFIED
inactive,DE,DE6,Y_GE15,2015,572.5,thousand persons,"Eurostat lfst_r_lfsd2pwc (LFS, private households)",VERIFIED
inactive,DE,DE7,Y_GE15,2015,2070.1,thousand persons,"Eurostat lfst_r_lfsd2pwc (LFS, private households)",VERIFIED
inactive,DE,DE8,Y_GE15,2015,588.6,thousand persons,"Eurostat lfst_r_lfsd2pwc (LFS, private households)",VERIFIED
inactive,DE,DE9,Y_GE15,2015,2737.8,thousand persons,"Eurostat lfst_r_lfsd2pwc (LFS, private households)",VERIFIED
inactive,DE,DEA,Y_GE15,2015,6416.6,thousand persons,"Eurostat lfst_r_lfsd2pwc (LFS, private households)",VERIFIED
inactive,DE,DEB,Y_GE15,2015,1390.8,thousand persons,"Eurostat lfst_r_lfsd2pwc (LFS, private households)",VERIFIED
inactive,DE,DEC,Y_GE15,2015,375.9,thousand persons,"Eurostat lfst_r_lfsd2pwc (LFS, private households)",VERIFIED
inactive,DE,DED,Y_GE15,2015,1456.0,thousand persons,"Eurostat lfst_r_lfsd2pwc (LFS, private households)",VERIFIED
inactive,DE,DEE,Y_GE15,2015,808.8,thousand persons,"Eurostat lfst_r_lfsd2pwc (LFS, private households)",VERIFIED
inactive,DE,DEF,Y_GE15,2015,1003.4,thousand persons,"Eurostat lfst_r_lfsd2pwc (LFS, private households)",VERIFIED
inactive,DE,DEG,Y_GE15,2015,776.3,thousand persons,"Eurostat lfst_r_lfsd2pwc (LFS, private households)",VERIFIED
inactive,DE,DE,Y15-64,2019,11117.7,thousand persons,"Eurostat lfst_r_lfsd2pwc (LFS, private households)",VERIFIED
inactive,DE,DE1,Y15-64,2019,1378.2,thousand persons,"Eurostat lfst_r_lfsd2pwc (LFS, private households)",VERIFIED
inactive,DE,DE2,Y15-64,2019,1574.7,thousand persons,"Eurostat lfst_r_lfsd2pwc (LFS, private households)",VERIFIED
inactive,DE,DE3,Y15-64,2019,504.8,thousand persons,"Eurostat lfst_r_lfsd2pwc (LFS, private households)",VERIFIED
inactive,DE,DE4,Y15-64,2019,297.8,thousand persons,"Eurostat lfst_r_lfsd2pwc (LFS, private households)",VERIFIED
inactive,DE,DE5,Y15-64,2019,108.6,thousand persons,"Eurostat lfst_r_lfsd2pwc (LFS, private households)",VERIFIED
inactive,DE,DE6,Y15-64,2019,249.6,thousand persons,"Eurostat lfst_r_lfsd2pwc (LFS, private households)",VERIFIED
inactive,DE,DE7,Y15-64,2019,884.7,thousand persons,"Eurostat lfst_r_lfsd2pwc (LFS, private households)",VERIFIED
inactive,DE,DE8,Y15-64,2019,216.8,thousand persons,"Eurostat lfst_r_lfsd2pwc (LFS, private households)",VERIFIED
inactive,DE,DE9,Y15-64,2019,1101.2,thousand persons,"Eurostat lfst_r_lfsd2pwc (LFS, private households)",VERIFIED
inactive,DE,DEA,Y15-64,2019,2753.7,thousand persons,"Eurostat lfst_r_lfsd2pwc (LFS, private households)",VERIFIED
inactive,DE,DEB,Y15-64,2019,562.9,thousand persons,"Eurostat lfst_r_lfsd2pwc (LFS, private households)",VERIFIED
inactive,DE,DEC,Y15-64,2019,146.9,thousand persons,"Eurostat lfst_r_lfsd2pwc (LFS, private households)",VERIFIED
inactive,DE,DED,Y15-64,2019,442.0,thousand persons,"Eurostat lfst_r_lfsd2pwc (LFS, private households)",VERIFIED
inactive,DE,DEE,Y15-64,2019,272.6,thousand persons,"Eurostat lfst_r_lfsd2pwc (LFS, private households)",VERIFIED
inactive,DE,DEF,Y15-64,2019,370.9,thousand persons,"Eurostat lfst_r_lfsd2pwc (LFS, private households)",VERIFIED
inactive,DE,DEG,Y15-64,2019,252.1,thousand persons,"Eurostat lfst_r_lfsd2pwc (LFS, private households)",VERIFIED
inactive,DE,DE,Y15-74,2019,18335.8,thousand persons,"Eurostat lfst_r_lfsd2pwc (LFS, private households)",VERIFIED
inactive,DE,DE1,Y15-74,2019,2228.7,thousand persons,"Eurostat lfst_r_lfsd2pwc (LFS, private households)",VERIFIED
inactive,DE,DE2,Y15-74,2019,2677.2,thousand persons,"Eurostat lfst_r_lfsd2pwc (LFS, private households)",VERIFIED
inactive,DE,DE3,Y15-74,2019,789.4,thousand persons,"Eurostat lfst_r_lfsd2pwc (LFS, private households)",VERIFIED
inactive,DE,DE4,Y15-74,2019,543.1,thousand persons,"Eurostat lfst_r_lfsd2pwc (LFS, private households)",VERIFIED
inactive,DE,DE5,Y15-74,2019,161.9,thousand persons,"Eurostat lfst_r_lfsd2pwc (LFS, private households)",VERIFIED
inactive,DE,DE6,Y15-74,2019,380.9,thousand persons,"Eurostat lfst_r_lfsd2pwc (LFS, private households)",VERIFIED
inactive,DE,DE7,Y15-74,2019,1421.6,thousand persons,"Eurostat lfst_r_lfsd2pwc (LFS, private households)",VERIFIED
inactive,DE,DE8,Y15-74,2019,389.7,thousand persons,"Eurostat lfst_r_lfsd2pwc (LFS, private households)",VERIFIED
inactive,DE,DE9,Y15-74,2019,1803.0,thousand persons,"Eurostat lfst_r_lfsd2pwc (LFS, private households)",VERIFIED
inactive,DE,DEA,Y15-74,2019,4273.2,thousand persons,"Eurostat lfst_r_lfsd2pwc (LFS, private households)",VERIFIED
inactive,DE,DEB,Y15-74,2019,927.5,thousand persons,"Eurostat lfst_r_lfsd2pwc (LFS, private households)",VERIFIED
inactive,DE,DEC,Y15-74,2019,238.8,thousand persons,"Eurostat lfst_r_lfsd2pwc (LFS, private households)",VERIFIED
inactive,DE,DED,Y15-74,2019,853.1,thousand persons,"Eurostat lfst_r_lfsd2pwc (LFS, private households)",VERIFIED
inactive,DE,DEE,Y15-74,2019,528.2,thousand persons,"Eurostat lfst_r_lfsd2pwc (LFS, private households)",VERIFIED
inactive,DE,DEF,Y15-74,2019,642.8,thousand persons,"Eurostat lfst_r_lfsd2pwc (LFS, private households)",VERIFIED
inactive,DE,DEG,Y15-74,2019,476.7,thousand persons,"Eurostat lfst_r_lfsd2pwc (LFS, private households)",VERIFIED
inactive,DE,DE,Y20-64,2019,8309.7,thousand persons,"Eurostat lfst_r_lfsd2pwc (LFS, private households)",VERIFIED
inactive,DE,DE1,Y20-64,2019,999.3,thousand persons,"Eurostat lfst_r_lfsd2pwc (LFS, private households)",VERIFIED
inactive,DE,DE2,Y20-64,2019,1176.8,thousand persons,"Eurostat lfst_r_lfsd2pwc (LFS, private households)",VERIFIED
inactive,DE,DE3,Y20-64,2019,393.3,thousand persons,"Eurostat lfst_r_lfsd2pwc (LFS, private households)",VERIFIED
inactive,DE,DE4,Y20-64,2019,221.4,thousand persons,"Eurostat lfst_r_lfsd2pwc (LFS, private households)",VERIFIED
inactive,DE,DE5,Y20-64,2019,84.2,thousand persons,"Eurostat lfst_r_lfsd2pwc (LFS, private households)",VERIFIED
inactive,DE,DE6,Y20-64,2019,189.5,thousand persons,"Eurostat lfst_r_lfsd2pwc (LFS, private households)",VERIFIED
inactive,DE,DE7,Y20-64,2019,657.9,thousand persons,"Eurostat lfst_r_lfsd2pwc (LFS, private households)",VERIFIED
inactive,DE,DE8,Y20-64,2019,171.8,thousand persons,"Eurostat lfst_r_lfsd2pwc (LFS, private households)",VERIFIED
inactive,DE,DE9,Y20-64,2019,817.1,thousand persons,"Eurostat lfst_r_lfsd2pwc (LFS, private households)",VERIFIED
inactive,DE,DEA,Y20-64,2019,2062.3,thousand persons,"Eurostat lfst_r_lfsd2pwc (LFS, private households)",VERIFIED
inactive,DE,DEB,Y20-64,2019,426.9,thousand persons,"Eurostat lfst_r_lfsd2pwc (LFS, private households)",VERIFIED
inactive,DE,DEC,Y20-64,2019,114.0,thousand persons,"Eurostat lfst_r_lfsd2pwc (LFS, private households)",VERIFIED
inactive,DE,DED,Y20-64,2019,326.7,thousand persons,"Eurostat lfst_r_lfsd2pwc (LFS, private households)",VERIFIED
inactive,DE,DEE,Y20-64,2019,209.3,thousand persons,"Eurostat lfst_r_lfsd2pwc (LFS, private households)",VERIFIED
inactive,DE,DEF,Y20-64,2019,270.2,thousand persons,"Eurostat lfst_r_lfsd2pwc (LFS, private households)",VERIFIED
inactive,DE,DEG,Y20-64,2019,188.9,thousand persons,"Eurostat lfst_r_lfsd2pwc (LFS, private households)",VERIFIED
inactive,DE,DE,Y_GE15,2019,26923.0,thousand persons,"Eurostat lfst_r_lfsd2pwc (LFS, private households)",VERIFIED
inactive,DE,DE1,Y_GE15,2019,3301.6,thousand persons,"Eurostat lfst_r_lfsd2pwc (LFS, private households)",VERIFIED
inactive,DE,DE2,Y_GE15,2019,3924.0,thousand persons,"Eurostat lfst_r_lfsd2pwc (LFS, private households)",VERIFIED
inactive,DE,DE3,Y_GE15,2019,1126.1,thousand persons,"Eurostat lfst_r_lfsd2pwc (LFS, private households)",VERIFIED
inactive,DE,DE4,Y_GE15,2019,855.8,thousand persons,"Eurostat lfst_r_lfsd2pwc (LFS, private households)",VERIFIED
inactive,DE,DE5,Y_GE15,2019,234.6,thousand persons,"Eurostat lfst_r_lfsd2pwc (LFS, private households)",VERIFIED
inactive,DE,DE6,Y_GE15,2019,550.8,thousand persons,"Eurostat lfst_r_lfsd2pwc (LFS, private households)",VERIFIED
inactive,DE,DE7,Y_GE15,2019,2016.6,thousand persons,"Eurostat lfst_r_lfsd2pwc (LFS, private households)",VERIFIED
inactive,DE,DE8,Y_GE15,2019,584.9,thousand persons,"Eurostat lfst_r_lfsd2pwc (LFS, private households)",VERIFIED
inactive,DE,DE9,Y_GE15,2019,2620.9,thousand persons,"Eurostat lfst_r_lfsd2pwc (LFS, private households)",VERIFIED
inactive,DE,DEA,Y_GE15,2019,6088.4,thousand persons,"Eurostat lfst_r_lfsd2pwc (LFS, private households)",VERIFIED
inactive,DE,DEB,Y_GE15,2019,1327.3,thousand persons,"Eurostat lfst_r_lfsd2pwc (LFS, private households)",VERIFIED
inactive,DE,DEC,Y_GE15,2019,356.7,thousand persons,"Eurostat lfst_r_lfsd2pwc (LFS, private households)",VERIFIED
inactive,DE,DED,Y_GE15,2019,1405.1,thousand persons,"Eurostat lfst_r_lfsd2pwc (LFS, private households)",VERIFIED
inactive,DE,DEE,Y_GE15,2019,816.0,thousand persons,"Eurostat lfst_r_lfsd2pwc (LFS, private households)",VERIFIED
inactive,DE,DEF,Y_GE15,2019,963.2,thousand persons,"Eurostat lfst_r_lfsd2pwc (LFS, private households)",VERIFIED
inactive,DE,DEG,Y_GE15,2019,751.1,thousand persons,"Eurostat lfst_r_lfsd2pwc (LFS, private households)",VERIFIED
inactive,DE,DE,Y15-64,2024,10535.9,thousand persons,"Eurostat lfst_r_lfsd2pwc (LFS, private households)",VERIFIED
inactive,DE,DE1,Y15-64,2024,1288.8,thousand persons,"Eurostat lfst_r_lfsd2pwc (LFS, private households)",VERIFIED
inactive,DE,DE2,Y15-64,2024,1459.0,thousand persons,"Eurostat lfst_r_lfsd2pwc (LFS, private households)",VERIFIED
inactive,DE,DE3,Y15-64,2024,539.0,thousand persons,"Eurostat lfst_r_lfsd2pwc (LFS, private households)",VERIFIED
inactive,DE,DE4,Y15-64,2024,299.4,thousand persons,"Eurostat lfst_r_lfsd2pwc (LFS, private households)",VERIFIED
inactive,DE,DE5,Y15-64,2024,110.8,thousand persons,"Eurostat lfst_r_lfsd2pwc (LFS, private households)",VERIFIED
inactive,DE,DE6,Y15-64,2024,260.7,thousand persons,"Eurostat lfst_r_lfsd2pwc (LFS, private households)",VERIFIED
inactive,DE,DE7,Y15-64,2024,853.4,thousand persons,"Eurostat lfst_r_lfsd2pwc (LFS, private households)",VERIFIED
inactive,DE,DE8,Y15-64,2024,194.6,thousand persons,"Eurostat lfst_r_lfsd2pwc (LFS, private households)",VERIFIED
inactive,DE,DE9,Y15-64,2024,1024.2,thousand persons,"Eurostat lfst_r_lfsd2pwc (LFS, private households)",VERIFIED
inactive,DE,DEA,Y15-64,2024,2525.0,thousand persons,"Eurostat lfst_r_lfsd2pwc (LFS, private households)",VERIFIED
inactive,DE,DEB,Y15-64,2024,501.2,thousand persons,"Eurostat lfst_r_lfsd2pwc (LFS, private households)",VERIFIED
inactive,DE,DEC,Y15-64,2024,143.7,thousand persons,"Eurostat lfst_r_lfsd2pwc (LFS, private households)",VERIFIED
inactive,DE,DED,Y15-64,2024,444.2,thousand persons,"Eurostat lfst_r_lfsd2pwc (LFS, private households)",VERIFIED
inactive,DE,DEE,Y15-64,2024,257.1,thousand persons,"Eurostat lfst_r_lfsd2pwc (LFS, private households)",VERIFIED
inactive,DE,DEF,Y15-64,2024,382.7,thousand persons,"Eurostat lfst_r_lfsd2pwc (LFS, private households)",VERIFIED
inactive,DE,DEG,Y15-64,2024,251.9,thousand persons,"Eurostat lfst_r_lfsd2pwc (LFS, private households)",VERIFIED
inactive,DE,DE,Y15-74,2024,18716.0,thousand persons,"Eurostat lfst_r_lfsd2pwc (LFS, private households)",VERIFIED
inactive,DE,DE1,Y15-74,2024,2280.7,thousand persons,"Eurostat lfst_r_lfsd2pwc (LFS, private households)",VERIFIED
inactive,DE,DE2,Y15-74,2024,2679.4,thousand persons,"Eurostat lfst_r_lfsd2pwc (LFS, private households)",VERIFIED
inactive,DE,DE3,Y15-74,2024,823.2,thousand persons,"Eurostat lfst_r_lfsd2pwc (LFS, private households)",VERIFIED
inactive,DE,DE4,Y15-74,2024,618.8,thousand persons,"Eurostat lfst_r_lfsd2pwc (LFS, private households)",VERIFIED
inactive,DE,DE5,Y15-74,2024,173.2,thousand persons,"Eurostat lfst_r_lfsd2pwc (LFS, private households)",VERIFIED
inactive,DE,DE6,Y15-74,2024,393.3,thousand persons,"Eurostat lfst_r_lfsd2pwc (LFS, private households)",VERIFIED
inactive,DE,DE7,Y15-74,2024,1429.1,thousand persons,"Eurostat lfst_r_lfsd2pwc (LFS, private households)",VERIFIED
inactive,DE,DE8,Y15-74,2024,415.5,thousand persons,"Eurostat lfst_r_lfsd2pwc (LFS, private households)",VERIFIED
inactive,DE,DE9,Y15-74,2024,1809.4,thousand persons,"Eurostat lfst_r_lfsd2pwc (LFS, private households)",VERIFIED
inactive,DE,DEA,Y15-74,2024,4246.1,thousand persons,"Eurostat lfst_r_lfsd2pwc (LFS, private households)",VERIFIED
inactive,DE,DEB,Y15-74,2024,934.9,thousand persons,"Eurostat lfst_r_lfsd2pwc (LFS, private households)",VERIFIED
inactive,DE,DEC,Y15-74,2024,263.2,thousand persons,"Eurostat lfst_r_lfsd2pwc (LFS, private households)",VERIFIED
inactive,DE,DED,Y15-74,2024,926.4,thousand persons,"Eurostat lfst_r_lfsd2pwc (LFS, private households)",VERIFIED
inactive,DE,DEE,Y15-74,2024,541.6,thousand persons,"Eurostat lfst_r_lfsd2pwc (LFS, private households)",VERIFIED
inactive,DE,DEF,Y15-74,2024,660.8,thousand persons,"Eurostat lfst_r_lfsd2pwc (LFS, private households)",VERIFIED
inactive,DE,DEG,Y15-74,2024,520.5,thousand persons,"Eurostat lfst_r_lfsd2pwc (LFS, private households)",VERIFIED
inactive,DE,DE,Y20-64,2024,7873.8,thousand persons,"Eurostat lfst_r_lfsd2pwc (LFS, private households)",VERIFIED
inactive,DE,DE1,Y20-64,2024,937.1,thousand persons,"Eurostat lfst_r_lfsd2pwc (LFS, private households)",VERIFIED
inactive,DE,DE2,Y20-64,2024,1074.8,thousand persons,"Eurostat lfst_r_lfsd2pwc (LFS, private households)",VERIFIED
inactive,DE,DE3,Y20-64,2024,410.5,thousand persons,"Eurostat lfst_r_lfsd2pwc (LFS, private households)",VERIFIED
inactive,DE,DE4,Y20-64,2024,217.6,thousand persons,"Eurostat lfst_r_lfsd2pwc (LFS, private households)",VERIFIED
inactive,DE,DE5,Y20-64,2024,88.6,thousand persons,"Eurostat lfst_r_lfsd2pwc (LFS, private households)",VERIFIED
inactive,DE,DE6,Y20-64,2024,196.1,thousand persons,"Eurostat lfst_r_lfsd2pwc (LFS, private households)",VERIFIED
inactive,DE,DE7,Y20-64,2024,634.7,thousand persons,"Eurostat lfst_r_lfsd2pwc (LFS, private households)",VERIFIED
inactive,DE,DE8,Y20-64,2024,148.1,thousand persons,"Eurostat lfst_r_lfsd2pwc (LFS, private households)",VERIFIED
inactive,DE,DE9,Y20-64,2024,773.7,thousand persons,"Eurostat lfst_r_lfsd2pwc (LFS, private households)",VERIFIED
inactive,DE,DEA,Y20-64,2024,1930.5,thousand persons,"Eurostat lfst_r_lfsd2pwc (LFS, private households)",VERIFIED
inactive,DE,DEB,Y20-64,2024,376.2,thousand persons,"Eurostat lfst_r_lfsd2pwc (LFS, private households)",VERIFIED
inactive,DE,DEC,Y20-64,2024,109.1,thousand persons,"Eurostat lfst_r_lfsd2pwc (LFS, private households)",VERIFIED
inactive,DE,DED,Y20-64,2024,313.9,thousand persons,"Eurostat lfst_r_lfsd2pwc (LFS, private households)",VERIFIED
inactive,DE,DEE,Y20-64,2024,188.1,thousand persons,"Eurostat lfst_r_lfsd2pwc (LFS, private households)",VERIFIED
inactive,DE,DEF,Y20-64,2024,289.8,thousand persons,"Eurostat lfst_r_lfsd2pwc (LFS, private households)",VERIFIED
inactive,DE,DEG,Y20-64,2024,185.0,thousand persons,"Eurostat lfst_r_lfsd2pwc (LFS, private households)",VERIFIED
inactive,DE,DE,Y_GE15,2024,27548.8,thousand persons,"Eurostat lfst_r_lfsd2pwc (LFS, private households)",VERIFIED
inactive,DE,DE1,Y_GE15,2024,3417.4,thousand persons,"Eurostat lfst_r_lfsd2pwc (LFS, private households)",VERIFIED
inactive,DE,DE2,Y_GE15,2024,4023.6,thousand persons,"Eurostat lfst_r_lfsd2pwc (LFS, private households)",VERIFIED
inactive,DE,DE3,Y_GE15,2024,1177.1,thousand persons,"Eurostat lfst_r_lfsd2pwc (LFS, private households)",VERIFIED
inactive,DE,DE4,Y_GE15,2024,922.9,thousand persons,"Eurostat lfst_r_lfsd2pwc (LFS, private households)",VERIFIED
inactive,DE,DE5,Y_GE15,2024,245.3,thousand persons,"Eurostat lfst_r_lfsd2pwc (LFS, private households)",VERIFIED
inactive,DE,DE6,Y_GE15,2024,556.3,thousand persons,"Eurostat lfst_r_lfsd2pwc (LFS, private households)",VERIFIED
inactive,DE,DE7,Y_GE15,2024,2075.9,thousand persons,"Eurostat lfst_r_lfsd2pwc (LFS, private households)",VERIFIED
inactive,DE,DE8,Y_GE15,2024,608.3,thousand persons,"Eurostat lfst_r_lfsd2pwc (LFS, private households)",VERIFIED
inactive,DE,DE9,Y_GE15,2024,2660.6,thousand persons,"Eurostat lfst_r_lfsd2pwc (LFS, private households)",VERIFIED
inactive,DE,DEA,Y_GE15,2024,6073.0,thousand persons,"Eurostat lfst_r_lfsd2pwc (LFS, private households)",VERIFIED
inactive,DE,DEB,Y_GE15,2024,1349.0,thousand persons,"Eurostat lfst_r_lfsd2pwc (LFS, private households)",VERIFIED
inactive,DE,DEC,Y_GE15,2024,380.1,thousand persons,"Eurostat lfst_r_lfsd2pwc (LFS, private households)",VERIFIED
inactive,DE,DED,Y_GE15,2024,1454.0,thousand persons,"Eurostat lfst_r_lfsd2pwc (LFS, private households)",VERIFIED
inactive,DE,DEE,Y_GE15,2024,818.9,thousand persons,"Eurostat lfst_r_lfsd2pwc (LFS, private households)",VERIFIED
inactive,DE,DEF,Y_GE15,2024,998.8,thousand persons,"Eurostat lfst_r_lfsd2pwc (LFS, private households)",VERIFIED
inactive,DE,DEG,Y_GE15,2024,787.6,thousand persons,"Eurostat lfst_r_lfsd2pwc (LFS, private households)",VERIFIED
inactive,DE,DE,Y15-64,2025,10342.6,thousand persons,"Eurostat lfst_r_lfsd2pwc (LFS, private households)",VERIFIED
inactive,DE,DE1,Y15-64,2025,1265.5,thousand persons,"Eurostat lfst_r_lfsd2pwc (LFS, private households)",VERIFIED
inactive,DE,DE2,Y15-64,2025,1412.8,thousand persons,"Eurostat lfst_r_lfsd2pwc (LFS, private households)",VERIFIED
inactive,DE,DE3,Y15-64,2025,552.2,thousand persons,"Eurostat lfst_r_lfsd2pwc (LFS, private households)",VERIFIED
inactive,DE,DE4,Y15-64,2025,304.6,thousand persons,"Eurostat lfst_r_lfsd2pwc (LFS, private households)",VERIFIED
inactive,DE,DE5,Y15-64,2025,112.3,thousand persons,"Eurostat lfst_r_lfsd2pwc (LFS, private households)",VERIFIED
inactive,DE,DE6,Y15-64,2025,268.9,thousand persons,"Eurostat lfst_r_lfsd2pwc (LFS, private households)",VERIFIED
inactive,DE,DE7,Y15-64,2025,843.1,thousand persons,"Eurostat lfst_r_lfsd2pwc (LFS, private households)",VERIFIED
inactive,DE,DE8,Y15-64,2025,195.0,thousand persons,"Eurostat lfst_r_lfsd2pwc (LFS, private households)",VERIFIED
inactive,DE,DE9,Y15-64,2025,990.9,thousand persons,"Eurostat lfst_r_lfsd2pwc (LFS, private households)",VERIFIED
inactive,DE,DEA,Y15-64,2025,2485.6,thousand persons,"Eurostat lfst_r_lfsd2pwc (LFS, private households)",VERIFIED
inactive,DE,DEB,Y15-64,2025,473.3,thousand persons,"Eurostat lfst_r_lfsd2pwc (LFS, private households)",VERIFIED
inactive,DE,DEC,Y15-64,2025,136.9,thousand persons,"Eurostat lfst_r_lfsd2pwc (LFS, private households)",VERIFIED
inactive,DE,DED,Y15-64,2025,435.0,thousand persons,"Eurostat lfst_r_lfsd2pwc (LFS, private households)",VERIFIED
inactive,DE,DEE,Y15-64,2025,264.4,thousand persons,"Eurostat lfst_r_lfsd2pwc (LFS, private households)",VERIFIED
inactive,DE,DEF,Y15-64,2025,363.1,thousand persons,"Eurostat lfst_r_lfsd2pwc (LFS, private households)",VERIFIED
inactive,DE,DEG,Y15-64,2025,239.1,thousand persons,"Eurostat lfst_r_lfsd2pwc (LFS, private households)",VERIFIED
inactive,DE,DE,Y15-74,2025,18572.3,thousand persons,"Eurostat lfst_r_lfsd2pwc (LFS, private households)",VERIFIED
inactive,DE,DE1,Y15-74,2025,2282.1,thousand persons,"Eurostat lfst_r_lfsd2pwc (LFS, private households)",VERIFIED
inactive,DE,DE2,Y15-74,2025,2652.1,thousand persons,"Eurostat lfst_r_lfsd2pwc (LFS, private households)",VERIFIED
inactive,DE,DE3,Y15-74,2025,834.3,thousand persons,"Eurostat lfst_r_lfsd2pwc (LFS, private households)",VERIFIED
inactive,DE,DE4,Y15-74,2025,629.1,thousand persons,"Eurostat lfst_r_lfsd2pwc (LFS, private households)",VERIFIED
inactive,DE,DE5,Y15-74,2025,173.0,thousand persons,"Eurostat lfst_r_lfsd2pwc (LFS, private households)",VERIFIED
inactive,DE,DE6,Y15-74,2025,397.9,thousand persons,"Eurostat lfst_r_lfsd2pwc (LFS, private households)",VERIFIED
inactive,DE,DE7,Y15-74,2025,1422.8,thousand persons,"Eurostat lfst_r_lfsd2pwc (LFS, private households)",VERIFIED
inactive,DE,DE8,Y15-74,2025,415.3,thousand persons,"Eurostat lfst_r_lfsd2pwc (LFS, private households)",VERIFIED
inactive,DE,DE9,Y15-74,2025,1776.9,thousand persons,"Eurostat lfst_r_lfsd2pwc (LFS, private households)",VERIFIED
inactive,DE,DEA,Y15-74,2025,4209.7,thousand persons,"Eurostat lfst_r_lfsd2pwc (LFS, private households)",VERIFIED
inactive,DE,DEB,Y15-74,2025,906.3,thousand persons,"Eurostat lfst_r_lfsd2pwc (LFS, private households)",VERIFIED
inactive,DE,DEC,Y15-74,2025,255.6,thousand persons,"Eurostat lfst_r_lfsd2pwc (LFS, private households)",VERIFIED
inactive,DE,DED,Y15-74,2025,907.6,thousand persons,"Eurostat lfst_r_lfsd2pwc (LFS, private households)",VERIFIED
inactive,DE,DEE,Y15-74,2025,548.3,thousand persons,"Eurostat lfst_r_lfsd2pwc (LFS, private households)",VERIFIED
inactive,DE,DEF,Y15-74,2025,649.3,thousand persons,"Eurostat lfst_r_lfsd2pwc (LFS, private households)",VERIFIED
inactive,DE,DEG,Y15-74,2025,512.1,thousand persons,"Eurostat lfst_r_lfsd2pwc (LFS, private households)",VERIFIED
inactive,DE,DE,Y20-64,2025,7621.5,thousand persons,"Eurostat lfst_r_lfsd2pwc (LFS, private households)",VERIFIED
inactive,DE,DE1,Y20-64,2025,905.3,thousand persons,"Eurostat lfst_r_lfsd2pwc (LFS, private households)",VERIFIED
inactive,DE,DE2,Y20-64,2025,1033.3,thousand persons,"Eurostat lfst_r_lfsd2pwc (LFS, private households)",VERIFIED
inactive,DE,DE3,Y20-64,2025,414.0,thousand persons,"Eurostat lfst_r_lfsd2pwc (LFS, private households)",VERIFIED
inactive,DE,DE4,Y20-64,2025,213.7,thousand persons,"Eurostat lfst_r_lfsd2pwc (LFS, private households)",VERIFIED
inactive,DE,DE5,Y20-64,2025,90.6,thousand persons,"Eurostat lfst_r_lfsd2pwc (LFS, private households)",VERIFIED
inactive,DE,DE6,Y20-64,2025,198.2,thousand persons,"Eurostat lfst_r_lfsd2pwc (LFS, private households)",VERIFIED
inactive,DE,DE7,Y20-64,2025,623.2,thousand persons,"Eurostat lfst_r_lfsd2pwc (LFS, private households)",VERIFIED
inactive,DE,DE8,Y20-64,2025,142.9,thousand persons,"Eurostat lfst_r_lfsd2pwc (LFS, private households)",VERIFIED
inactive,DE,DE9,Y20-64,2025,731.4,thousand persons,"Eurostat lfst_r_lfsd2pwc (LFS, private households)",VERIFIED
inactive,DE,DEA,Y20-64,2025,1875.6,thousand persons,"Eurostat lfst_r_lfsd2pwc (LFS, private households)",VERIFIED
inactive,DE,DEB,Y20-64,2025,348.7,thousand persons,"Eurostat lfst_r_lfsd2pwc (LFS, private households)",VERIFIED
inactive,DE,DEC,Y20-64,2025,104.4,thousand persons,"Eurostat lfst_r_lfsd2pwc (LFS, private households)",VERIFIED
inactive,DE,DED,Y20-64,2025,297.7,thousand persons,"Eurostat lfst_r_lfsd2pwc (LFS, private households)",VERIFIED
inactive,DE,DEE,Y20-64,2025,194.5,thousand persons,"Eurostat lfst_r_lfsd2pwc (LFS, private households)",VERIFIED
inactive,DE,DEF,Y20-64,2025,272.7,thousand persons,"Eurostat lfst_r_lfsd2pwc (LFS, private households)",VERIFIED
inactive,DE,DEG,Y20-64,2025,175.3,thousand persons,"Eurostat lfst_r_lfsd2pwc (LFS, private households)",VERIFIED
inactive,DE,DE,Y_GE15,2025,27503.2,thousand persons,"Eurostat lfst_r_lfsd2pwc (LFS, private households)",VERIFIED
inactive,DE,DE1,Y_GE15,2025,3430.4,thousand persons,"Eurostat lfst_r_lfsd2pwc (LFS, private households)",VERIFIED
inactive,DE,DE2,Y_GE15,2025,4028.4,thousand persons,"Eurostat lfst_r_lfsd2pwc (LFS, private households)",VERIFIED
inactive,DE,DE3,Y_GE15,2025,1192.8,thousand persons,"Eurostat lfst_r_lfsd2pwc (LFS, private households)",VERIFIED
inactive,DE,DE4,Y_GE15,2025,939.3,thousand persons,"Eurostat lfst_r_lfsd2pwc (LFS, private households)",VERIFIED
inactive,DE,DE5,Y_GE15,2025,245.6,thousand persons,"Eurostat lfst_r_lfsd2pwc (LFS, private households)",VERIFIED
inactive,DE,DE6,Y_GE15,2025,562.7,thousand persons,"Eurostat lfst_r_lfsd2pwc (LFS, private households)",VERIFIED
inactive,DE,DE7,Y_GE15,2025,2069.8,thousand persons,"Eurostat lfst_r_lfsd2pwc (LFS, private households)",VERIFIED
inactive,DE,DE8,Y_GE15,2025,611.1,thousand persons,"Eurostat lfst_r_lfsd2pwc (LFS, private households)",VERIFIED
inactive,DE,DE9,Y_GE15,2025,2640.5,thousand persons,"Eurostat lfst_r_lfsd2pwc (LFS, private households)",VERIFIED
inactive,DE,DEA,Y_GE15,2025,6041.2,thousand persons,"Eurostat lfst_r_lfsd2pwc (LFS, private households)",VERIFIED
inactive,DE,DEB,Y_GE15,2025,1324.9,thousand persons,"Eurostat lfst_r_lfsd2pwc (LFS, private households)",VERIFIED
inactive,DE,DEC,Y_GE15,2025,374.3,thousand persons,"Eurostat lfst_r_lfsd2pwc (LFS, private households)",VERIFIED
inactive,DE,DED,Y_GE15,2025,1445.4,thousand persons,"Eurostat lfst_r_lfsd2pwc (LFS, private households)",VERIFIED
inactive,DE,DEE,Y_GE15,2025,826.8,thousand persons,"Eurostat lfst_r_lfsd2pwc (LFS, private households)",VERIFIED
inactive,DE,DEF,Y_GE15,2025,986.5,thousand persons,"Eurostat lfst_r_lfsd2pwc (LFS, private households)",VERIFIED
inactive,DE,DEG,Y_GE15,2025,783.6,thousand persons,"Eurostat lfst_r_lfsd2pwc (LFS, private households)",VERIFIED
inactive,FR,FR,Y15-64,2015,11841.1,thousand persons,"Eurostat lfst_r_lfsd2pwc (LFS, private households)",VERIFIED
inactive,FR,FR1,Y15-64,2015,2101.4,thousand persons,"Eurostat lfst_r_lfsd2pwc (LFS, private households)",VERIFIED
inactive,FR,FRB,Y15-64,2015,456.8,thousand persons,"Eurostat lfst_r_lfsd2pwc (LFS, private households)",VERIFIED
inactive,FR,FRC,Y15-64,2015,494.6,thousand persons,"Eurostat lfst_r_lfsd2pwc (LFS, private households)",VERIFIED
inactive,FR,FRD,Y15-64,2015,599.2,thousand persons,"Eurostat lfst_r_lfsd2pwc (LFS, private households)",VERIFIED
inactive,FR,FRE,Y15-64,2015,1232.9,thousand persons,"Eurostat lfst_r_lfsd2pwc (LFS, private households)",VERIFIED
inactive,FR,FRF,Y15-64,2015,1023.3,thousand persons,"Eurostat lfst_r_lfsd2pwc (LFS, private households)",VERIFIED
inactive,FR,FRG,Y15-64,2015,573.8,thousand persons,"Eurostat lfst_r_lfsd2pwc (LFS, private households)",VERIFIED
inactive,FR,FRH,Y15-64,2015,529.8,thousand persons,"Eurostat lfst_r_lfsd2pwc (LFS, private households)",VERIFIED
inactive,FR,FRI,Y15-64,2015,957.6,thousand persons,"Eurostat lfst_r_lfsd2pwc (LFS, private households)",VERIFIED
inactive,FR,FRJ,Y15-64,2015,1068.3,thousand persons,"Eurostat lfst_r_lfsd2pwc (LFS, private households)",VERIFIED
inactive,FR,FRK,Y15-64,2015,1317.2,thousand persons,"Eurostat lfst_r_lfsd2pwc (LFS, private households)",VERIFIED
inactive,FR,FRL,Y15-64,2015,912.8,thousand persons,"Eurostat lfst_r_lfsd2pwc (LFS, private households)",VERIFIED
inactive,FR,FRM,Y15-64,2015,70.0,thousand persons,"Eurostat lfst_r_lfsd2pwc (LFS, private households)",VERIFIED (low reliability flag)
inactive,FR,FRY,Y15-64,2015,503.5,thousand persons,"Eurostat lfst_r_lfsd2pwc (LFS, private households)",VERIFIED
inactive,FR,FR,Y15-74,2015,17766.0,thousand persons,"Eurostat lfst_r_lfsd2pwc (LFS, private households)",VERIFIED
inactive,FR,FR1,Y15-74,2015,2937.9,thousand persons,"Eurostat lfst_r_lfsd2pwc (LFS, private households)",VERIFIED
inactive,FR,FRB,Y15-74,2015,729.4,thousand persons,"Eurostat lfst_r_lfsd2pwc (LFS, private households)",VERIFIED
inactive,FR,FRC,Y15-74,2015,768.9,thousand persons,"Eurostat lfst_r_lfsd2pwc (LFS, private households)",VERIFIED
inactive,FR,FRD,Y15-74,2015,901.3,thousand persons,"Eurostat lfst_r_lfsd2pwc (LFS, private households)",VERIFIED
inactive,FR,FRE,Y15-74,2015,1731.3,thousand persons,"Eurostat lfst_r_lfsd2pwc (LFS, private households)",VERIFIED
inactive,FR,FRF,Y15-74,2015,1502.4,thousand persons,"Eurostat lfst_r_lfsd2pwc (LFS, private households)",VERIFIED
inactive,FR,FRG,Y15-74,2015,899.1,thousand persons,"Eurostat lfst_r_lfsd2pwc (LFS, private households)",VERIFIED
inactive,FR,FRH,Y15-74,2015,827.3,thousand persons,"Eurostat lfst_r_lfsd2pwc (LFS, private households)",VERIFIED
inactive,FR,FRI,Y15-74,2015,1578.8,thousand persons,"Eurostat lfst_r_lfsd2pwc (LFS, private households)",VERIFIED
inactive,FR,FRJ,Y15-74,2015,1671.1,thousand persons,"Eurostat lfst_r_lfsd2pwc (LFS, private households)",VERIFIED
inactive,FR,FRK,Y15-74,2015,2029.0,thousand persons,"Eurostat lfst_r_lfsd2pwc (LFS, private households)",VERIFIED
inactive,FR,FRL,Y15-74,2015,1425.1,thousand persons,"Eurostat lfst_r_lfsd2pwc (LFS, private households)",VERIFIED
inactive,FR,FRM,Y15-74,2015,131.5,thousand persons,"Eurostat lfst_r_lfsd2pwc (LFS, private households)",VERIFIED (low reliability flag)
inactive,FR,FRY,Y15-74,2015,633.0,thousand persons,"Eurostat lfst_r_lfsd2pwc (LFS, private households)",VERIFIED
inactive,FR,FR,Y20-64,2015,8466.4,thousand persons,"Eurostat lfst_r_lfsd2pwc (LFS, private households)",VERIFIED
inactive,FR,FR1,Y20-64,2015,1446.2,thousand persons,"Eurostat lfst_r_lfsd2pwc (LFS, private households)",VERIFIED
inactive,FR,FRB,Y20-64,2015,329.1,thousand persons,"Eurostat lfst_r_lfsd2pwc (LFS, private households)",VERIFIED
inactive,FR,FRC,Y20-64,2015,353.7,thousand persons,"Eurostat lfst_r_lfsd2pwc (LFS, private households)",VERIFIED
inactive,FR,FRD,Y20-64,2015,431.4,thousand persons,"Eurostat lfst_r_lfsd2pwc (LFS, private households)",VERIFIED
inactive,FR,FRE,Y20-64,2015,908.5,thousand persons,"Eurostat lfst_r_lfsd2pwc (LFS, private households)",VERIFIED
inactive,FR,FRF,Y20-64,2015,753.0,thousand persons,"Eurostat lfst_r_lfsd2pwc (LFS, private households)",VERIFIED
inactive,FR,FRG,Y20-64,2015,409.3,thousand persons,"Eurostat lfst_r_lfsd2pwc (LFS, private households)",VERIFIED
inactive,FR,FRH,Y20-64,2015,367.7,thousand persons,"Eurostat lfst_r_lfsd2pwc (LFS, private households)",VERIFIED
inactive,FR,FRI,Y20-64,2015,700.2,thousand persons,"Eurostat lfst_r_lfsd2pwc (LFS, private households)",VERIFIED
inactive,FR,FRJ,Y20-64,2015,782.2,thousand persons,"Eurostat lfst_r_lfsd2pwc (LFS, private households)",VERIFIED
inactive,FR,FRK,Y20-64,2015,915.8,thousand persons,"Eurostat lfst_r_lfsd2pwc (LFS, private households)",VERIFIED
inactive,FR,FRL,Y20-64,2015,666.0,thousand persons,"Eurostat lfst_r_lfsd2pwc (LFS, private households)",VERIFIED
inactive,FR,FRM,Y20-64,2015,51.0,thousand persons,"Eurostat lfst_r_lfsd2pwc (LFS, private households)",VERIFIED (low reliability flag)
inactive,FR,FRY,Y20-64,2015,352.4,thousand persons,"Eurostat lfst_r_lfsd2pwc (LFS, private households)",VERIFIED
inactive,FR,FR,Y_GE15,2015,23241.8,thousand persons,"Eurostat lfst_r_lfsd2pwc (LFS, private households)",VERIFIED
inactive,FR,FR1,Y_GE15,2015,3671.3,thousand persons,"Eurostat lfst_r_lfsd2pwc (LFS, private households)",VERIFIED
inactive,FR,FRB,Y_GE15,2015,956.8,thousand persons,"Eurostat lfst_r_lfsd2pwc (LFS, private households)",VERIFIED
inactive,FR,FRC,Y_GE15,2015,1038.5,thousand persons,"Eurostat lfst_r_lfsd2pwc (LFS, private households)",VERIFIED
inactive,FR,FRD,Y_GE15,2015,1186.8,thousand persons,"Eurostat lfst_r_lfsd2pwc (LFS, private households)",VERIFIED
inactive,FR,FRE,Y_GE15,2015,2158.1,thousand persons,"Eurostat lfst_r_lfsd2pwc (LFS, private households)",VERIFIED
inactive,FR,FRF,Y_GE15,2015,1972.3,thousand persons,"Eurostat lfst_r_lfsd2pwc (LFS, private households)",VERIFIED
inactive,FR,FRG,Y_GE15,2015,1222.9,thousand persons,"Eurostat lfst_r_lfsd2pwc (LFS, private households)",VERIFIED
inactive,FR,FRH,Y_GE15,2015,1158.9,thousand persons,"Eurostat lfst_r_lfsd2pwc (LFS, private households)",VERIFIED
inactive,FR,FRI,Y_GE15,2015,2166.9,thousand persons,"Eurostat lfst_r_lfsd2pwc (LFS, private households)",VERIFIED
inactive,FR,FRJ,Y_GE15,2015,2206.5,thousand persons,"Eurostat lfst_r_lfsd2pwc (LFS, private households)",VERIFIED
inactive,FR,FRK,Y_GE15,2015,2676.8,thousand persons,"Eurostat lfst_r_lfsd2pwc (LFS, private households)",VERIFIED
inactive,FR,FRL,Y_GE15,2015,1916.4,thousand persons,"Eurostat lfst_r_lfsd2pwc (LFS, private households)",VERIFIED
inactive,FR,FRM,Y_GE15,2015,175.3,thousand persons,"Eurostat lfst_r_lfsd2pwc (LFS, private households)",VERIFIED (low reliability flag)
inactive,FR,FRY,Y_GE15,2015,734.3,thousand persons,"Eurostat lfst_r_lfsd2pwc (LFS, private households)",VERIFIED
inactive,FR,FR,Y15-64,2019,11610.5,thousand persons,"Eurostat lfst_r_lfsd2pwc (LFS, private households)",VERIFIED
inactive,FR,FR1,Y15-64,2019,2042.1,thousand persons,"Eurostat lfst_r_lfsd2pwc (LFS, private households)",VERIFIED
inactive,FR,FRB,Y15-64,2019,413.3,thousand persons,"Eurostat lfst_r_lfsd2pwc (LFS, private households)",VERIFIED
inactive,FR,FRC,Y15-64,2019,441.7,thousand persons,"Eurostat lfst_r_lfsd2pwc (LFS, private households)",VERIFIED
inactive,FR,FRD,Y15-64,2019,573.3,thousand persons,"Eurostat lfst_r_lfsd2pwc (LFS, private households)",VERIFIED
inactive,FR,FRE,Y15-64,2019,1234.2,thousand persons,"Eurostat lfst_r_lfsd2pwc (LFS, private households)",VERIFIED
inactive,FR,FRF,Y15-64,2019,985.6,thousand persons,"Eurostat lfst_r_lfsd2pwc (LFS, private households)",VERIFIED
inactive,FR,FRG,Y15-64,2019,613.3,thousand persons,"Eurostat lfst_r_lfsd2pwc (LFS, private households)",VERIFIED
inactive,FR,FRH,Y15-64,2019,554.2,thousand persons,"Eurostat lfst_r_lfsd2pwc (LFS, private households)",VERIFIED
inactive,FR,FRI,Y15-64,2019,928.4,thousand persons,"Eurostat lfst_r_lfsd2pwc (LFS, private households)",VERIFIED
inactive,FR,FRJ,Y15-64,2019,1054.7,thousand persons,"Eurostat lfst_r_lfsd2pwc (LFS, private households)",VERIFIED
inactive,FR,FRK,Y15-64,2019,1283.5,thousand persons,"Eurostat lfst_r_lfsd2pwc (LFS, private households)",VERIFIED
inactive,FR,FRL,Y15-64,2019,906.4,thousand persons,"Eurostat lfst_r_lfsd2pwc (LFS, private households)",VERIFIED
inactive,FR,FRM,Y15-64,2019,53.5,thousand persons,"Eurostat lfst_r_lfsd2pwc (LFS, private households)",VERIFIED (low reliability flag)
inactive,FR,FRY,Y15-64,2019,526.0,thousand persons,"Eurostat lfst_r_lfsd2pwc (LFS, private households)",VERIFIED
inactive,FR,FR,Y15-74,2019,18395.6,thousand persons,"Eurostat lfst_r_lfsd2pwc (LFS, private households)",VERIFIED
inactive,FR,FR1,Y15-74,2019,2978.3,thousand persons,"Eurostat lfst_r_lfsd2pwc (LFS, private households)",VERIFIED
inactive,FR,FRB,Y15-74,2019,698.0,thousand persons,"Eurostat lfst_r_lfsd2pwc (LFS, private households)",VERIFIED
inactive,FR,FRC,Y15-74,2019,769.9,thousand persons,"Eurostat lfst_r_lfsd2pwc (LFS, private households)",VERIFIED
inactive,FR,FRD,Y15-74,2019,941.5,thousand persons,"Eurostat lfst_r_lfsd2pwc (LFS, private households)",VERIFIED
inactive,FR,FRE,Y15-74,2019,1830.2,thousand persons,"Eurostat lfst_r_lfsd2pwc (LFS, private households)",VERIFIED
inactive,FR,FRF,Y15-74,2019,1536.6,thousand persons,"Eurostat lfst_r_lfsd2pwc (LFS, private households)",VERIFIED
inactive,FR,FRG,Y15-74,2019,1028.2,thousand persons,"Eurostat lfst_r_lfsd2pwc (LFS, private households)",VERIFIED
inactive,FR,FRH,Y15-74,2019,946.7,thousand persons,"Eurostat lfst_r_lfsd2pwc (LFS, private households)",VERIFIED
inactive,FR,FRI,Y15-74,2019,1649.2,thousand persons,"Eurostat lfst_r_lfsd2pwc (LFS, private households)",VERIFIED
inactive,FR,FRJ,Y15-74,2019,1723.5,thousand persons,"Eurostat lfst_r_lfsd2pwc (LFS, private households)",VERIFIED
inactive,FR,FRK,Y15-74,2019,2053.8,thousand persons,"Eurostat lfst_r_lfsd2pwc (LFS, private households)",VERIFIED
inactive,FR,FRL,Y15-74,2019,1458.8,thousand persons,"Eurostat lfst_r_lfsd2pwc (LFS, private households)",VERIFIED
inactive,FR,FRM,Y15-74,2019,100.0,thousand persons,"Eurostat lfst_r_lfsd2pwc (LFS, private households)",VERIFIED (low reliability flag)
inactive,FR,FRY,Y15-74,2019,681.0,thousand persons,"Eurostat lfst_r_lfsd2pwc (LFS, private households)",VERIFIED
inactive,FR,FR,Y20-64,2019,8110.6,thousand persons,"Eurostat lfst_r_lfsd2pwc (LFS, private households)",VERIFIED
inactive,FR,FR1,Y20-64,2019,1343.1,thousand persons,"Eurostat lfst_r_lfsd2pwc (LFS, private households)",VERIFIED
inactive,FR,FRB,Y20-64,2019,286.6,thousand persons,"Eurostat lfst_r_lfsd2pwc (LFS, private households)",VERIFIED
inactive,FR,FRC,Y20-64,2019,310.5,thousand persons,"Eurostat lfst_r_lfsd2pwc (LFS, private households)",VERIFIED
inactive,FR,FRD,Y20-64,2019,402.3,thousand persons,"Eurostat lfst_r_lfsd2pwc (LFS, private households)",VERIFIED
inactive,FR,FRE,Y20-64,2019,875.9,thousand persons,"Eurostat lfst_r_lfsd2pwc (LFS, private households)",VERIFIED
inactive,FR,FRF,Y20-64,2019,728.5,thousand persons,"Eurostat lfst_r_lfsd2pwc (LFS, private households)",VERIFIED
inactive,FR,FRG,Y20-64,2019,415.6,thousand persons,"Eurostat lfst_r_lfsd2pwc (LFS, private households)",VERIFIED
inactive,FR,FRH,Y20-64,2019,371.6,thousand persons,"Eurostat lfst_r_lfsd2pwc (LFS, private households)",VERIFIED
inactive,FR,FRI,Y20-64,2019,664.5,thousand persons,"Eurostat lfst_r_lfsd2pwc (LFS, private households)",VERIFIED
inactive,FR,FRJ,Y20-64,2019,768.9,thousand persons,"Eurostat lfst_r_lfsd2pwc (LFS, private households)",VERIFIED
inactive,FR,FRK,Y20-64,2019,893.6,thousand persons,"Eurostat lfst_r_lfsd2pwc (LFS, private households)",VERIFIED
inactive,FR,FRL,Y20-64,2019,628.5,thousand persons,"Eurostat lfst_r_lfsd2pwc (LFS, private households)",VERIFIED
inactive,FR,FRM,Y20-64,2019,47.6,thousand persons,"Eurostat lfst_r_lfsd2pwc (LFS, private households)",VERIFIED (low reliability flag)
inactive,FR,FRY,Y20-64,2019,373.5,thousand persons,"Eurostat lfst_r_lfsd2pwc (LFS, private households)",VERIFIED
inactive,FR,FR,Y_GE15,2019,24054.0,thousand persons,"Eurostat lfst_r_lfsd2pwc (LFS, private households)",VERIFIED
inactive,FR,FR1,Y_GE15,2019,3728.2,thousand persons,"Eurostat lfst_r_lfsd2pwc (LFS, private households)",VERIFIED
inactive,FR,FRB,Y_GE15,2019,951.0,thousand persons,"Eurostat lfst_r_lfsd2pwc (LFS, private households)",VERIFIED
inactive,FR,FRC,Y_GE15,2019,1050.1,thousand persons,"Eurostat lfst_r_lfsd2pwc (LFS, private households)",VERIFIED
inactive,FR,FRD,Y_GE15,2019,1242.5,thousand persons,"Eurostat lfst_r_lfsd2pwc (LFS, private households)",VERIFIED
inactive,FR,FRE,Y_GE15,2019,2258.2,thousand persons,"Eurostat lfst_r_lfsd2pwc (LFS, private households)",VERIFIED
inactive,FR,FRF,Y_GE15,2019,2002.6,thousand persons,"Eurostat lfst_r_lfsd2pwc (LFS, private households)",VERIFIED
inactive,FR,FRG,Y_GE15,2019,1344.5,thousand persons,"Eurostat lfst_r_lfsd2pwc (LFS, private households)",VERIFIED
inactive,FR,FRH,Y_GE15,2019,1245.6,thousand persons,"Eurostat lfst_r_lfsd2pwc (LFS, private households)",VERIFIED
inactive,FR,FRI,Y_GE15,2019,2274.3,thousand persons,"Eurostat lfst_r_lfsd2pwc (LFS, private households)",VERIFIED
inactive,FR,FRJ,Y_GE15,2019,2294.6,thousand persons,"Eurostat lfst_r_lfsd2pwc (LFS, private households)",VERIFIED
inactive,FR,FRK,Y_GE15,2019,2738.8,thousand persons,"Eurostat lfst_r_lfsd2pwc (LFS, private households)",VERIFIED
inactive,FR,FRL,Y_GE15,2019,1979.8,thousand persons,"Eurostat lfst_r_lfsd2pwc (LFS, private households)",VERIFIED
inactive,FR,FRM,Y_GE15,2019,146.0,thousand persons,"Eurostat lfst_r_lfsd2pwc (LFS, private households)",VERIFIED (low reliability flag)
inactive,FR,FRY,Y_GE15,2019,797.8,thousand persons,"Eurostat lfst_r_lfsd2pwc (LFS, private households)",VERIFIED
inactive,FR,FR,Y15-64,2024,10571.0,thousand persons,"Eurostat lfst_r_lfsd2pwc (LFS, private households)",VERIFIED (flag bd)
inactive,FR,FR1,Y15-64,2024,1888.7,thousand persons,"Eurostat lfst_r_lfsd2pwc (LFS, private households)",VERIFIED (flag bd)
inactive,FR,FRB,Y15-64,2024,351.3,thousand persons,"Eurostat lfst_r_lfsd2pwc (LFS, private households)",VERIFIED (flag bd)
inactive,FR,FRC,Y15-64,2024,414.2,thousand persons,"Eurostat lfst_r_lfsd2pwc (LFS, private households)",VERIFIED (flag bd)
inactive,FR,FRD,Y15-64,2024,495.4,thousand persons,"Eurostat lfst_r_lfsd2pwc (LFS, private households)",VERIFIED (flag bd)
inactive,FR,FRE,Y15-64,2024,1051.2,thousand persons,"Eurostat lfst_r_lfsd2pwc (LFS, private households)",VERIFIED (flag bd)
inactive,FR,FRF,Y15-64,2024,856.8,thousand persons,"Eurostat lfst_r_lfsd2pwc (LFS, private households)",VERIFIED (flag bd)
inactive,FR,FRG,Y15-64,2024,545.4,thousand persons,"Eurostat lfst_r_lfsd2pwc (LFS, private households)",VERIFIED (flag bd)
inactive,FR,FRH,Y15-64,2024,492.5,thousand persons,"Eurostat lfst_r_lfsd2pwc (LFS, private households)",VERIFIED (flag bd)
inactive,FR,FRI,Y15-64,2024,842.7,thousand persons,"Eurostat lfst_r_lfsd2pwc (LFS, private households)",VERIFIED (flag bd)
inactive,FR,FRJ,Y15-64,2024,978.8,thousand persons,"Eurostat lfst_r_lfsd2pwc (LFS, private households)",VERIFIED (flag bd)
inactive,FR,FRK,Y15-64,2024,1188.3,thousand persons,"Eurostat lfst_r_lfsd2pwc (LFS, private households)",VERIFIED (flag bd)
inactive,FR,FRL,Y15-64,2024,874.6,thousand persons,"Eurostat lfst_r_lfsd2pwc (LFS, private households)",VERIFIED (flag bd)
inactive,FR,FRM,Y15-64,2024,68.5,thousand persons,"Eurostat lfst_r_lfsd2pwc (LFS, private households)",VERIFIED (flag bdu)
inactive,FR,FRY,Y15-64,2024,522.6,thousand persons,"Eurostat lfst_r_lfsd2pwc (LFS, private households)",VERIFIED (flag bd)
inactive,FR,FR,Y15-74,2024,17515.3,thousand persons,"Eurostat lfst_r_lfsd2pwc (LFS, private households)",VERIFIED (flag bd)
inactive,FR,FR1,Y15-74,2024,2823.6,thousand persons,"Eurostat lfst_r_lfsd2pwc (LFS, private households)",VERIFIED (flag bd)
inactive,FR,FRB,Y15-74,2024,645.6,thousand persons,"Eurostat lfst_r_lfsd2pwc (LFS, private households)",VERIFIED (flag bd)
inactive,FR,FRC,Y15-74,2024,739.7,thousand persons,"Eurostat lfst_r_lfsd2pwc (LFS, private households)",VERIFIED (flag bd)
inactive,FR,FRD,Y15-74,2024,873.4,thousand persons,"Eurostat lfst_r_lfsd2pwc (LFS, private households)",VERIFIED (flag bd)
inactive,FR,FRE,Y15-74,2024,1630.1,thousand persons,"Eurostat lfst_r_lfsd2pwc (LFS, private households)",VERIFIED (flag bd)
inactive,FR,FRF,Y15-74,2024,1476.6,thousand persons,"Eurostat lfst_r_lfsd2pwc (LFS, private households)",VERIFIED (flag bd)
inactive,FR,FRG,Y15-74,2024,959.8,thousand persons,"Eurostat lfst_r_lfsd2pwc (LFS, private households)",VERIFIED (flag bd)
inactive,FR,FRH,Y15-74,2024,893.3,thousand persons,"Eurostat lfst_r_lfsd2pwc (LFS, private households)",VERIFIED (flag bd)
inactive,FR,FRI,Y15-74,2024,1579.8,thousand persons,"Eurostat lfst_r_lfsd2pwc (LFS, private households)",VERIFIED (flag bd)
inactive,FR,FRJ,Y15-74,2024,1676.3,thousand persons,"Eurostat lfst_r_lfsd2pwc (LFS, private households)",VERIFIED (flag bd)
inactive,FR,FRK,Y15-74,2024,1989.9,thousand persons,"Eurostat lfst_r_lfsd2pwc (LFS, private households)",VERIFIED (flag bd)
inactive,FR,FRL,Y15-74,2024,1430.3,thousand persons,"Eurostat lfst_r_lfsd2pwc (LFS, private households)",VERIFIED (flag bd)
inactive,FR,FRM,Y15-74,2024,106.8,thousand persons,"Eurostat lfst_r_lfsd2pwc (LFS, private households)",VERIFIED (flag bdu)
inactive,FR,FRY,Y15-74,2024,690.2,thousand persons,"Eurostat lfst_r_lfsd2pwc (LFS, private households)",VERIFIED (flag bd)
inactive,FR,FR,Y20-64,2024,7198.6,thousand persons,"Eurostat lfst_r_lfsd2pwc (LFS, private households)",VERIFIED (flag bd)
inactive,FR,FR1,Y20-64,2024,1198.6,thousand persons,"Eurostat lfst_r_lfsd2pwc (LFS, private households)",VERIFIED (flag bd)
inactive,FR,FRB,Y20-64,2024,231.8,thousand persons,"Eurostat lfst_r_lfsd2pwc (LFS, private households)",VERIFIED (flag bd)
inactive,FR,FRC,Y20-64,2024,275.2,thousand persons,"Eurostat lfst_r_lfsd2pwc (LFS, private households)",VERIFIED (flag bd)
inactive,FR,FRD,Y20-64,2024,338.3,thousand persons,"Eurostat lfst_r_lfsd2pwc (LFS, private households)",VERIFIED (flag bd)
inactive,FR,FRE,Y20-64,2024,751.9,thousand persons,"Eurostat lfst_r_lfsd2pwc (LFS, private households)",VERIFIED (flag bd)
inactive,FR,FRF,Y20-64,2024,606.7,thousand persons,"Eurostat lfst_r_lfsd2pwc (LFS, private households)",VERIFIED (flag bd)
inactive,FR,FRG,Y20-64,2024,373.8,thousand persons,"Eurostat lfst_r_lfsd2pwc (LFS, private households)",VERIFIED (flag bd)
inactive,FR,FRH,Y20-64,2024,323.1,thousand persons,"Eurostat lfst_r_lfsd2pwc (LFS, private households)",VERIFIED (flag bd)
inactive,FR,FRI,Y20-64,2024,576.5,thousand persons,"Eurostat lfst_r_lfsd2pwc (LFS, private households)",VERIFIED (flag bd)
inactive,FR,FRJ,Y20-64,2024,682.7,thousand persons,"Eurostat lfst_r_lfsd2pwc (LFS, private households)",VERIFIED (flag bd)
inactive,FR,FRK,Y20-64,2024,833.9,thousand persons,"Eurostat lfst_r_lfsd2pwc (LFS, private households)",VERIFIED (flag bd)
inactive,FR,FRL,Y20-64,2024,594.5,thousand persons,"Eurostat lfst_r_lfsd2pwc (LFS, private households)",VERIFIED (flag bd)
inactive,FR,FRM,Y20-64,2024,46.7,thousand persons,"Eurostat lfst_r_lfsd2pwc (LFS, private households)",VERIFIED (flag bdu)
inactive,FR,FRY,Y20-64,2024,365.0,thousand persons,"Eurostat lfst_r_lfsd2pwc (LFS, private households)",VERIFIED (flag bd)
inactive,FR,FR,Y_GE15,2024,24082.6,thousand persons,"Eurostat lfst_r_lfsd2pwc (LFS, private households)",VERIFIED (flag bd)
inactive,FR,FR1,Y_GE15,2024,3686.0,thousand persons,"Eurostat lfst_r_lfsd2pwc (LFS, private households)",VERIFIED (flag bd)
inactive,FR,FRB,Y_GE15,2024,914.5,thousand persons,"Eurostat lfst_r_lfsd2pwc (LFS, private households)",VERIFIED (flag bd)
inactive,FR,FRC,Y_GE15,2024,1048.8,thousand persons,"Eurostat lfst_r_lfsd2pwc (LFS, private households)",VERIFIED (flag bd)
inactive,FR,FRD,Y_GE15,2024,1240.0,thousand persons,"Eurostat lfst_r_lfsd2pwc (LFS, private households)",VERIFIED (flag bd)
inactive,FR,FRE,Y_GE15,2024,2163.7,thousand persons,"Eurostat lfst_r_lfsd2pwc (LFS, private households)",VERIFIED (flag bd)
inactive,FR,FRF,Y_GE15,2024,2034.8,thousand persons,"Eurostat lfst_r_lfsd2pwc (LFS, private households)",VERIFIED (flag bd)
inactive,FR,FRG,Y_GE15,2024,1352.6,thousand persons,"Eurostat lfst_r_lfsd2pwc (LFS, private households)",VERIFIED (flag bd)
inactive,FR,FRH,Y_GE15,2024,1223.1,thousand persons,"Eurostat lfst_r_lfsd2pwc (LFS, private households)",VERIFIED (flag bd)
inactive,FR,FRI,Y_GE15,2024,2301.4,thousand persons,"Eurostat lfst_r_lfsd2pwc (LFS, private households)",VERIFIED (flag bd)
inactive,FR,FRJ,Y_GE15,2024,2320.7,thousand persons,"Eurostat lfst_r_lfsd2pwc (LFS, private households)",VERIFIED (flag bd)
inactive,FR,FRK,Y_GE15,2024,2769.0,thousand persons,"Eurostat lfst_r_lfsd2pwc (LFS, private households)",VERIFIED (flag bd)
inactive,FR,FRL,Y_GE15,2024,2050.6,thousand persons,"Eurostat lfst_r_lfsd2pwc (LFS, private households)",VERIFIED (flag bd)
inactive,FR,FRM,Y_GE15,2024,143.4,thousand persons,"Eurostat lfst_r_lfsd2pwc (LFS, private households)",VERIFIED (flag bdu)
inactive,FR,FRY,Y_GE15,2024,834.0,thousand persons,"Eurostat lfst_r_lfsd2pwc (LFS, private households)",VERIFIED (flag bd)
inactive,FR,FR,Y15-64,2025,10349.0,thousand persons,"Eurostat lfst_r_lfsd2pwc (LFS, private households)",VERIFIED (definition differs)
inactive,FR,FR1,Y15-64,2025,1891.0,thousand persons,"Eurostat lfst_r_lfsd2pwc (LFS, private households)",VERIFIED (definition differs)
inactive,FR,FRB,Y15-64,2025,358.2,thousand persons,"Eurostat lfst_r_lfsd2pwc (LFS, private households)",VERIFIED (definition differs)
inactive,FR,FRC,Y15-64,2025,422.2,thousand persons,"Eurostat lfst_r_lfsd2pwc (LFS, private households)",VERIFIED (definition differs)
inactive,FR,FRD,Y15-64,2025,482.8,thousand persons,"Eurostat lfst_r_lfsd2pwc (LFS, private households)",VERIFIED (definition differs)
inactive,FR,FRE,Y15-64,2025,980.9,thousand persons,"Eurostat lfst_r_lfsd2pwc (LFS, private households)",VERIFIED (definition differs)
inactive,FR,FRF,Y15-64,2025,877.4,thousand persons,"Eurostat lfst_r_lfsd2pwc (LFS, private households)",VERIFIED (definition differs)
inactive,FR,FRG,Y15-64,2025,540.4,thousand persons,"Eurostat lfst_r_lfsd2pwc (LFS, private households)",VERIFIED (definition differs)
inactive,FR,FRH,Y15-64,2025,500.5,thousand persons,"Eurostat lfst_r_lfsd2pwc (LFS, private households)",VERIFIED (definition differs)
inactive,FR,FRI,Y15-64,2025,820.6,thousand persons,"Eurostat lfst_r_lfsd2pwc (LFS, private households)",VERIFIED (definition differs)
inactive,FR,FRJ,Y15-64,2025,929.7,thousand persons,"Eurostat lfst_r_lfsd2pwc (LFS, private households)",VERIFIED (definition differs)
inactive,FR,FRK,Y15-64,2025,1139.7,thousand persons,"Eurostat lfst_r_lfsd2pwc (LFS, private households)",VERIFIED (definition differs)
inactive,FR,FRL,Y15-64,2025,817.1,thousand persons,"Eurostat lfst_r_lfsd2pwc (LFS, private households)",VERIFIED (definition differs)
inactive,FR,FRM,Y15-64,2025,66.9,thousand persons,"Eurostat lfst_r_lfsd2pwc (LFS, private households)",VERIFIED (flag du)
inactive,FR,FRY,Y15-64,2025,521.6,thousand persons,"Eurostat lfst_r_lfsd2pwc (LFS, private households)",VERIFIED (definition differs)
inactive,FR,FR,Y15-74,2025,17283.9,thousand persons,"Eurostat lfst_r_lfsd2pwc (LFS, private households)",VERIFIED (definition differs)
inactive,FR,FR1,Y15-74,2025,2805.7,thousand persons,"Eurostat lfst_r_lfsd2pwc (LFS, private households)",VERIFIED (definition differs)
inactive,FR,FRB,Y15-74,2025,631.2,thousand persons,"Eurostat lfst_r_lfsd2pwc (LFS, private households)",VERIFIED (definition differs)
inactive,FR,FRC,Y15-74,2025,735.6,thousand persons,"Eurostat lfst_r_lfsd2pwc (LFS, private households)",VERIFIED (definition differs)
inactive,FR,FRD,Y15-74,2025,859.4,thousand persons,"Eurostat lfst_r_lfsd2pwc (LFS, private households)",VERIFIED (definition differs)
inactive,FR,FRE,Y15-74,2025,1565.1,thousand persons,"Eurostat lfst_r_lfsd2pwc (LFS, private households)",VERIFIED (definition differs)
inactive,FR,FRF,Y15-74,2025,1463.6,thousand persons,"Eurostat lfst_r_lfsd2pwc (LFS, private households)",VERIFIED (definition differs)
inactive,FR,FRG,Y15-74,2025,969.6,thousand persons,"Eurostat lfst_r_lfsd2pwc (LFS, private households)",VERIFIED (definition differs)
inactive,FR,FRH,Y15-74,2025,927.5,thousand persons,"Eurostat lfst_r_lfsd2pwc (LFS, private households)",VERIFIED (definition differs)
inactive,FR,FRI,Y15-74,2025,1564.4,thousand persons,"Eurostat lfst_r_lfsd2pwc (LFS, private households)",VERIFIED (definition differs)
inactive,FR,FRJ,Y15-74,2025,1632.1,thousand persons,"Eurostat lfst_r_lfsd2pwc (LFS, private households)",VERIFIED (definition differs)
inactive,FR,FRK,Y15-74,2025,1939.7,thousand persons,"Eurostat lfst_r_lfsd2pwc (LFS, private households)",VERIFIED (definition differs)
inactive,FR,FRL,Y15-74,2025,1384.2,thousand persons,"Eurostat lfst_r_lfsd2pwc (LFS, private households)",VERIFIED (definition differs)
inactive,FR,FRM,Y15-74,2025,105.4,thousand persons,"Eurostat lfst_r_lfsd2pwc (LFS, private households)",VERIFIED (flag du)
inactive,FR,FRY,Y15-74,2025,700.4,thousand persons,"Eurostat lfst_r_lfsd2pwc (LFS, private households)",VERIFIED (definition differs)
inactive,FR,FR,Y20-64,2025,7012.0,thousand persons,"Eurostat lfst_r_lfsd2pwc (LFS, private households)",VERIFIED (definition differs)
inactive,FR,FR1,Y20-64,2025,1190.4,thousand persons,"Eurostat lfst_r_lfsd2pwc (LFS, private households)",VERIFIED (definition differs)
inactive,FR,FRB,Y20-64,2025,233.5,thousand persons,"Eurostat lfst_r_lfsd2pwc (LFS, private households)",VERIFIED (definition differs)
inactive,FR,FRC,Y20-64,2025,285.0,thousand persons,"Eurostat lfst_r_lfsd2pwc (LFS, private households)",VERIFIED (definition differs)
inactive,FR,FRD,Y20-64,2025,324.5,thousand persons,"Eurostat lfst_r_lfsd2pwc (LFS, private households)",VERIFIED (definition differs)
inactive,FR,FRE,Y20-64,2025,702.6,thousand persons,"Eurostat lfst_r_lfsd2pwc (LFS, private households)",VERIFIED (definition differs)
inactive,FR,FRF,Y20-64,2025,609.6,thousand persons,"Eurostat lfst_r_lfsd2pwc (LFS, private households)",VERIFIED (definition differs)
inactive,FR,FRG,Y20-64,2025,369.4,thousand persons,"Eurostat lfst_r_lfsd2pwc (LFS, private households)",VERIFIED (definition differs)
inactive,FR,FRH,Y20-64,2025,319.5,thousand persons,"Eurostat lfst_r_lfsd2pwc (LFS, private households)",VERIFIED (definition differs)
inactive,FR,FRI,Y20-64,2025,563.1,thousand persons,"Eurostat lfst_r_lfsd2pwc (LFS, private households)",VERIFIED (definition differs)
inactive,FR,FRJ,Y20-64,2025,643.9,thousand persons,"Eurostat lfst_r_lfsd2pwc (LFS, private households)",VERIFIED (definition differs)
inactive,FR,FRK,Y20-64,2025,800.2,thousand persons,"Eurostat lfst_r_lfsd2pwc (LFS, private households)",VERIFIED (definition differs)
inactive,FR,FRL,Y20-64,2025,561.1,thousand persons,"Eurostat lfst_r_lfsd2pwc (LFS, private households)",VERIFIED (definition differs)
inactive,FR,FRM,Y20-64,2025,41.1,thousand persons,"Eurostat lfst_r_lfsd2pwc (LFS, private households)",VERIFIED (flag du)
inactive,FR,FRY,Y20-64,2025,368.0,thousand persons,"Eurostat lfst_r_lfsd2pwc (LFS, private households)",VERIFIED (definition differs)
inactive,FR,FR,Y_GE15,2025,24057.2,thousand persons,"Eurostat lfst_r_lfsd2pwc (LFS, private households)",VERIFIED (definition differs)
inactive,FR,FR1,Y_GE15,2025,3716.9,thousand persons,"Eurostat lfst_r_lfsd2pwc (LFS, private households)",VERIFIED (definition differs)
inactive,FR,FRB,Y_GE15,2025,922.6,thousand persons,"Eurostat lfst_r_lfsd2pwc (LFS, private households)",VERIFIED (definition differs)
inactive,FR,FRC,Y_GE15,2025,1057.8,thousand persons,"Eurostat lfst_r_lfsd2pwc (LFS, private households)",VERIFIED (definition differs)
inactive,FR,FRD,Y_GE15,2025,1218.1,thousand persons,"Eurostat lfst_r_lfsd2pwc (LFS, private households)",VERIFIED (definition differs)
inactive,FR,FRE,Y_GE15,2025,2101.2,thousand persons,"Eurostat lfst_r_lfsd2pwc (LFS, private households)",VERIFIED (definition differs)
inactive,FR,FRF,Y_GE15,2025,2024.6,thousand persons,"Eurostat lfst_r_lfsd2pwc (LFS, private households)",VERIFIED (definition differs)
inactive,FR,FRG,Y_GE15,2025,1358.2,thousand persons,"Eurostat lfst_r_lfsd2pwc (LFS, private households)",VERIFIED (definition differs)
inactive,FR,FRH,Y_GE15,2025,1274.0,thousand persons,"Eurostat lfst_r_lfsd2pwc (LFS, private households)",VERIFIED (definition differs)
inactive,FR,FRI,Y_GE15,2025,2303.4,thousand persons,"Eurostat lfst_r_lfsd2pwc (LFS, private households)",VERIFIED (definition differs)
inactive,FR,FRJ,Y_GE15,2025,2322.4,thousand persons,"Eurostat lfst_r_lfsd2pwc (LFS, private households)",VERIFIED (definition differs)
inactive,FR,FRK,Y_GE15,2025,2748.7,thousand persons,"Eurostat lfst_r_lfsd2pwc (LFS, private households)",VERIFIED (definition differs)
inactive,FR,FRL,Y_GE15,2025,2011.8,thousand persons,"Eurostat lfst_r_lfsd2pwc (LFS, private households)",VERIFIED (definition differs)
inactive,FR,FRM,Y_GE15,2025,148.3,thousand persons,"Eurostat lfst_r_lfsd2pwc (LFS, private households)",VERIFIED (flag du)
inactive,FR,FRY,Y_GE15,2025,849.3,thousand persons,"Eurostat lfst_r_lfsd2pwc (LFS, private households)",VERIFIED (definition differs)
inactive,IT,IT,Y15-64,2015,14037.9,thousand persons,"Eurostat lfst_r_lfsd2pwc (LFS, private households)",VERIFIED
inactive,IT,ITC1,Y15-64,2015,797.9,thousand persons,"Eurostat lfst_r_lfsd2pwc (LFS, private households)",VERIFIED
inactive,IT,ITC2,Y15-64,2015,22.1,thousand persons,"Eurostat lfst_r_lfsd2pwc (LFS, private households)",VERIFIED
inactive,IT,ITC3,Y15-64,2015,296.7,thousand persons,"Eurostat lfst_r_lfsd2pwc (LFS, private households)",VERIFIED
inactive,IT,ITC4,Y15-64,2015,1869.7,thousand persons,"Eurostat lfst_r_lfsd2pwc (LFS, private households)",VERIFIED
inactive,IT,ITF1,Y15-64,2015,320.4,thousand persons,"Eurostat lfst_r_lfsd2pwc (LFS, private households)",VERIFIED
inactive,IT,ITF2,Y15-64,2015,85.3,thousand persons,"Eurostat lfst_r_lfsd2pwc (LFS, private households)",VERIFIED
inactive,IT,ITF3,Y15-64,2015,1980.7,thousand persons,"Eurostat lfst_r_lfsd2pwc (LFS, private households)",VERIFIED
inactive,IT,ITF4,Y15-64,2015,1227.4,thousand persons,"Eurostat lfst_r_lfsd2pwc (LFS, private households)",VERIFIED
inactive,IT,ITF5,Y15-64,2015,161.9,thousand persons,"Eurostat lfst_r_lfsd2pwc (LFS, private households)",VERIFIED
inactive,IT,ITF6,Y15-64,2015,641.4,thousand persons,"Eurostat lfst_r_lfsd2pwc (LFS, private households)",VERIFIED
inactive,IT,ITG1,Y15-64,2015,1630.5,thousand persons,"Eurostat lfst_r_lfsd2pwc (LFS, private households)",VERIFIED
inactive,IT,ITG2,Y15-64,2015,430.6,thousand persons,"Eurostat lfst_r_lfsd2pwc (LFS, private households)",VERIFIED
inactive,IT,ITH1,Y15-64,2015,86.2,thousand persons,"Eurostat lfst_r_lfsd2pwc (LFS, private households)",VERIFIED
inactive,IT,ITH2,Y15-64,2015,99.6,thousand persons,"Eurostat lfst_r_lfsd2pwc (LFS, private households)",VERIFIED
inactive,IT,ITH3,Y15-64,2015,993.4,thousand persons,"Eurostat lfst_r_lfsd2pwc (LFS, private households)",VERIFIED
inactive,IT,ITH4,Y15-64,2015,233.8,thousand persons,"Eurostat lfst_r_lfsd2pwc (LFS, private households)",VERIFIED
inactive,IT,ITH5,Y15-64,2015,769.9,thousand persons,"Eurostat lfst_r_lfsd2pwc (LFS, private households)",VERIFIED
inactive,IT,ITI1,Y15-64,2015,663.3,thousand persons,"Eurostat lfst_r_lfsd2pwc (LFS, private households)",VERIFIED
inactive,IT,ITI2,Y15-64,2015,163.4,thousand persons,"Eurostat lfst_r_lfsd2pwc (LFS, private households)",VERIFIED
inactive,IT,ITI3,Y15-64,2015,299.8,thousand persons,"Eurostat lfst_r_lfsd2pwc (LFS, private households)",VERIFIED
inactive,IT,ITI4,Y15-64,2015,1263.9,thousand persons,"Eurostat lfst_r_lfsd2pwc (LFS, private households)",VERIFIED
inactive,IT,IT,Y15-74,2015,20092.0,thousand persons,"Eurostat lfst_r_lfsd2pwc (LFS, private households)",VERIFIED
inactive,IT,ITC1,Y15-74,2015,1276.4,thousand persons,"Eurostat lfst_r_lfsd2pwc (LFS, private households)",VERIFIED
inactive,IT,ITC2,Y15-74,2015,35.2,thousand persons,"Eurostat lfst_r_lfsd2pwc (LFS, private households)",VERIFIED
inactive,IT,ITC3,Y15-74,2015,482.9,thousand persons,"Eurostat lfst_r_lfsd2pwc (LFS, private households)",VERIFIED
inactive,IT,ITC4,Y15-74,2015,2868.5,thousand persons,"Eurostat lfst_r_lfsd2pwc (LFS, private households)",VERIFIED
inactive,IT,ITF1,Y15-74,2015,450.7,thousand persons,"Eurostat lfst_r_lfsd2pwc (LFS, private households)",VERIFIED
inactive,IT,ITF2,Y15-74,2015,116.4,thousand persons,"Eurostat lfst_r_lfsd2pwc (LFS, private households)",VERIFIED
inactive,IT,ITF3,Y15-74,2015,2500.7,thousand persons,"Eurostat lfst_r_lfsd2pwc (LFS, private households)",VERIFIED
inactive,IT,ITF4,Y15-74,2015,1640.1,thousand persons,"Eurostat lfst_r_lfsd2pwc (LFS, private households)",VERIFIED
inactive,IT,ITF5,Y15-74,2015,215.6,thousand persons,"Eurostat lfst_r_lfsd2pwc (LFS, private households)",VERIFIED
inactive,IT,ITF6,Y15-74,2015,826.8,thousand persons,"Eurostat lfst_r_lfsd2pwc (LFS, private households)",VERIFIED
inactive,IT,ITG1,Y15-74,2015,2118.6,thousand persons,"Eurostat lfst_r_lfsd2pwc (LFS, private households)",VERIFIED
inactive,IT,ITG2,Y15-74,2015,604.8,thousand persons,"Eurostat lfst_r_lfsd2pwc (LFS, private households)",VERIFIED
inactive,IT,ITH1,Y15-74,2015,130.6,thousand persons,"Eurostat lfst_r_lfsd2pwc (LFS, private households)",VERIFIED
inactive,IT,ITH2,Y15-74,2015,150.1,thousand persons,"Eurostat lfst_r_lfsd2pwc (LFS, private households)",VERIFIED
inactive,IT,ITH3,Y15-74,2015,1486.6,thousand persons,"Eurostat lfst_r_lfsd2pwc (LFS, private households)",VERIFIED
inactive,IT,ITH4,Y15-74,2015,376.6,thousand persons,"Eurostat lfst_r_lfsd2pwc (LFS, private households)",VERIFIED
inactive,IT,ITH5,Y15-74,2015,1210.8,thousand persons,"Eurostat lfst_r_lfsd2pwc (LFS, private households)",VERIFIED
inactive,IT,ITI1,Y15-74,2015,1066.3,thousand persons,"Eurostat lfst_r_lfsd2pwc (LFS, private households)",VERIFIED
inactive,IT,ITI2,Y15-74,2015,257.2,thousand persons,"Eurostat lfst_r_lfsd2pwc (LFS, private households)",VERIFIED
inactive,IT,ITI3,Y15-74,2015,450.8,thousand persons,"Eurostat lfst_r_lfsd2pwc (LFS, private households)",VERIFIED
inactive,IT,ITI4,Y15-74,2015,1826.1,thousand persons,"Eurostat lfst_r_lfsd2pwc (LFS, private households)",VERIFIED
inactive,IT,IT,Y20-64,2015,11372.1,thousand persons,"Eurostat lfst_r_lfsd2pwc (LFS, private households)",VERIFIED
inactive,IT,ITC1,Y20-64,2015,626.2,thousand persons,"Eurostat lfst_r_lfsd2pwc (LFS, private households)",VERIFIED
inactive,IT,ITC2,Y20-64,2015,16.9,thousand persons,"Eurostat lfst_r_lfsd2pwc (LFS, private households)",VERIFIED
inactive,IT,ITC3,Y20-64,2015,236.5,thousand persons,"Eurostat lfst_r_lfsd2pwc (LFS, private households)",VERIFIED
inactive,IT,ITC4,Y20-64,2015,1449.1,thousand persons,"Eurostat lfst_r_lfsd2pwc (LFS, private households)",VERIFIED
inactive,IT,ITF1,Y20-64,2015,263.5,thousand persons,"Eurostat lfst_r_lfsd2pwc (LFS, private households)",VERIFIED
inactive,IT,ITF2,Y20-64,2015,71.5,thousand persons,"Eurostat lfst_r_lfsd2pwc (LFS, private households)",VERIFIED
inactive,IT,ITF3,Y20-64,2015,1667.6,thousand persons,"Eurostat lfst_r_lfsd2pwc (LFS, private households)",VERIFIED
inactive,IT,ITF4,Y20-64,2015,1027.7,thousand persons,"Eurostat lfst_r_lfsd2pwc (LFS, private households)",VERIFIED
inactive,IT,ITF5,Y20-64,2015,134.7,thousand persons,"Eurostat lfst_r_lfsd2pwc (LFS, private households)",VERIFIED
inactive,IT,ITF6,Y20-64,2015,545.5,thousand persons,"Eurostat lfst_r_lfsd2pwc (LFS, private households)",VERIFIED
inactive,IT,ITG1,Y20-64,2015,1379.3,thousand persons,"Eurostat lfst_r_lfsd2pwc (LFS, private households)",VERIFIED
inactive,IT,ITG2,Y20-64,2015,362.7,thousand persons,"Eurostat lfst_r_lfsd2pwc (LFS, private households)",VERIFIED
inactive,IT,ITH1,Y20-64,2015,62.1,thousand persons,"Eurostat lfst_r_lfsd2pwc (LFS, private households)",VERIFIED
inactive,IT,ITH2,Y20-64,2015,74.2,thousand persons,"Eurostat lfst_r_lfsd2pwc (LFS, private households)",VERIFIED
inactive,IT,ITH3,Y20-64,2015,777.6,thousand persons,"Eurostat lfst_r_lfsd2pwc (LFS, private households)",VERIFIED
inactive,IT,ITH4,Y20-64,2015,185.5,thousand persons,"Eurostat lfst_r_lfsd2pwc (LFS, private households)",VERIFIED
inactive,IT,ITH5,Y20-64,2015,596.7,thousand persons,"Eurostat lfst_r_lfsd2pwc (LFS, private households)",VERIFIED
inactive,IT,ITI1,Y20-64,2015,516.9,thousand persons,"Eurostat lfst_r_lfsd2pwc (LFS, private households)",VERIFIED
inactive,IT,ITI2,Y20-64,2015,127.7,thousand persons,"Eurostat lfst_r_lfsd2pwc (LFS, private households)",VERIFIED
inactive,IT,ITI3,Y20-64,2015,235.7,thousand persons,"Eurostat lfst_r_lfsd2pwc (LFS, private households)",VERIFIED
inactive,IT,ITI4,Y20-64,2015,1014.6,thousand persons,"Eurostat lfst_r_lfsd2pwc (LFS, private households)",VERIFIED
inactive,IT,IT,Y_GE15,2015,26572.8,thousand persons,"Eurostat lfst_r_lfsd2pwc (LFS, private households)",VERIFIED
inactive,IT,ITC1,Y_GE15,2015,1812.9,thousand persons,"Eurostat lfst_r_lfsd2pwc (LFS, private households)",VERIFIED
inactive,IT,ITC2,Y_GE15,2015,49.2,thousand persons,"Eurostat lfst_r_lfsd2pwc (LFS, private households)",VERIFIED
inactive,IT,ITC3,Y_GE15,2015,713.9,thousand persons,"Eurostat lfst_r_lfsd2pwc (LFS, private households)",VERIFIED
inactive,IT,ITC4,Y_GE15,2015,3909.2,thousand persons,"Eurostat lfst_r_lfsd2pwc (LFS, private households)",VERIFIED
inactive,IT,ITF1,Y_GE15,2015,607.3,thousand persons,"Eurostat lfst_r_lfsd2pwc (LFS, private households)",VERIFIED
inactive,IT,ITF2,Y_GE15,2015,155.6,thousand persons,"Eurostat lfst_r_lfsd2pwc (LFS, private households)",VERIFIED
inactive,IT,ITF3,Y_GE15,2015,2980.9,thousand persons,"Eurostat lfst_r_lfsd2pwc (LFS, private households)",VERIFIED
inactive,IT,ITF4,Y_GE15,2015,2044.5,thousand persons,"Eurostat lfst_r_lfsd2pwc (LFS, private households)",VERIFIED
inactive,IT,ITF5,Y_GE15,2015,282.4,thousand persons,"Eurostat lfst_r_lfsd2pwc (LFS, private households)",VERIFIED
inactive,IT,ITF6,Y_GE15,2015,1029.3,thousand persons,"Eurostat lfst_r_lfsd2pwc (LFS, private households)",VERIFIED
inactive,IT,ITG1,Y_GE15,2015,2613.6,thousand persons,"Eurostat lfst_r_lfsd2pwc (LFS, private households)",VERIFIED
inactive,IT,ITG2,Y_GE15,2015,773.0,thousand persons,"Eurostat lfst_r_lfsd2pwc (LFS, private households)",VERIFIED
inactive,IT,ITH1,Y_GE15,2015,175.7,thousand persons,"Eurostat lfst_r_lfsd2pwc (LFS, private households)",VERIFIED
inactive,IT,ITH2,Y_GE15,2015,201.5,thousand persons,"Eurostat lfst_r_lfsd2pwc (LFS, private households)",VERIFIED
inactive,IT,ITH3,Y_GE15,2015,1991.5,thousand persons,"Eurostat lfst_r_lfsd2pwc (LFS, private households)",VERIFIED
inactive,IT,ITH4,Y_GE15,2015,523.4,thousand persons,"Eurostat lfst_r_lfsd2pwc (LFS, private households)",VERIFIED
inactive,IT,ITH5,Y_GE15,2015,1740.9,thousand persons,"Eurostat lfst_r_lfsd2pwc (LFS, private households)",VERIFIED
inactive,IT,ITI1,Y_GE15,2015,1535.0,thousand persons,"Eurostat lfst_r_lfsd2pwc (LFS, private households)",VERIFIED
inactive,IT,ITI2,Y_GE15,2015,371.5,thousand persons,"Eurostat lfst_r_lfsd2pwc (LFS, private households)",VERIFIED
inactive,IT,ITI3,Y_GE15,2015,643.3,thousand persons,"Eurostat lfst_r_lfsd2pwc (LFS, private households)",VERIFIED
inactive,IT,ITI4,Y_GE15,2015,2418.1,thousand persons,"Eurostat lfst_r_lfsd2pwc (LFS, private households)",VERIFIED
inactive,IT,IT,Y15-64,2019,13018.6,thousand persons,"Eurostat lfst_r_lfsd2pwc (LFS, private households)",VERIFIED
inactive,IT,ITC1,Y15-64,2019,756.0,thousand persons,"Eurostat lfst_r_lfsd2pwc (LFS, private households)",VERIFIED
inactive,IT,ITC2,Y15-64,2019,21.1,thousand persons,"Eurostat lfst_r_lfsd2pwc (LFS, private households)",VERIFIED
inactive,IT,ITC3,Y15-64,2019,273.4,thousand persons,"Eurostat lfst_r_lfsd2pwc (LFS, private households)",VERIFIED
inactive,IT,ITC4,Y15-64,2019,1746.1,thousand persons,"Eurostat lfst_r_lfsd2pwc (LFS, private households)",VERIFIED
inactive,IT,ITF1,Y15-64,2019,282.3,thousand persons,"Eurostat lfst_r_lfsd2pwc (LFS, private households)",VERIFIED
inactive,IT,ITF2,Y15-64,2019,72.0,thousand persons,"Eurostat lfst_r_lfsd2pwc (LFS, private households)",VERIFIED
inactive,IT,ITF3,Y15-64,2019,1824.0,thousand persons,"Eurostat lfst_r_lfsd2pwc (LFS, private households)",VERIFIED
inactive,IT,ITF4,Y15-64,2019,1164.6,thousand persons,"Eurostat lfst_r_lfsd2pwc (LFS, private households)",VERIFIED
inactive,IT,ITF5,Y15-64,2019,154.7,thousand persons,"Eurostat lfst_r_lfsd2pwc (LFS, private households)",VERIFIED
inactive,IT,ITF6,Y15-64,2019,576.1,thousand persons,"Eurostat lfst_r_lfsd2pwc (LFS, private households)",VERIFIED
inactive,IT,ITG1,Y15-64,2019,1528.9,thousand persons,"Eurostat lfst_r_lfsd2pwc (LFS, private households)",VERIFIED
inactive,IT,ITG2,Y15-64,2019,383.2,thousand persons,"Eurostat lfst_r_lfsd2pwc (LFS, private households)",VERIFIED
inactive,IT,ITH1,Y15-64,2019,80.3,thousand persons,"Eurostat lfst_r_lfsd2pwc (LFS, private households)",VERIFIED
inactive,IT,ITH2,Y15-64,2019,95.6,thousand persons,"Eurostat lfst_r_lfsd2pwc (LFS, private households)",VERIFIED
inactive,IT,ITH3,Y15-64,2019,878.5,thousand persons,"Eurostat lfst_r_lfsd2pwc (LFS, private households)",VERIFIED
inactive,IT,ITH4,Y15-64,2019,215.2,thousand persons,"Eurostat lfst_r_lfsd2pwc (LFS, private households)",VERIFIED
inactive,IT,ITH5,Y15-64,2019,707.5,thousand persons,"Eurostat lfst_r_lfsd2pwc (LFS, private households)",VERIFIED
inactive,IT,ITI1,Y15-64,2019,643.3,thousand persons,"Eurostat lfst_r_lfsd2pwc (LFS, private households)",VERIFIED
inactive,IT,ITI2,Y15-64,2019,157.4,thousand persons,"Eurostat lfst_r_lfsd2pwc (LFS, private households)",VERIFIED
inactive,IT,ITI3,Y15-64,2019,271.7,thousand persons,"Eurostat lfst_r_lfsd2pwc (LFS, private households)",VERIFIED
inactive,IT,ITI4,Y15-64,2019,1186.8,thousand persons,"Eurostat lfst_r_lfsd2pwc (LFS, private households)",VERIFIED
inactive,IT,IT,Y15-74,2019,19078.9,thousand persons,"Eurostat lfst_r_lfsd2pwc (LFS, private households)",VERIFIED
inactive,IT,ITC1,Y15-74,2019,1227.9,thousand persons,"Eurostat lfst_r_lfsd2pwc (LFS, private households)",VERIFIED
inactive,IT,ITC2,Y15-74,2019,34.1,thousand persons,"Eurostat lfst_r_lfsd2pwc (LFS, private households)",VERIFIED
inactive,IT,ITC3,Y15-74,2019,446.6,thousand persons,"Eurostat lfst_r_lfsd2pwc (LFS, private households)",VERIFIED
inactive,IT,ITC4,Y15-74,2019,2742.1,thousand persons,"Eurostat lfst_r_lfsd2pwc (LFS, private households)",VERIFIED
inactive,IT,ITF1,Y15-74,2019,419.2,thousand persons,"Eurostat lfst_r_lfsd2pwc (LFS, private households)",VERIFIED
inactive,IT,ITF2,Y15-74,2019,104.4,thousand persons,"Eurostat lfst_r_lfsd2pwc (LFS, private households)",VERIFIED
inactive,IT,ITF3,Y15-74,2019,2353.7,thousand persons,"Eurostat lfst_r_lfsd2pwc (LFS, private households)",VERIFIED
inactive,IT,ITF4,Y15-74,2019,1587.2,thousand persons,"Eurostat lfst_r_lfsd2pwc (LFS, private households)",VERIFIED
inactive,IT,ITF5,Y15-74,2019,212.5,thousand persons,"Eurostat lfst_r_lfsd2pwc (LFS, private households)",VERIFIED
inactive,IT,ITF6,Y15-74,2019,764.8,thousand persons,"Eurostat lfst_r_lfsd2pwc (LFS, private households)",VERIFIED
inactive,IT,ITG1,Y15-74,2019,2027.2,thousand persons,"Eurostat lfst_r_lfsd2pwc (LFS, private households)",VERIFIED
inactive,IT,ITG2,Y15-74,2019,561.0,thousand persons,"Eurostat lfst_r_lfsd2pwc (LFS, private households)",VERIFIED
inactive,IT,ITH1,Y15-74,2019,122.7,thousand persons,"Eurostat lfst_r_lfsd2pwc (LFS, private households)",VERIFIED
inactive,IT,ITH2,Y15-74,2019,149.4,thousand persons,"Eurostat lfst_r_lfsd2pwc (LFS, private households)",VERIFIED
inactive,IT,ITH3,Y15-74,2019,1367.6,thousand persons,"Eurostat lfst_r_lfsd2pwc (LFS, private households)",VERIFIED
inactive,IT,ITH4,Y15-74,2019,352.2,thousand persons,"Eurostat lfst_r_lfsd2pwc (LFS, private households)",VERIFIED
inactive,IT,ITH5,Y15-74,2019,1148.5,thousand persons,"Eurostat lfst_r_lfsd2pwc (LFS, private households)",VERIFIED
inactive,IT,ITI1,Y15-74,2019,1036.6,thousand persons,"Eurostat lfst_r_lfsd2pwc (LFS, private households)",VERIFIED
inactive,IT,ITI2,Y15-74,2019,249.8,thousand persons,"Eurostat lfst_r_lfsd2pwc (LFS, private households)",VERIFIED
inactive,IT,ITI3,Y15-74,2019,428.5,thousand persons,"Eurostat lfst_r_lfsd2pwc (LFS, private households)",VERIFIED
inactive,IT,ITI4,Y15-74,2019,1743.0,thousand persons,"Eurostat lfst_r_lfsd2pwc (LFS, private households)",VERIFIED
inactive,IT,IT,Y20-64,2019,10364.0,thousand persons,"Eurostat lfst_r_lfsd2pwc (LFS, private households)",VERIFIED
inactive,IT,ITC1,Y20-64,2019,579.3,thousand persons,"Eurostat lfst_r_lfsd2pwc (LFS, private households)",VERIFIED
inactive,IT,ITC2,Y20-64,2019,15.7,thousand persons,"Eurostat lfst_r_lfsd2pwc (LFS, private households)",VERIFIED
inactive,IT,ITC3,Y20-64,2019,214.7,thousand persons,"Eurostat lfst_r_lfsd2pwc (LFS, private households)",VERIFIED
inactive,IT,ITC4,Y20-64,2019,1316.4,thousand persons,"Eurostat lfst_r_lfsd2pwc (LFS, private households)",VERIFIED
inactive,IT,ITF1,Y20-64,2019,226.3,thousand persons,"Eurostat lfst_r_lfsd2pwc (LFS, private households)",VERIFIED
inactive,IT,ITF2,Y20-64,2019,58.9,thousand persons,"Eurostat lfst_r_lfsd2pwc (LFS, private households)",VERIFIED
inactive,IT,ITF3,Y20-64,2019,1520.0,thousand persons,"Eurostat lfst_r_lfsd2pwc (LFS, private households)",VERIFIED
inactive,IT,ITF4,Y20-64,2019,970.0,thousand persons,"Eurostat lfst_r_lfsd2pwc (LFS, private households)",VERIFIED
inactive,IT,ITF5,Y20-64,2019,128.3,thousand persons,"Eurostat lfst_r_lfsd2pwc (LFS, private households)",VERIFIED
inactive,IT,ITF6,Y20-64,2019,487.0,thousand persons,"Eurostat lfst_r_lfsd2pwc (LFS, private households)",VERIFIED
inactive,IT,ITG1,Y20-64,2019,1288.3,thousand persons,"Eurostat lfst_r_lfsd2pwc (LFS, private households)",VERIFIED
inactive,IT,ITG2,Y20-64,2019,319.3,thousand persons,"Eurostat lfst_r_lfsd2pwc (LFS, private households)",VERIFIED
inactive,IT,ITH1,Y20-64,2019,57.6,thousand persons,"Eurostat lfst_r_lfsd2pwc (LFS, private households)",VERIFIED
inactive,IT,ITH2,Y20-64,2019,70.1,thousand persons,"Eurostat lfst_r_lfsd2pwc (LFS, private households)",VERIFIED
inactive,IT,ITH3,Y20-64,2019,664.1,thousand persons,"Eurostat lfst_r_lfsd2pwc (LFS, private households)",VERIFIED
inactive,IT,ITH4,Y20-64,2019,166.0,thousand persons,"Eurostat lfst_r_lfsd2pwc (LFS, private households)",VERIFIED
inactive,IT,ITH5,Y20-64,2019,524.6,thousand persons,"Eurostat lfst_r_lfsd2pwc (LFS, private households)",VERIFIED
inactive,IT,ITI1,Y20-64,2019,492.7,thousand persons,"Eurostat lfst_r_lfsd2pwc (LFS, private households)",VERIFIED
inactive,IT,ITI2,Y20-64,2019,121.4,thousand persons,"Eurostat lfst_r_lfsd2pwc (LFS, private households)",VERIFIED
inactive,IT,ITI3,Y20-64,2019,206.8,thousand persons,"Eurostat lfst_r_lfsd2pwc (LFS, private households)",VERIFIED
inactive,IT,ITI4,Y20-64,2019,936.2,thousand persons,"Eurostat lfst_r_lfsd2pwc (LFS, private households)",VERIFIED
inactive,IT,IT,Y_GE15,2019,25860.9,thousand persons,"Eurostat lfst_r_lfsd2pwc (LFS, private households)",VERIFIED
inactive,IT,ITC1,Y_GE15,2019,1786.3,thousand persons,"Eurostat lfst_r_lfsd2pwc (LFS, private households)",VERIFIED
inactive,IT,ITC2,Y_GE15,2019,49.0,thousand persons,"Eurostat lfst_r_lfsd2pwc (LFS, private households)",VERIFIED
inactive,IT,ITC3,Y_GE15,2019,680.4,thousand persons,"Eurostat lfst_r_lfsd2pwc (LFS, private households)",VERIFIED
inactive,IT,ITC4,Y_GE15,2019,3865.0,thousand persons,"Eurostat lfst_r_lfsd2pwc (LFS, private households)",VERIFIED
inactive,IT,ITF1,Y_GE15,2019,577.2,thousand persons,"Eurostat lfst_r_lfsd2pwc (LFS, private households)",VERIFIED
inactive,IT,ITF2,Y_GE15,2019,142.8,thousand persons,"Eurostat lfst_r_lfsd2pwc (LFS, private households)",VERIFIED
inactive,IT,ITF3,Y_GE15,2019,2848.6,thousand persons,"Eurostat lfst_r_lfsd2pwc (LFS, private households)",VERIFIED
inactive,IT,ITF4,Y_GE15,2019,2010.3,thousand persons,"Eurostat lfst_r_lfsd2pwc (LFS, private households)",VERIFIED
inactive,IT,ITF5,Y_GE15,2019,277.8,thousand persons,"Eurostat lfst_r_lfsd2pwc (LFS, private households)",VERIFIED
inactive,IT,ITF6,Y_GE15,2019,966.3,thousand persons,"Eurostat lfst_r_lfsd2pwc (LFS, private households)",VERIFIED
inactive,IT,ITG1,Y_GE15,2019,2526.2,thousand persons,"Eurostat lfst_r_lfsd2pwc (LFS, private households)",VERIFIED
inactive,IT,ITG2,Y_GE15,2019,746.6,thousand persons,"Eurostat lfst_r_lfsd2pwc (LFS, private households)",VERIFIED
inactive,IT,ITH1,Y_GE15,2019,174.1,thousand persons,"Eurostat lfst_r_lfsd2pwc (LFS, private households)",VERIFIED
inactive,IT,ITH2,Y_GE15,2019,206.5,thousand persons,"Eurostat lfst_r_lfsd2pwc (LFS, private households)",VERIFIED
inactive,IT,ITH3,Y_GE15,2019,1913.6,thousand persons,"Eurostat lfst_r_lfsd2pwc (LFS, private households)",VERIFIED
inactive,IT,ITH4,Y_GE15,2019,511.9,thousand persons,"Eurostat lfst_r_lfsd2pwc (LFS, private households)",VERIFIED
inactive,IT,ITH5,Y_GE15,2019,1696.4,thousand persons,"Eurostat lfst_r_lfsd2pwc (LFS, private households)",VERIFIED
inactive,IT,ITI1,Y_GE15,2019,1519.2,thousand persons,"Eurostat lfst_r_lfsd2pwc (LFS, private households)",VERIFIED
inactive,IT,ITI2,Y_GE15,2019,367.1,thousand persons,"Eurostat lfst_r_lfsd2pwc (LFS, private households)",VERIFIED
inactive,IT,ITI3,Y_GE15,2019,626.6,thousand persons,"Eurostat lfst_r_lfsd2pwc (LFS, private households)",VERIFIED
inactive,IT,ITI4,Y_GE15,2019,2369.1,thousand persons,"Eurostat lfst_r_lfsd2pwc (LFS, private households)",VERIFIED
inactive,IT,IT,Y15-64,2024,12432.2,thousand persons,"Eurostat lfst_r_lfsd2pwc (LFS, private households)",VERIFIED
inactive,IT,ITC1,Y15-64,2024,705.3,thousand persons,"Eurostat lfst_r_lfsd2pwc (LFS, private households)",VERIFIED
inactive,IT,ITC2,Y15-64,2024,19.1,thousand persons,"Eurostat lfst_r_lfsd2pwc (LFS, private households)",VERIFIED
inactive,IT,ITC3,Y15-64,2024,260.1,thousand persons,"Eurostat lfst_r_lfsd2pwc (LFS, private households)",VERIFIED
inactive,IT,ITC4,Y15-64,2024,1776.0,thousand persons,"Eurostat lfst_r_lfsd2pwc (LFS, private households)",VERIFIED
inactive,IT,ITF1,Y15-64,2024,262.8,thousand persons,"Eurostat lfst_r_lfsd2pwc (LFS, private households)",VERIFIED
inactive,IT,ITF2,Y15-64,2024,66.9,thousand persons,"Eurostat lfst_r_lfsd2pwc (LFS, private households)",VERIFIED
inactive,IT,ITF3,Y15-64,2024,1682.5,thousand persons,"Eurostat lfst_r_lfsd2pwc (LFS, private households)",VERIFIED
inactive,IT,ITF4,Y15-64,2024,1077.7,thousand persons,"Eurostat lfst_r_lfsd2pwc (LFS, private households)",VERIFIED
inactive,IT,ITF5,Y15-64,2024,135.2,thousand persons,"Eurostat lfst_r_lfsd2pwc (LFS, private households)",VERIFIED
inactive,IT,ITF6,Y15-64,2024,561.2,thousand persons,"Eurostat lfst_r_lfsd2pwc (LFS, private households)",VERIFIED
inactive,IT,ITG1,Y15-64,2024,1401.5,thousand persons,"Eurostat lfst_r_lfsd2pwc (LFS, private households)",VERIFIED
inactive,IT,ITG2,Y15-64,2024,365.8,thousand persons,"Eurostat lfst_r_lfsd2pwc (LFS, private households)",VERIFIED
inactive,IT,ITH1,Y15-64,2024,83.1,thousand persons,"Eurostat lfst_r_lfsd2pwc (LFS, private households)",VERIFIED
inactive,IT,ITH2,Y15-64,2024,91.4,thousand persons,"Eurostat lfst_r_lfsd2pwc (LFS, private households)",VERIFIED
inactive,IT,ITH3,Y15-64,2024,846.8,thousand persons,"Eurostat lfst_r_lfsd2pwc (LFS, private households)",VERIFIED
inactive,IT,ITH4,Y15-64,2024,197.9,thousand persons,"Eurostat lfst_r_lfsd2pwc (LFS, private households)",VERIFIED
inactive,IT,ITH5,Y15-64,2024,737.6,thousand persons,"Eurostat lfst_r_lfsd2pwc (LFS, private households)",VERIFIED
inactive,IT,ITI1,Y15-64,2024,591.6,thousand persons,"Eurostat lfst_r_lfsd2pwc (LFS, private households)",VERIFIED
inactive,IT,ITI2,Y15-64,2024,149.0,thousand persons,"Eurostat lfst_r_lfsd2pwc (LFS, private households)",VERIFIED
inactive,IT,ITI3,Y15-64,2024,267.4,thousand persons,"Eurostat lfst_r_lfsd2pwc (LFS, private households)",VERIFIED
inactive,IT,ITI4,Y15-64,2024,1153.4,thousand persons,"Eurostat lfst_r_lfsd2pwc (LFS, private households)",VERIFIED
inactive,IT,IT,Y15-74,2024,18581.3,thousand persons,"Eurostat lfst_r_lfsd2pwc (LFS, private households)",VERIFIED
inactive,IT,ITC1,Y15-74,2024,1181.9,thousand persons,"Eurostat lfst_r_lfsd2pwc (LFS, private households)",VERIFIED
inactive,IT,ITC2,Y15-74,2024,32.5,thousand persons,"Eurostat lfst_r_lfsd2pwc (LFS, private households)",VERIFIED
inactive,IT,ITC3,Y15-74,2024,429.1,thousand persons,"Eurostat lfst_r_lfsd2pwc (LFS, private households)",VERIFIED
inactive,IT,ITC4,Y15-74,2024,2769.5,thousand persons,"Eurostat lfst_r_lfsd2pwc (LFS, private households)",VERIFIED
inactive,IT,ITF1,Y15-74,2024,407.5,thousand persons,"Eurostat lfst_r_lfsd2pwc (LFS, private households)",VERIFIED
inactive,IT,ITF2,Y15-74,2024,101.5,thousand persons,"Eurostat lfst_r_lfsd2pwc (LFS, private households)",VERIFIED
inactive,IT,ITF3,Y15-74,2024,2234.9,thousand persons,"Eurostat lfst_r_lfsd2pwc (LFS, private households)",VERIFIED
inactive,IT,ITF4,Y15-74,2024,1507.9,thousand persons,"Eurostat lfst_r_lfsd2pwc (LFS, private households)",VERIFIED
inactive,IT,ITF5,Y15-74,2024,196.4,thousand persons,"Eurostat lfst_r_lfsd2pwc (LFS, private households)",VERIFIED
inactive,IT,ITF6,Y15-74,2024,766.4,thousand persons,"Eurostat lfst_r_lfsd2pwc (LFS, private households)",VERIFIED
inactive,IT,ITG1,Y15-74,2024,1919.9,thousand persons,"Eurostat lfst_r_lfsd2pwc (LFS, private households)",VERIFIED
inactive,IT,ITG2,Y15-74,2024,556.6,thousand persons,"Eurostat lfst_r_lfsd2pwc (LFS, private households)",VERIFIED
inactive,IT,ITH1,Y15-74,2024,127.8,thousand persons,"Eurostat lfst_r_lfsd2pwc (LFS, private households)",VERIFIED
inactive,IT,ITH2,Y15-74,2024,147.1,thousand persons,"Eurostat lfst_r_lfsd2pwc (LFS, private households)",VERIFIED
inactive,IT,ITH3,Y15-74,2024,1337.9,thousand persons,"Eurostat lfst_r_lfsd2pwc (LFS, private households)",VERIFIED
inactive,IT,ITH4,Y15-74,2024,329.6,thousand persons,"Eurostat lfst_r_lfsd2pwc (LFS, private households)",VERIFIED
inactive,IT,ITH5,Y15-74,2024,1178.8,thousand persons,"Eurostat lfst_r_lfsd2pwc (LFS, private households)",VERIFIED
inactive,IT,ITI1,Y15-74,2024,972.2,thousand persons,"Eurostat lfst_r_lfsd2pwc (LFS, private households)",VERIFIED
inactive,IT,ITI2,Y15-74,2024,237.9,thousand persons,"Eurostat lfst_r_lfsd2pwc (LFS, private households)",VERIFIED
inactive,IT,ITI3,Y15-74,2024,424.1,thousand persons,"Eurostat lfst_r_lfsd2pwc (LFS, private households)",VERIFIED
inactive,IT,ITI4,Y15-74,2024,1721.7,thousand persons,"Eurostat lfst_r_lfsd2pwc (LFS, private households)",VERIFIED
inactive,IT,IT,Y20-64,2024,9721.6,thousand persons,"Eurostat lfst_r_lfsd2pwc (LFS, private households)",VERIFIED
inactive,IT,ITC1,Y20-64,2024,522.1,thousand persons,"Eurostat lfst_r_lfsd2pwc (LFS, private households)",VERIFIED
inactive,IT,ITC2,Y20-64,2024,13.7,thousand persons,"Eurostat lfst_r_lfsd2pwc (LFS, private households)",VERIFIED
inactive,IT,ITC3,Y20-64,2024,200.1,thousand persons,"Eurostat lfst_r_lfsd2pwc (LFS, private households)",VERIFIED
inactive,IT,ITC4,Y20-64,2024,1315.5,thousand persons,"Eurostat lfst_r_lfsd2pwc (LFS, private households)",VERIFIED
inactive,IT,ITF1,Y20-64,2024,208.1,thousand persons,"Eurostat lfst_r_lfsd2pwc (LFS, private households)",VERIFIED
inactive,IT,ITF2,Y20-64,2024,54.8,thousand persons,"Eurostat lfst_r_lfsd2pwc (LFS, private households)",VERIFIED
inactive,IT,ITF3,Y20-64,2024,1387.0,thousand persons,"Eurostat lfst_r_lfsd2pwc (LFS, private households)",VERIFIED
inactive,IT,ITF4,Y20-64,2024,893.8,thousand persons,"Eurostat lfst_r_lfsd2pwc (LFS, private households)",VERIFIED
inactive,IT,ITF5,Y20-64,2024,110.5,thousand persons,"Eurostat lfst_r_lfsd2pwc (LFS, private households)",VERIFIED
inactive,IT,ITF6,Y20-64,2024,472.5,thousand persons,"Eurostat lfst_r_lfsd2pwc (LFS, private households)",VERIFIED
inactive,IT,ITG1,Y20-64,2024,1164.6,thousand persons,"Eurostat lfst_r_lfsd2pwc (LFS, private households)",VERIFIED
inactive,IT,ITG2,Y20-64,2024,302.5,thousand persons,"Eurostat lfst_r_lfsd2pwc (LFS, private households)",VERIFIED
inactive,IT,ITH1,Y20-64,2024,57.7,thousand persons,"Eurostat lfst_r_lfsd2pwc (LFS, private households)",VERIFIED
inactive,IT,ITH2,Y20-64,2024,66.0,thousand persons,"Eurostat lfst_r_lfsd2pwc (LFS, private households)",VERIFIED
inactive,IT,ITH3,Y20-64,2024,627.1,thousand persons,"Eurostat lfst_r_lfsd2pwc (LFS, private households)",VERIFIED
inactive,IT,ITH4,Y20-64,2024,145.9,thousand persons,"Eurostat lfst_r_lfsd2pwc (LFS, private households)",VERIFIED
inactive,IT,ITH5,Y20-64,2024,543.1,thousand persons,"Eurostat lfst_r_lfsd2pwc (LFS, private households)",VERIFIED
inactive,IT,ITI1,Y20-64,2024,433.7,thousand persons,"Eurostat lfst_r_lfsd2pwc (LFS, private households)",VERIFIED
inactive,IT,ITI2,Y20-64,2024,111.0,thousand persons,"Eurostat lfst_r_lfsd2pwc (LFS, private households)",VERIFIED
inactive,IT,ITI3,Y20-64,2024,203.6,thousand persons,"Eurostat lfst_r_lfsd2pwc (LFS, private households)",VERIFIED
inactive,IT,ITI4,Y20-64,2024,888.3,thousand persons,"Eurostat lfst_r_lfsd2pwc (LFS, private households)",VERIFIED
inactive,IT,IT,Y_GE15,2024,25761.7,thousand persons,"Eurostat lfst_r_lfsd2pwc (LFS, private households)",VERIFIED
inactive,IT,ITC1,Y_GE15,2024,1760.8,thousand persons,"Eurostat lfst_r_lfsd2pwc (LFS, private households)",VERIFIED
inactive,IT,ITC2,Y_GE15,2024,48.0,thousand persons,"Eurostat lfst_r_lfsd2pwc (LFS, private households)",VERIFIED
inactive,IT,ITC3,Y_GE15,2024,664.7,thousand persons,"Eurostat lfst_r_lfsd2pwc (LFS, private households)",VERIFIED
inactive,IT,ITC4,Y_GE15,2024,3962.4,thousand persons,"Eurostat lfst_r_lfsd2pwc (LFS, private households)",VERIFIED
inactive,IT,ITF1,Y_GE15,2024,569.4,thousand persons,"Eurostat lfst_r_lfsd2pwc (LFS, private households)",VERIFIED
inactive,IT,ITF2,Y_GE15,2024,139.9,thousand persons,"Eurostat lfst_r_lfsd2pwc (LFS, private households)",VERIFIED
inactive,IT,ITF3,Y_GE15,2024,2774.7,thousand persons,"Eurostat lfst_r_lfsd2pwc (LFS, private households)",VERIFIED
inactive,IT,ITF4,Y_GE15,2024,1972.8,thousand persons,"Eurostat lfst_r_lfsd2pwc (LFS, private households)",VERIFIED
inactive,IT,ITF5,Y_GE15,2024,261.9,thousand persons,"Eurostat lfst_r_lfsd2pwc (LFS, private households)",VERIFIED
inactive,IT,ITF6,Y_GE15,2024,976.3,thousand persons,"Eurostat lfst_r_lfsd2pwc (LFS, private households)",VERIFIED
inactive,IT,ITG1,Y_GE15,2024,2451.3,thousand persons,"Eurostat lfst_r_lfsd2pwc (LFS, private households)",VERIFIED
inactive,IT,ITG2,Y_GE15,2024,760.0,thousand persons,"Eurostat lfst_r_lfsd2pwc (LFS, private households)",VERIFIED
inactive,IT,ITH1,Y_GE15,2024,182.2,thousand persons,"Eurostat lfst_r_lfsd2pwc (LFS, private households)",VERIFIED
inactive,IT,ITH2,Y_GE15,2024,208.4,thousand persons,"Eurostat lfst_r_lfsd2pwc (LFS, private households)",VERIFIED
inactive,IT,ITH3,Y_GE15,2024,1925.2,thousand persons,"Eurostat lfst_r_lfsd2pwc (LFS, private households)",VERIFIED
inactive,IT,ITH4,Y_GE15,2024,499.4,thousand persons,"Eurostat lfst_r_lfsd2pwc (LFS, private households)",VERIFIED
inactive,IT,ITH5,Y_GE15,2024,1746.2,thousand persons,"Eurostat lfst_r_lfsd2pwc (LFS, private households)",VERIFIED
inactive,IT,ITI1,Y_GE15,2024,1483.7,thousand persons,"Eurostat lfst_r_lfsd2pwc (LFS, private households)",VERIFIED
inactive,IT,ITI2,Y_GE15,2024,359.4,thousand persons,"Eurostat lfst_r_lfsd2pwc (LFS, private households)",VERIFIED
inactive,IT,ITI3,Y_GE15,2024,624.0,thousand persons,"Eurostat lfst_r_lfsd2pwc (LFS, private households)",VERIFIED
inactive,IT,ITI4,Y_GE15,2024,2391.0,thousand persons,"Eurostat lfst_r_lfsd2pwc (LFS, private households)",VERIFIED
inactive,IT,IT,Y15-64,2025,12374.5,thousand persons,"Eurostat lfst_r_lfsd2pwc (LFS, private households)",VERIFIED
inactive,IT,ITC1,Y15-64,2025,693.7,thousand persons,"Eurostat lfst_r_lfsd2pwc (LFS, private households)",VERIFIED
inactive,IT,ITC2,Y15-64,2025,19.3,thousand persons,"Eurostat lfst_r_lfsd2pwc (LFS, private households)",VERIFIED
inactive,IT,ITC3,Y15-64,2025,252.1,thousand persons,"Eurostat lfst_r_lfsd2pwc (LFS, private households)",VERIFIED
inactive,IT,ITC4,Y15-64,2025,1806.0,thousand persons,"Eurostat lfst_r_lfsd2pwc (LFS, private households)",VERIFIED
inactive,IT,ITF1,Y15-64,2025,261.4,thousand persons,"Eurostat lfst_r_lfsd2pwc (LFS, private households)",VERIFIED
inactive,IT,ITF2,Y15-64,2025,68.3,thousand persons,"Eurostat lfst_r_lfsd2pwc (LFS, private households)",VERIFIED
inactive,IT,ITF3,Y15-64,2025,1660.5,thousand persons,"Eurostat lfst_r_lfsd2pwc (LFS, private households)",VERIFIED
inactive,IT,ITF4,Y15-64,2025,1061.8,thousand persons,"Eurostat lfst_r_lfsd2pwc (LFS, private households)",VERIFIED
inactive,IT,ITF5,Y15-64,2025,131.5,thousand persons,"Eurostat lfst_r_lfsd2pwc (LFS, private households)",VERIFIED
inactive,IT,ITF6,Y15-64,2025,558.1,thousand persons,"Eurostat lfst_r_lfsd2pwc (LFS, private households)",VERIFIED
inactive,IT,ITG1,Y15-64,2025,1391.5,thousand persons,"Eurostat lfst_r_lfsd2pwc (LFS, private households)",VERIFIED
inactive,IT,ITG2,Y15-64,2025,349.9,thousand persons,"Eurostat lfst_r_lfsd2pwc (LFS, private households)",VERIFIED
inactive,IT,ITH1,Y15-64,2025,84.9,thousand persons,"Eurostat lfst_r_lfsd2pwc (LFS, private households)",VERIFIED
inactive,IT,ITH2,Y15-64,2025,90.5,thousand persons,"Eurostat lfst_r_lfsd2pwc (LFS, private households)",VERIFIED
inactive,IT,ITH3,Y15-64,2025,865.0,thousand persons,"Eurostat lfst_r_lfsd2pwc (LFS, private households)",VERIFIED
inactive,IT,ITH4,Y15-64,2025,198.9,thousand persons,"Eurostat lfst_r_lfsd2pwc (LFS, private households)",VERIFIED
inactive,IT,ITH5,Y15-64,2025,714.2,thousand persons,"Eurostat lfst_r_lfsd2pwc (LFS, private households)",VERIFIED
inactive,IT,ITI1,Y15-64,2025,595.0,thousand persons,"Eurostat lfst_r_lfsd2pwc (LFS, private households)",VERIFIED
inactive,IT,ITI2,Y15-64,2025,143.6,thousand persons,"Eurostat lfst_r_lfsd2pwc (LFS, private households)",VERIFIED
inactive,IT,ITI3,Y15-64,2025,263.6,thousand persons,"Eurostat lfst_r_lfsd2pwc (LFS, private households)",VERIFIED
inactive,IT,ITI4,Y15-64,2025,1164.8,thousand persons,"Eurostat lfst_r_lfsd2pwc (LFS, private households)",VERIFIED
inactive,IT,IT,Y15-74,2025,18485.9,thousand persons,"Eurostat lfst_r_lfsd2pwc (LFS, private households)",VERIFIED
inactive,IT,ITC1,Y15-74,2025,1163.0,thousand persons,"Eurostat lfst_r_lfsd2pwc (LFS, private households)",VERIFIED
inactive,IT,ITC2,Y15-74,2025,32.5,thousand persons,"Eurostat lfst_r_lfsd2pwc (LFS, private households)",VERIFIED
inactive,IT,ITC3,Y15-74,2025,418.5,thousand persons,"Eurostat lfst_r_lfsd2pwc (LFS, private households)",VERIFIED
inactive,IT,ITC4,Y15-74,2025,2804.4,thousand persons,"Eurostat lfst_r_lfsd2pwc (LFS, private households)",VERIFIED
inactive,IT,ITF1,Y15-74,2025,403.8,thousand persons,"Eurostat lfst_r_lfsd2pwc (LFS, private households)",VERIFIED
inactive,IT,ITF2,Y15-74,2025,102.7,thousand persons,"Eurostat lfst_r_lfsd2pwc (LFS, private households)",VERIFIED
inactive,IT,ITF3,Y15-74,2025,2214.5,thousand persons,"Eurostat lfst_r_lfsd2pwc (LFS, private households)",VERIFIED
inactive,IT,ITF4,Y15-74,2025,1486.0,thousand persons,"Eurostat lfst_r_lfsd2pwc (LFS, private households)",VERIFIED
inactive,IT,ITF5,Y15-74,2025,192.9,thousand persons,"Eurostat lfst_r_lfsd2pwc (LFS, private households)",VERIFIED
inactive,IT,ITF6,Y15-74,2025,760.8,thousand persons,"Eurostat lfst_r_lfsd2pwc (LFS, private households)",VERIFIED
inactive,IT,ITG1,Y15-74,2025,1907.4,thousand persons,"Eurostat lfst_r_lfsd2pwc (LFS, private households)",VERIFIED
inactive,IT,ITG2,Y15-74,2025,537.3,thousand persons,"Eurostat lfst_r_lfsd2pwc (LFS, private households)",VERIFIED
inactive,IT,ITH1,Y15-74,2025,130.7,thousand persons,"Eurostat lfst_r_lfsd2pwc (LFS, private households)",VERIFIED
inactive,IT,ITH2,Y15-74,2025,146.4,thousand persons,"Eurostat lfst_r_lfsd2pwc (LFS, private households)",VERIFIED
inactive,IT,ITH3,Y15-74,2025,1357.1,thousand persons,"Eurostat lfst_r_lfsd2pwc (LFS, private households)",VERIFIED
inactive,IT,ITH4,Y15-74,2025,327.7,thousand persons,"Eurostat lfst_r_lfsd2pwc (LFS, private households)",VERIFIED
inactive,IT,ITH5,Y15-74,2025,1153.5,thousand persons,"Eurostat lfst_r_lfsd2pwc (LFS, private households)",VERIFIED
inactive,IT,ITI1,Y15-74,2025,968.9,thousand persons,"Eurostat lfst_r_lfsd2pwc (LFS, private households)",VERIFIED
inactive,IT,ITI2,Y15-74,2025,232.5,thousand persons,"Eurostat lfst_r_lfsd2pwc (LFS, private households)",VERIFIED
inactive,IT,ITI3,Y15-74,2025,417.0,thousand persons,"Eurostat lfst_r_lfsd2pwc (LFS, private households)",VERIFIED
inactive,IT,ITI4,Y15-74,2025,1728.4,thousand persons,"Eurostat lfst_r_lfsd2pwc (LFS, private households)",VERIFIED
inactive,IT,IT,Y20-64,2025,9611.6,thousand persons,"Eurostat lfst_r_lfsd2pwc (LFS, private households)",VERIFIED
inactive,IT,ITC1,Y20-64,2025,507.8,thousand persons,"Eurostat lfst_r_lfsd2pwc (LFS, private households)",VERIFIED
inactive,IT,ITC2,Y20-64,2025,13.5,thousand persons,"Eurostat lfst_r_lfsd2pwc (LFS, private households)",VERIFIED
inactive,IT,ITC3,Y20-64,2025,190.3,thousand persons,"Eurostat lfst_r_lfsd2pwc (LFS, private households)",VERIFIED
inactive,IT,ITC4,Y20-64,2025,1336.6,thousand persons,"Eurostat lfst_r_lfsd2pwc (LFS, private households)",VERIFIED
inactive,IT,ITF1,Y20-64,2025,206.0,thousand persons,"Eurostat lfst_r_lfsd2pwc (LFS, private households)",VERIFIED
inactive,IT,ITF2,Y20-64,2025,55.8,thousand persons,"Eurostat lfst_r_lfsd2pwc (LFS, private households)",VERIFIED
inactive,IT,ITF3,Y20-64,2025,1365.2,thousand persons,"Eurostat lfst_r_lfsd2pwc (LFS, private households)",VERIFIED
inactive,IT,ITF4,Y20-64,2025,877.3,thousand persons,"Eurostat lfst_r_lfsd2pwc (LFS, private households)",VERIFIED
inactive,IT,ITF5,Y20-64,2025,107.5,thousand persons,"Eurostat lfst_r_lfsd2pwc (LFS, private households)",VERIFIED
inactive,IT,ITF6,Y20-64,2025,467.9,thousand persons,"Eurostat lfst_r_lfsd2pwc (LFS, private households)",VERIFIED
inactive,IT,ITG1,Y20-64,2025,1152.5,thousand persons,"Eurostat lfst_r_lfsd2pwc (LFS, private households)",VERIFIED
inactive,IT,ITG2,Y20-64,2025,285.9,thousand persons,"Eurostat lfst_r_lfsd2pwc (LFS, private households)",VERIFIED
inactive,IT,ITH1,Y20-64,2025,58.5,thousand persons,"Eurostat lfst_r_lfsd2pwc (LFS, private households)",VERIFIED
inactive,IT,ITH2,Y20-64,2025,64.7,thousand persons,"Eurostat lfst_r_lfsd2pwc (LFS, private households)",VERIFIED
inactive,IT,ITH3,Y20-64,2025,638.9,thousand persons,"Eurostat lfst_r_lfsd2pwc (LFS, private households)",VERIFIED
inactive,IT,ITH4,Y20-64,2025,146.9,thousand persons,"Eurostat lfst_r_lfsd2pwc (LFS, private households)",VERIFIED
inactive,IT,ITH5,Y20-64,2025,511.4,thousand persons,"Eurostat lfst_r_lfsd2pwc (LFS, private households)",VERIFIED
inactive,IT,ITI1,Y20-64,2025,431.0,thousand persons,"Eurostat lfst_r_lfsd2pwc (LFS, private households)",VERIFIED
inactive,IT,ITI2,Y20-64,2025,105.3,thousand persons,"Eurostat lfst_r_lfsd2pwc (LFS, private households)",VERIFIED
inactive,IT,ITI3,Y20-64,2025,195.7,thousand persons,"Eurostat lfst_r_lfsd2pwc (LFS, private households)",VERIFIED
inactive,IT,ITI4,Y20-64,2025,893.0,thousand persons,"Eurostat lfst_r_lfsd2pwc (LFS, private households)",VERIFIED
inactive,IT,IT,Y_GE15,2025,25790.1,thousand persons,"Eurostat lfst_r_lfsd2pwc (LFS, private households)",VERIFIED
inactive,IT,ITC1,Y_GE15,2025,1749.2,thousand persons,"Eurostat lfst_r_lfsd2pwc (LFS, private households)",VERIFIED
inactive,IT,ITC2,Y_GE15,2025,48.3,thousand persons,"Eurostat lfst_r_lfsd2pwc (LFS, private households)",VERIFIED
inactive,IT,ITC3,Y_GE15,2025,655.6,thousand persons,"Eurostat lfst_r_lfsd2pwc (LFS, private households)",VERIFIED
inactive,IT,ITC4,Y_GE15,2025,4016.6,thousand persons,"Eurostat lfst_r_lfsd2pwc (LFS, private households)",VERIFIED
inactive,IT,ITF1,Y_GE15,2025,569.0,thousand persons,"Eurostat lfst_r_lfsd2pwc (LFS, private households)",VERIFIED
inactive,IT,ITF2,Y_GE15,2025,141.6,thousand persons,"Eurostat lfst_r_lfsd2pwc (LFS, private households)",VERIFIED
inactive,IT,ITF3,Y_GE15,2025,2765.9,thousand persons,"Eurostat lfst_r_lfsd2pwc (LFS, private households)",VERIFIED
inactive,IT,ITF4,Y_GE15,2025,1960.9,thousand persons,"Eurostat lfst_r_lfsd2pwc (LFS, private households)",VERIFIED
inactive,IT,ITF5,Y_GE15,2025,259.7,thousand persons,"Eurostat lfst_r_lfsd2pwc (LFS, private households)",VERIFIED
inactive,IT,ITF6,Y_GE15,2025,974.7,thousand persons,"Eurostat lfst_r_lfsd2pwc (LFS, private households)",VERIFIED
inactive,IT,ITG1,Y_GE15,2025,2449.8,thousand persons,"Eurostat lfst_r_lfsd2pwc (LFS, private households)",VERIFIED
inactive,IT,ITG2,Y_GE15,2025,745.5,thousand persons,"Eurostat lfst_r_lfsd2pwc (LFS, private households)",VERIFIED
inactive,IT,ITH1,Y_GE15,2025,186.2,thousand persons,"Eurostat lfst_r_lfsd2pwc (LFS, private households)",VERIFIED
inactive,IT,ITH2,Y_GE15,2025,208.9,thousand persons,"Eurostat lfst_r_lfsd2pwc (LFS, private households)",VERIFIED
inactive,IT,ITH3,Y_GE15,2025,1960.1,thousand persons,"Eurostat lfst_r_lfsd2pwc (LFS, private households)",VERIFIED
inactive,IT,ITH4,Y_GE15,2025,499.6,thousand persons,"Eurostat lfst_r_lfsd2pwc (LFS, private households)",VERIFIED
inactive,IT,ITH5,Y_GE15,2025,1730.3,thousand persons,"Eurostat lfst_r_lfsd2pwc (LFS, private households)",VERIFIED
inactive,IT,ITI1,Y_GE15,2025,1486.6,thousand persons,"Eurostat lfst_r_lfsd2pwc (LFS, private households)",VERIFIED
inactive,IT,ITI2,Y_GE15,2025,355.8,thousand persons,"Eurostat lfst_r_lfsd2pwc (LFS, private households)",VERIFIED
inactive,IT,ITI3,Y_GE15,2025,618.8,thousand persons,"Eurostat lfst_r_lfsd2pwc (LFS, private households)",VERIFIED
inactive,IT,ITI4,Y_GE15,2025,2406.9,thousand persons,"Eurostat lfst_r_lfsd2pwc (LFS, private households)",VERIFIED
inactive_share,DE,DE,Y15-64,2015,22.37,percent of population,"Eurostat lfst_r_lfsd2pwc (LFS, private households): INAC / POP","VERIFIED, ratio DERIVED"
inactive_share,DE,DE1,Y15-64,2015,20.56,percent of population,"Eurostat lfst_r_lfsd2pwc (LFS, private households): INAC / POP","VERIFIED, ratio DERIVED"
inactive_share,DE,DE2,Y15-64,2015,19.96,percent of population,"Eurostat lfst_r_lfsd2pwc (LFS, private households): INAC / POP","VERIFIED, ratio DERIVED"
inactive_share,DE,DE3,Y15-64,2015,23.69,percent of population,"Eurostat lfst_r_lfsd2pwc (LFS, private households): INAC / POP","VERIFIED, ratio DERIVED"
inactive_share,DE,DE4,Y15-64,2015,20.13,percent of population,"Eurostat lfst_r_lfsd2pwc (LFS, private households): INAC / POP","VERIFIED, ratio DERIVED"
inactive_share,DE,DE5,Y15-64,2015,27.99,percent of population,"Eurostat lfst_r_lfsd2pwc (LFS, private households): INAC / POP","VERIFIED, ratio DERIVED"
inactive_share,DE,DE6,Y15-64,2015,21.44,percent of population,"Eurostat lfst_r_lfsd2pwc (LFS, private households): INAC / POP","VERIFIED, ratio DERIVED"
inactive_share,DE,DE7,Y15-64,2015,23.25,percent of population,"Eurostat lfst_r_lfsd2pwc (LFS, private households): INAC / POP","VERIFIED, ratio DERIVED"
inactive_share,DE,DE8,Y15-64,2015,22.18,percent of population,"Eurostat lfst_r_lfsd2pwc (LFS, private households): INAC / POP","VERIFIED, ratio DERIVED"
inactive_share,DE,DE9,Y15-64,2015,23.18,percent of population,"Eurostat lfst_r_lfsd2pwc (LFS, private households): INAC / POP","VERIFIED, ratio DERIVED"
inactive_share,DE,DEA,Y15-64,2015,25.32,percent of population,"Eurostat lfst_r_lfsd2pwc (LFS, private households): INAC / POP","VERIFIED, ratio DERIVED"
inactive_share,DE,DEB,Y15-64,2015,22.97,percent of population,"Eurostat lfst_r_lfsd2pwc (LFS, private households): INAC / POP","VERIFIED, ratio DERIVED"
inactive_share,DE,DEC,Y15-64,2015,25.03,percent of population,"Eurostat lfst_r_lfsd2pwc (LFS, private households): INAC / POP","VERIFIED, ratio DERIVED"
inactive_share,DE,DED,Y15-64,2015,19.61,percent of population,"Eurostat lfst_r_lfsd2pwc (LFS, private households): INAC / POP","VERIFIED, ratio DERIVED"
inactive_share,DE,DEE,Y15-64,2015,19.88,percent of population,"Eurostat lfst_r_lfsd2pwc (LFS, private households): INAC / POP","VERIFIED, ratio DERIVED"
inactive_share,DE,DEF,Y15-64,2015,21.99,percent of population,"Eurostat lfst_r_lfsd2pwc (LFS, private households): INAC / POP","VERIFIED, ratio DERIVED"
inactive_share,DE,DEG,Y15-64,2015,21.11,percent of population,"Eurostat lfst_r_lfsd2pwc (LFS, private households): INAC / POP","VERIFIED, ratio DERIVED"
inactive_share,DE,DE,Y15-74,2015,31.74,percent of population,"Eurostat lfst_r_lfsd2pwc (LFS, private households): INAC / POP","VERIFIED, ratio DERIVED"
inactive_share,DE,DE1,Y15-74,2015,28.94,percent of population,"Eurostat lfst_r_lfsd2pwc (LFS, private households): INAC / POP","VERIFIED, ratio DERIVED"
inactive_share,DE,DE2,Y15-74,2015,29.13,percent of population,"Eurostat lfst_r_lfsd2pwc (LFS, private households): INAC / POP","VERIFIED, ratio DERIVED"
inactive_share,DE,DE3,Y15-74,2015,32.32,percent of population,"Eurostat lfst_r_lfsd2pwc (LFS, private households): INAC / POP","VERIFIED, ratio DERIVED"
inactive_share,DE,DE4,Y15-74,2015,30.98,percent of population,"Eurostat lfst_r_lfsd2pwc (LFS, private households): INAC / POP","VERIFIED, ratio DERIVED"
inactive_share,DE,DE5,Y15-74,2015,37.24,percent of population,"Eurostat lfst_r_lfsd2pwc (LFS, private households): INAC / POP","VERIFIED, ratio DERIVED"
inactive_share,DE,DE6,Y15-74,2015,30.15,percent of population,"Eurostat lfst_r_lfsd2pwc (LFS, private households): INAC / POP","VERIFIED, ratio DERIVED"
inactive_share,DE,DE7,Y15-74,2015,31.86,percent of population,"Eurostat lfst_r_lfsd2pwc (LFS, private households): INAC / POP","VERIFIED, ratio DERIVED"
inactive_share,DE,DE8,Y15-74,2015,32.87,percent of population,"Eurostat lfst_r_lfsd2pwc (LFS, private households): INAC / POP","VERIFIED, ratio DERIVED"
inactive_share,DE,DE9,Y15-74,2015,32.59,percent of population,"Eurostat lfst_r_lfsd2pwc (LFS, private households): INAC / POP","VERIFIED, ratio DERIVED"
inactive_share,DE,DEA,Y15-74,2015,34.38,percent of population,"Eurostat lfst_r_lfsd2pwc (LFS, private households): INAC / POP","VERIFIED, ratio DERIVED"
inactive_share,DE,DEB,Y15-74,2015,31.85,percent of population,"Eurostat lfst_r_lfsd2pwc (LFS, private households): INAC / POP","VERIFIED, ratio DERIVED"
inactive_share,DE,DEC,Y15-74,2015,35.02,percent of population,"Eurostat lfst_r_lfsd2pwc (LFS, private households): INAC / POP","VERIFIED, ratio DERIVED"
inactive_share,DE,DED,Y15-74,2015,31.26,percent of population,"Eurostat lfst_r_lfsd2pwc (LFS, private households): INAC / POP","VERIFIED, ratio DERIVED"
inactive_share,DE,DEE,Y15-74,2015,32.02,percent of population,"Eurostat lfst_r_lfsd2pwc (LFS, private households): INAC / POP","VERIFIED, ratio DERIVED"
inactive_share,DE,DEF,Y15-74,2015,32.73,percent of population,"Eurostat lfst_r_lfsd2pwc (LFS, private households): INAC / POP","VERIFIED, ratio DERIVED"
inactive_share,DE,DEG,Y15-74,2015,32.59,percent of population,"Eurostat lfst_r_lfsd2pwc (LFS, private households): INAC / POP","VERIFIED, ratio DERIVED"
inactive_share,DE,DE,Y20-64,2015,18.25,percent of population,"Eurostat lfst_r_lfsd2pwc (LFS, private households): INAC / POP","VERIFIED, ratio DERIVED"
inactive_share,DE,DE1,Y20-64,2015,16.13,percent of population,"Eurostat lfst_r_lfsd2pwc (LFS, private households): INAC / POP","VERIFIED, ratio DERIVED"
inactive_share,DE,DE2,Y20-64,2015,16.32,percent of population,"Eurostat lfst_r_lfsd2pwc (LFS, private households): INAC / POP","VERIFIED, ratio DERIVED"
inactive_share,DE,DE3,Y20-64,2015,19.98,percent of population,"Eurostat lfst_r_lfsd2pwc (LFS, private households): INAC / POP","VERIFIED, ratio DERIVED"
inactive_share,DE,DE4,Y20-64,2015,16.44,percent of population,"Eurostat lfst_r_lfsd2pwc (LFS, private households): INAC / POP","VERIFIED, ratio DERIVED"
inactive_share,DE,DE5,Y20-64,2015,23.71,percent of population,"Eurostat lfst_r_lfsd2pwc (LFS, private households): INAC / POP","VERIFIED, ratio DERIVED"
inactive_share,DE,DE6,Y20-64,2015,17.68,percent of population,"Eurostat lfst_r_lfsd2pwc (LFS, private households): INAC / POP","VERIFIED, ratio DERIVED"
inactive_share,DE,DE7,Y20-64,2015,18.94,percent of population,"Eurostat lfst_r_lfsd2pwc (LFS, private households): INAC / POP","VERIFIED, ratio DERIVED"
inactive_share,DE,DE8,Y20-64,2015,18.68,percent of population,"Eurostat lfst_r_lfsd2pwc (LFS, private households): INAC / POP","VERIFIED, ratio DERIVED"
inactive_share,DE,DE9,Y20-64,2015,18.61,percent of population,"Eurostat lfst_r_lfsd2pwc (LFS, private households): INAC / POP","VERIFIED, ratio DERIVED"
inactive_share,DE,DEA,Y20-64,2015,20.74,percent of population,"Eurostat lfst_r_lfsd2pwc (LFS, private households): INAC / POP","VERIFIED, ratio DERIVED"
inactive_share,DE,DEB,Y20-64,2015,18.78,percent of population,"Eurostat lfst_r_lfsd2pwc (LFS, private households): INAC / POP","VERIFIED, ratio DERIVED"
inactive_share,DE,DEC,Y20-64,2015,21.1,percent of population,"Eurostat lfst_r_lfsd2pwc (LFS, private households): INAC / POP","VERIFIED, ratio DERIVED"
inactive_share,DE,DED,Y20-64,2015,16.33,percent of population,"Eurostat lfst_r_lfsd2pwc (LFS, private households): INAC / POP","VERIFIED, ratio DERIVED"
inactive_share,DE,DEE,Y20-64,2015,16.86,percent of population,"Eurostat lfst_r_lfsd2pwc (LFS, private households): INAC / POP","VERIFIED, ratio DERIVED"
inactive_share,DE,DEF,Y20-64,2015,17.55,percent of population,"Eurostat lfst_r_lfsd2pwc (LFS, private households): INAC / POP","VERIFIED, ratio DERIVED"
inactive_share,DE,DEG,Y20-64,2015,17.74,percent of population,"Eurostat lfst_r_lfsd2pwc (LFS, private households): INAC / POP","VERIFIED, ratio DERIVED"
inactive_share,DE,DE,Y_GE15,2015,39.83,percent of population,"Eurostat lfst_r_lfsd2pwc (LFS, private households): INAC / POP","VERIFIED, ratio DERIVED"
inactive_share,DE,DE1,Y_GE15,2015,36.82,percent of population,"Eurostat lfst_r_lfsd2pwc (LFS, private households): INAC / POP","VERIFIED, ratio DERIVED"
inactive_share,DE,DE2,Y_GE15,2015,36.9,percent of population,"Eurostat lfst_r_lfsd2pwc (LFS, private households): INAC / POP","VERIFIED, ratio DERIVED"
inactive_share,DE,DE3,Y_GE15,2015,39.19,percent of population,"Eurostat lfst_r_lfsd2pwc (LFS, private households): INAC / POP","VERIFIED, ratio DERIVED"
inactive_share,DE,DE4,Y_GE15,2015,40.11,percent of population,"Eurostat lfst_r_lfsd2pwc (LFS, private households): INAC / POP","VERIFIED, ratio DERIVED"
inactive_share,DE,DE5,Y_GE15,2015,44.15,percent of population,"Eurostat lfst_r_lfsd2pwc (LFS, private households): INAC / POP","VERIFIED, ratio DERIVED"
inactive_share,DE,DE6,Y_GE15,2015,37.54,percent of population,"Eurostat lfst_r_lfsd2pwc (LFS, private households): INAC / POP","VERIFIED, ratio DERIVED"
inactive_share,DE,DE7,Y_GE15,2015,39.47,percent of population,"Eurostat lfst_r_lfsd2pwc (LFS, private households): INAC / POP","VERIFIED, ratio DERIVED"
inactive_share,DE,DE8,Y_GE15,2015,42.18,percent of population,"Eurostat lfst_r_lfsd2pwc (LFS, private households): INAC / POP","VERIFIED, ratio DERIVED"
inactive_share,DE,DE9,Y_GE15,2015,40.6,percent of population,"Eurostat lfst_r_lfsd2pwc (LFS, private households): INAC / POP","VERIFIED, ratio DERIVED"
inactive_share,DE,DEA,Y_GE15,2015,42.17,percent of population,"Eurostat lfst_r_lfsd2pwc (LFS, private households): INAC / POP","VERIFIED, ratio DERIVED"
inactive_share,DE,DEB,Y_GE15,2015,40.17,percent of population,"Eurostat lfst_r_lfsd2pwc (LFS, private households): INAC / POP","VERIFIED, ratio DERIVED"
inactive_share,DE,DEC,Y_GE15,2015,43.59,percent of population,"Eurostat lfst_r_lfsd2pwc (LFS, private households): INAC / POP","VERIFIED, ratio DERIVED"
inactive_share,DE,DED,Y_GE15,2015,41.32,percent of population,"Eurostat lfst_r_lfsd2pwc (LFS, private households): INAC / POP","VERIFIED, ratio DERIVED"
inactive_share,DE,DEE,Y_GE15,2015,41.7,percent of population,"Eurostat lfst_r_lfsd2pwc (LFS, private households): INAC / POP","VERIFIED, ratio DERIVED"
inactive_share,DE,DEF,Y_GE15,2015,41.36,percent of population,"Eurostat lfst_r_lfsd2pwc (LFS, private households): INAC / POP","VERIFIED, ratio DERIVED"
inactive_share,DE,DEG,Y_GE15,2015,41.52,percent of population,"Eurostat lfst_r_lfsd2pwc (LFS, private households): INAC / POP","VERIFIED, ratio DERIVED"
inactive_share,DE,DE,Y15-64,2019,20.76,percent of population,"Eurostat lfst_r_lfsd2pwc (LFS, private households): INAC / POP","VERIFIED, ratio DERIVED"
inactive_share,DE,DE1,Y15-64,2019,18.92,percent of population,"Eurostat lfst_r_lfsd2pwc (LFS, private households): INAC / POP","VERIFIED, ratio DERIVED"
inactive_share,DE,DE2,Y15-64,2019,18.36,percent of population,"Eurostat lfst_r_lfsd2pwc (LFS, private households): INAC / POP","VERIFIED, ratio DERIVED"
inactive_share,DE,DE3,Y15-64,2019,20.83,percent of population,"Eurostat lfst_r_lfsd2pwc (LFS, private households): INAC / POP","VERIFIED, ratio DERIVED"
inactive_share,DE,DE4,Y15-64,2019,19.16,percent of population,"Eurostat lfst_r_lfsd2pwc (LFS, private households): INAC / POP","VERIFIED, ratio DERIVED"
inactive_share,DE,DE5,Y15-64,2019,24.22,percent of population,"Eurostat lfst_r_lfsd2pwc (LFS, private households): INAC / POP","VERIFIED, ratio DERIVED"
inactive_share,DE,DE6,Y15-64,2019,20.14,percent of population,"Eurostat lfst_r_lfsd2pwc (LFS, private households): INAC / POP","VERIFIED, ratio DERIVED"
inactive_share,DE,DE7,Y15-64,2019,21.53,percent of population,"Eurostat lfst_r_lfsd2pwc (LFS, private households): INAC / POP","VERIFIED, ratio DERIVED"
inactive_share,DE,DE8,Y15-64,2019,21.91,percent of population,"Eurostat lfst_r_lfsd2pwc (LFS, private households): INAC / POP","VERIFIED, ratio DERIVED"
inactive_share,DE,DE9,Y15-64,2019,21.53,percent of population,"Eurostat lfst_r_lfsd2pwc (LFS, private households): INAC / POP","VERIFIED, ratio DERIVED"
inactive_share,DE,DEA,Y15-64,2019,23.67,percent of population,"Eurostat lfst_r_lfsd2pwc (LFS, private households): INAC / POP","VERIFIED, ratio DERIVED"
inactive_share,DE,DEB,Y15-64,2019,21.33,percent of population,"Eurostat lfst_r_lfsd2pwc (LFS, private households): INAC / POP","VERIFIED, ratio DERIVED"
inactive_share,DE,DEC,Y15-64,2019,23.45,percent of population,"Eurostat lfst_r_lfsd2pwc (LFS, private households): INAC / POP","VERIFIED, ratio DERIVED"
inactive_share,DE,DED,Y15-64,2019,18.05,percent of population,"Eurostat lfst_r_lfsd2pwc (LFS, private households): INAC / POP","VERIFIED, ratio DERIVED"
inactive_share,DE,DEE,Y15-64,2019,20.55,percent of population,"Eurostat lfst_r_lfsd2pwc (LFS, private households): INAC / POP","VERIFIED, ratio DERIVED"
inactive_share,DE,DEF,Y15-64,2019,20.34,percent of population,"Eurostat lfst_r_lfsd2pwc (LFS, private households): INAC / POP","VERIFIED, ratio DERIVED"
inactive_share,DE,DEG,Y15-64,2019,19.36,percent of population,"Eurostat lfst_r_lfsd2pwc (LFS, private households): INAC / POP","VERIFIED, ratio DERIVED"
inactive_share,DE,DE,Y15-74,2019,29.61,percent of population,"Eurostat lfst_r_lfsd2pwc (LFS, private households): INAC / POP","VERIFIED, ratio DERIVED"
inactive_share,DE,DE1,Y15-74,2019,26.75,percent of population,"Eurostat lfst_r_lfsd2pwc (LFS, private households): INAC / POP","VERIFIED, ratio DERIVED"
inactive_share,DE,DE2,Y15-74,2019,27.12,percent of population,"Eurostat lfst_r_lfsd2pwc (LFS, private households): INAC / POP","VERIFIED, ratio DERIVED"
inactive_share,DE,DE3,Y15-74,2019,28.64,percent of population,"Eurostat lfst_r_lfsd2pwc (LFS, private households): INAC / POP","VERIFIED, ratio DERIVED"
inactive_share,DE,DE4,Y15-74,2019,29.72,percent of population,"Eurostat lfst_r_lfsd2pwc (LFS, private households): INAC / POP","VERIFIED, ratio DERIVED"
inactive_share,DE,DE5,Y15-74,2019,31.7,percent of population,"Eurostat lfst_r_lfsd2pwc (LFS, private households): INAC / POP","VERIFIED, ratio DERIVED"
inactive_share,DE,DE6,Y15-74,2019,27.33,percent of population,"Eurostat lfst_r_lfsd2pwc (LFS, private households): INAC / POP","VERIFIED, ratio DERIVED"
inactive_share,DE,DE7,Y15-74,2019,30.04,percent of population,"Eurostat lfst_r_lfsd2pwc (LFS, private households): INAC / POP","VERIFIED, ratio DERIVED"
inactive_share,DE,DE8,Y15-74,2019,33.01,percent of population,"Eurostat lfst_r_lfsd2pwc (LFS, private households): INAC / POP","VERIFIED, ratio DERIVED"
inactive_share,DE,DE9,Y15-74,2019,30.38,percent of population,"Eurostat lfst_r_lfsd2pwc (LFS, private households): INAC / POP","VERIFIED, ratio DERIVED"
inactive_share,DE,DEA,Y15-74,2019,31.95,percent of population,"Eurostat lfst_r_lfsd2pwc (LFS, private households): INAC / POP","VERIFIED, ratio DERIVED"
inactive_share,DE,DEB,Y15-74,2019,30.24,percent of population,"Eurostat lfst_r_lfsd2pwc (LFS, private households): INAC / POP","VERIFIED, ratio DERIVED"
inactive_share,DE,DEC,Y15-74,2019,32.54,percent of population,"Eurostat lfst_r_lfsd2pwc (LFS, private households): INAC / POP","VERIFIED, ratio DERIVED"
inactive_share,DE,DED,Y15-74,2019,29.28,percent of population,"Eurostat lfst_r_lfsd2pwc (LFS, private households): INAC / POP","VERIFIED, ratio DERIVED"
inactive_share,DE,DEE,Y15-74,2019,32.96,percent of population,"Eurostat lfst_r_lfsd2pwc (LFS, private households): INAC / POP","VERIFIED, ratio DERIVED"
inactive_share,DE,DEF,Y15-74,2019,29.99,percent of population,"Eurostat lfst_r_lfsd2pwc (LFS, private households): INAC / POP","VERIFIED, ratio DERIVED"
inactive_share,DE,DEG,Y15-74,2019,30.63,percent of population,"Eurostat lfst_r_lfsd2pwc (LFS, private households): INAC / POP","VERIFIED, ratio DERIVED"
inactive_share,DE,DE,Y20-64,2019,16.77,percent of population,"Eurostat lfst_r_lfsd2pwc (LFS, private households): INAC / POP","VERIFIED, ratio DERIVED"
inactive_share,DE,DE1,Y20-64,2019,14.89,percent of population,"Eurostat lfst_r_lfsd2pwc (LFS, private households): INAC / POP","VERIFIED, ratio DERIVED"
inactive_share,DE,DE2,Y20-64,2019,14.83,percent of population,"Eurostat lfst_r_lfsd2pwc (LFS, private households): INAC / POP","VERIFIED, ratio DERIVED"
inactive_share,DE,DE3,Y20-64,2019,17.23,percent of population,"Eurostat lfst_r_lfsd2pwc (LFS, private households): INAC / POP","VERIFIED, ratio DERIVED"
inactive_share,DE,DE4,Y20-64,2019,15.27,percent of population,"Eurostat lfst_r_lfsd2pwc (LFS, private households): INAC / POP","VERIFIED, ratio DERIVED"
inactive_share,DE,DE5,Y20-64,2019,20.31,percent of population,"Eurostat lfst_r_lfsd2pwc (LFS, private households): INAC / POP","VERIFIED, ratio DERIVED"
inactive_share,DE,DE6,Y20-64,2019,16.38,percent of population,"Eurostat lfst_r_lfsd2pwc (LFS, private households): INAC / POP","VERIFIED, ratio DERIVED"
inactive_share,DE,DE7,Y20-64,2019,17.37,percent of population,"Eurostat lfst_r_lfsd2pwc (LFS, private households): INAC / POP","VERIFIED, ratio DERIVED"
inactive_share,DE,DE8,Y20-64,2019,18.58,percent of population,"Eurostat lfst_r_lfsd2pwc (LFS, private households): INAC / POP","VERIFIED, ratio DERIVED"
inactive_share,DE,DE9,Y20-64,2019,17.31,percent of population,"Eurostat lfst_r_lfsd2pwc (LFS, private households): INAC / POP","VERIFIED, ratio DERIVED"
inactive_share,DE,DEA,Y20-64,2019,19.23,percent of population,"Eurostat lfst_r_lfsd2pwc (LFS, private households): INAC / POP","VERIFIED, ratio DERIVED"
inactive_share,DE,DEB,Y20-64,2019,17.49,percent of population,"Eurostat lfst_r_lfsd2pwc (LFS, private households): INAC / POP","VERIFIED, ratio DERIVED"
inactive_share,DE,DEC,Y20-64,2019,19.53,percent of population,"Eurostat lfst_r_lfsd2pwc (LFS, private households): INAC / POP","VERIFIED, ratio DERIVED"
inactive_share,DE,DED,Y20-64,2019,14.3,percent of population,"Eurostat lfst_r_lfsd2pwc (LFS, private households): INAC / POP","VERIFIED, ratio DERIVED"
inactive_share,DE,DEE,Y20-64,2019,16.9,percent of population,"Eurostat lfst_r_lfsd2pwc (LFS, private households): INAC / POP","VERIFIED, ratio DERIVED"
inactive_share,DE,DEF,Y20-64,2019,16.13,percent of population,"Eurostat lfst_r_lfsd2pwc (LFS, private households): INAC / POP","VERIFIED, ratio DERIVED"
inactive_share,DE,DEG,Y20-64,2019,15.6,percent of population,"Eurostat lfst_r_lfsd2pwc (LFS, private households): INAC / POP","VERIFIED, ratio DERIVED"
inactive_share,DE,DE,Y_GE15,2019,38.08,percent of population,"Eurostat lfst_r_lfsd2pwc (LFS, private households): INAC / POP","VERIFIED, ratio DERIVED"
inactive_share,DE,DE1,Y_GE15,2019,34.99,percent of population,"Eurostat lfst_r_lfsd2pwc (LFS, private households): INAC / POP","VERIFIED, ratio DERIVED"
inactive_share,DE,DE2,Y_GE15,2019,35.18,percent of population,"Eurostat lfst_r_lfsd2pwc (LFS, private households): INAC / POP","VERIFIED, ratio DERIVED"
inactive_share,DE,DE3,Y_GE15,2019,36.33,percent of population,"Eurostat lfst_r_lfsd2pwc (LFS, private households): INAC / POP","VERIFIED, ratio DERIVED"
inactive_share,DE,DE4,Y_GE15,2019,39.92,percent of population,"Eurostat lfst_r_lfsd2pwc (LFS, private households): INAC / POP","VERIFIED, ratio DERIVED"
inactive_share,DE,DE5,Y_GE15,2019,40.1,percent of population,"Eurostat lfst_r_lfsd2pwc (LFS, private households): INAC / POP","VERIFIED, ratio DERIVED"
inactive_share,DE,DE6,Y_GE15,2019,35.14,percent of population,"Eurostat lfst_r_lfsd2pwc (LFS, private households): INAC / POP","VERIFIED, ratio DERIVED"
inactive_share,DE,DE7,Y_GE15,2019,37.76,percent of population,"Eurostat lfst_r_lfsd2pwc (LFS, private households): INAC / POP","VERIFIED, ratio DERIVED"
inactive_share,DE,DE8,Y_GE15,2019,42.47,percent of population,"Eurostat lfst_r_lfsd2pwc (LFS, private households): INAC / POP","VERIFIED, ratio DERIVED"
inactive_share,DE,DE9,Y_GE15,2019,38.73,percent of population,"Eurostat lfst_r_lfsd2pwc (LFS, private households): INAC / POP","VERIFIED, ratio DERIVED"
inactive_share,DE,DEA,Y_GE15,2019,39.99,percent of population,"Eurostat lfst_r_lfsd2pwc (LFS, private households): INAC / POP","VERIFIED, ratio DERIVED"
inactive_share,DE,DEB,Y_GE15,2019,38.17,percent of population,"Eurostat lfst_r_lfsd2pwc (LFS, private households): INAC / POP","VERIFIED, ratio DERIVED"
inactive_share,DE,DEC,Y_GE15,2019,41.81,percent of population,"Eurostat lfst_r_lfsd2pwc (LFS, private households): INAC / POP","VERIFIED, ratio DERIVED"
inactive_share,DE,DED,Y_GE15,2019,40.49,percent of population,"Eurostat lfst_r_lfsd2pwc (LFS, private households): INAC / POP","VERIFIED, ratio DERIVED"
inactive_share,DE,DEE,Y_GE15,2019,43.12,percent of population,"Eurostat lfst_r_lfsd2pwc (LFS, private households): INAC / POP","VERIFIED, ratio DERIVED"
inactive_share,DE,DEF,Y_GE15,2019,38.96,percent of population,"Eurostat lfst_r_lfsd2pwc (LFS, private households): INAC / POP","VERIFIED, ratio DERIVED"
inactive_share,DE,DEG,Y_GE15,2019,40.96,percent of population,"Eurostat lfst_r_lfsd2pwc (LFS, private households): INAC / POP","VERIFIED, ratio DERIVED"
inactive_share,DE,DE,Y15-64,2024,19.94,percent of population,"Eurostat lfst_r_lfsd2pwc (LFS, private households): INAC / POP","VERIFIED, ratio DERIVED"
inactive_share,DE,DE1,Y15-64,2024,17.85,percent of population,"Eurostat lfst_r_lfsd2pwc (LFS, private households): INAC / POP","VERIFIED, ratio DERIVED"
inactive_share,DE,DE2,Y15-64,2024,17.15,percent of population,"Eurostat lfst_r_lfsd2pwc (LFS, private households): INAC / POP","VERIFIED, ratio DERIVED"
inactive_share,DE,DE3,Y15-64,2024,21.98,percent of population,"Eurostat lfst_r_lfsd2pwc (LFS, private households): INAC / POP","VERIFIED, ratio DERIVED"
inactive_share,DE,DE4,Y15-64,2024,19.5,percent of population,"Eurostat lfst_r_lfsd2pwc (LFS, private households): INAC / POP","VERIFIED, ratio DERIVED"
inactive_share,DE,DE5,Y15-64,2024,24.52,percent of population,"Eurostat lfst_r_lfsd2pwc (LFS, private households): INAC / POP","VERIFIED, ratio DERIVED"
inactive_share,DE,DE6,Y15-64,2024,20.76,percent of population,"Eurostat lfst_r_lfsd2pwc (LFS, private households): INAC / POP","VERIFIED, ratio DERIVED"
inactive_share,DE,DE7,Y15-64,2024,21.21,percent of population,"Eurostat lfst_r_lfsd2pwc (LFS, private households): INAC / POP","VERIFIED, ratio DERIVED"
inactive_share,DE,DE8,Y15-64,2024,20.86,percent of population,"Eurostat lfst_r_lfsd2pwc (LFS, private households): INAC / POP","VERIFIED, ratio DERIVED"
inactive_share,DE,DE9,Y15-64,2024,20.37,percent of population,"Eurostat lfst_r_lfsd2pwc (LFS, private households): INAC / POP","VERIFIED, ratio DERIVED"
inactive_share,DE,DEA,Y15-64,2024,22.02,percent of population,"Eurostat lfst_r_lfsd2pwc (LFS, private households): INAC / POP","VERIFIED, ratio DERIVED"
inactive_share,DE,DEB,Y15-64,2024,19.34,percent of population,"Eurostat lfst_r_lfsd2pwc (LFS, private households): INAC / POP","VERIFIED, ratio DERIVED"
inactive_share,DE,DEC,Y15-64,2024,22.99,percent of population,"Eurostat lfst_r_lfsd2pwc (LFS, private households): INAC / POP","VERIFIED, ratio DERIVED"
inactive_share,DE,DED,Y15-64,2024,18.5,percent of population,"Eurostat lfst_r_lfsd2pwc (LFS, private households): INAC / POP","VERIFIED, ratio DERIVED"
inactive_share,DE,DEE,Y15-64,2024,20.43,percent of population,"Eurostat lfst_r_lfsd2pwc (LFS, private households): INAC / POP","VERIFIED, ratio DERIVED"
inactive_share,DE,DEF,Y15-64,2024,20.77,percent of population,"Eurostat lfst_r_lfsd2pwc (LFS, private households): INAC / POP","VERIFIED, ratio DERIVED"
inactive_share,DE,DEG,Y15-64,2024,20.21,percent of population,"Eurostat lfst_r_lfsd2pwc (LFS, private households): INAC / POP","VERIFIED, ratio DERIVED"
inactive_share,DE,DE,Y15-74,2024,29.9,percent of population,"Eurostat lfst_r_lfsd2pwc (LFS, private households): INAC / POP","VERIFIED, ratio DERIVED"
inactive_share,DE,DE1,Y15-74,2024,26.95,percent of population,"Eurostat lfst_r_lfsd2pwc (LFS, private households): INAC / POP","VERIFIED, ratio DERIVED"
inactive_share,DE,DE2,Y15-74,2024,26.86,percent of population,"Eurostat lfst_r_lfsd2pwc (LFS, private households): INAC / POP","VERIFIED, ratio DERIVED"
inactive_share,DE,DE3,Y15-74,2024,29.44,percent of population,"Eurostat lfst_r_lfsd2pwc (LFS, private households): INAC / POP","VERIFIED, ratio DERIVED"
inactive_share,DE,DE4,Y15-74,2024,32.63,percent of population,"Eurostat lfst_r_lfsd2pwc (LFS, private households): INAC / POP","VERIFIED, ratio DERIVED"
inactive_share,DE,DE5,Y15-74,2024,33.03,percent of population,"Eurostat lfst_r_lfsd2pwc (LFS, private households): INAC / POP","VERIFIED, ratio DERIVED"
inactive_share,DE,DE6,Y15-74,2024,27.75,percent of population,"Eurostat lfst_r_lfsd2pwc (LFS, private households): INAC / POP","VERIFIED, ratio DERIVED"
inactive_share,DE,DE7,Y15-74,2024,30.28,percent of population,"Eurostat lfst_r_lfsd2pwc (LFS, private households): INAC / POP","VERIFIED, ratio DERIVED"
inactive_share,DE,DE8,Y15-74,2024,35.33,percent of population,"Eurostat lfst_r_lfsd2pwc (LFS, private households): INAC / POP","VERIFIED, ratio DERIVED"
inactive_share,DE,DE9,Y15-74,2024,30.28,percent of population,"Eurostat lfst_r_lfsd2pwc (LFS, private households): INAC / POP","VERIFIED, ratio DERIVED"
inactive_share,DE,DEA,Y15-74,2024,31.39,percent of population,"Eurostat lfst_r_lfsd2pwc (LFS, private households): INAC / POP","VERIFIED, ratio DERIVED"
inactive_share,DE,DEB,Y15-74,2024,30.09,percent of population,"Eurostat lfst_r_lfsd2pwc (LFS, private households): INAC / POP","VERIFIED, ratio DERIVED"
inactive_share,DE,DEC,Y15-74,2024,34.41,percent of population,"Eurostat lfst_r_lfsd2pwc (LFS, private households): INAC / POP","VERIFIED, ratio DERIVED"
inactive_share,DE,DED,Y15-74,2024,31.44,percent of population,"Eurostat lfst_r_lfsd2pwc (LFS, private households): INAC / POP","VERIFIED, ratio DERIVED"
inactive_share,DE,DEE,Y15-74,2024,34.5,percent of population,"Eurostat lfst_r_lfsd2pwc (LFS, private households): INAC / POP","VERIFIED, ratio DERIVED"
inactive_share,DE,DEF,Y15-74,2024,30.2,percent of population,"Eurostat lfst_r_lfsd2pwc (LFS, private households): INAC / POP","VERIFIED, ratio DERIVED"
inactive_share,DE,DEG,Y15-74,2024,33.47,percent of population,"Eurostat lfst_r_lfsd2pwc (LFS, private households): INAC / POP","VERIFIED, ratio DERIVED"
inactive_share,DE,DE,Y20-64,2024,16.09,percent of population,"Eurostat lfst_r_lfsd2pwc (LFS, private households): INAC / POP","VERIFIED, ratio DERIVED"
inactive_share,DE,DE1,Y20-64,2024,14.01,percent of population,"Eurostat lfst_r_lfsd2pwc (LFS, private households): INAC / POP","VERIFIED, ratio DERIVED"
inactive_share,DE,DE2,Y20-64,2024,13.61,percent of population,"Eurostat lfst_r_lfsd2pwc (LFS, private households): INAC / POP","VERIFIED, ratio DERIVED"
inactive_share,DE,DE3,Y20-64,2024,17.92,percent of population,"Eurostat lfst_r_lfsd2pwc (LFS, private households): INAC / POP","VERIFIED, ratio DERIVED"
inactive_share,DE,DE4,Y20-64,2024,15.34,percent of population,"Eurostat lfst_r_lfsd2pwc (LFS, private households): INAC / POP","VERIFIED, ratio DERIVED"
inactive_share,DE,DE5,Y20-64,2024,21.0,percent of population,"Eurostat lfst_r_lfsd2pwc (LFS, private households): INAC / POP","VERIFIED, ratio DERIVED"
inactive_share,DE,DE6,Y20-64,2024,16.78,percent of population,"Eurostat lfst_r_lfsd2pwc (LFS, private households): INAC / POP","VERIFIED, ratio DERIVED"
inactive_share,DE,DE7,Y20-64,2024,17.06,percent of population,"Eurostat lfst_r_lfsd2pwc (LFS, private households): INAC / POP","VERIFIED, ratio DERIVED"
inactive_share,DE,DE8,Y20-64,2024,17.1,percent of population,"Eurostat lfst_r_lfsd2pwc (LFS, private households): INAC / POP","VERIFIED, ratio DERIVED"
inactive_share,DE,DE9,Y20-64,2024,16.67,percent of population,"Eurostat lfst_r_lfsd2pwc (LFS, private households): INAC / POP","VERIFIED, ratio DERIVED"
inactive_share,DE,DEA,Y20-64,2024,18.18,percent of population,"Eurostat lfst_r_lfsd2pwc (LFS, private households): INAC / POP","VERIFIED, ratio DERIVED"
inactive_share,DE,DEB,Y20-64,2024,15.66,percent of population,"Eurostat lfst_r_lfsd2pwc (LFS, private households): INAC / POP","VERIFIED, ratio DERIVED"
inactive_share,DE,DEC,Y20-64,2024,18.88,percent of population,"Eurostat lfst_r_lfsd2pwc (LFS, private households): INAC / POP","VERIFIED, ratio DERIVED"
inactive_share,DE,DED,Y20-64,2024,14.19,percent of population,"Eurostat lfst_r_lfsd2pwc (LFS, private households): INAC / POP","VERIFIED, ratio DERIVED"
inactive_share,DE,DEE,Y20-64,2024,16.1,percent of population,"Eurostat lfst_r_lfsd2pwc (LFS, private households): INAC / POP","VERIFIED, ratio DERIVED"
inactive_share,DE,DEF,Y20-64,2024,17.02,percent of population,"Eurostat lfst_r_lfsd2pwc (LFS, private households): INAC / POP","VERIFIED, ratio DERIVED"
inactive_share,DE,DEG,Y20-64,2024,16.04,percent of population,"Eurostat lfst_r_lfsd2pwc (LFS, private households): INAC / POP","VERIFIED, ratio DERIVED"
inactive_share,DE,DE,Y_GE15,2024,38.45,percent of population,"Eurostat lfst_r_lfsd2pwc (LFS, private households): INAC / POP","VERIFIED, ratio DERIVED"
inactive_share,DE,DE1,Y_GE15,2024,35.47,percent of population,"Eurostat lfst_r_lfsd2pwc (LFS, private households): INAC / POP","VERIFIED, ratio DERIVED"
inactive_share,DE,DE2,Y_GE15,2024,35.41,percent of population,"Eurostat lfst_r_lfsd2pwc (LFS, private households): INAC / POP","VERIFIED, ratio DERIVED"
inactive_share,DE,DE3,Y_GE15,2024,37.25,percent of population,"Eurostat lfst_r_lfsd2pwc (LFS, private households): INAC / POP","VERIFIED, ratio DERIVED"
inactive_share,DE,DE4,Y_GE15,2024,41.83,percent of population,"Eurostat lfst_r_lfsd2pwc (LFS, private households): INAC / POP","VERIFIED, ratio DERIVED"
inactive_share,DE,DE5,Y_GE15,2024,41.05,percent of population,"Eurostat lfst_r_lfsd2pwc (LFS, private households): INAC / POP","VERIFIED, ratio DERIVED"
inactive_share,DE,DE6,Y_GE15,2024,35.05,percent of population,"Eurostat lfst_r_lfsd2pwc (LFS, private households): INAC / POP","VERIFIED, ratio DERIVED"
inactive_share,DE,DE7,Y_GE15,2024,38.58,percent of population,"Eurostat lfst_r_lfsd2pwc (LFS, private households): INAC / POP","VERIFIED, ratio DERIVED"
inactive_share,DE,DE8,Y_GE15,2024,44.38,percent of population,"Eurostat lfst_r_lfsd2pwc (LFS, private households): INAC / POP","VERIFIED, ratio DERIVED"
inactive_share,DE,DE9,Y_GE15,2024,38.83,percent of population,"Eurostat lfst_r_lfsd2pwc (LFS, private households): INAC / POP","VERIFIED, ratio DERIVED"
inactive_share,DE,DEA,Y_GE15,2024,39.45,percent of population,"Eurostat lfst_r_lfsd2pwc (LFS, private households): INAC / POP","VERIFIED, ratio DERIVED"
inactive_share,DE,DEB,Y_GE15,2024,38.2,percent of population,"Eurostat lfst_r_lfsd2pwc (LFS, private households): INAC / POP","VERIFIED, ratio DERIVED"
inactive_share,DE,DEC,Y_GE15,2024,42.94,percent of population,"Eurostat lfst_r_lfsd2pwc (LFS, private households): INAC / POP","VERIFIED, ratio DERIVED"
inactive_share,DE,DED,Y_GE15,2024,41.78,percent of population,"Eurostat lfst_r_lfsd2pwc (LFS, private households): INAC / POP","VERIFIED, ratio DERIVED"
inactive_share,DE,DEE,Y_GE15,2024,44.3,percent of population,"Eurostat lfst_r_lfsd2pwc (LFS, private households): INAC / POP","VERIFIED, ratio DERIVED"
inactive_share,DE,DEF,Y_GE15,2024,39.36,percent of population,"Eurostat lfst_r_lfsd2pwc (LFS, private households): INAC / POP","VERIFIED, ratio DERIVED"
inactive_share,DE,DEG,Y_GE15,2024,43.13,percent of population,"Eurostat lfst_r_lfsd2pwc (LFS, private households): INAC / POP","VERIFIED, ratio DERIVED"
inactive_share,DE,DE,Y15-64,2025,19.66,percent of population,"Eurostat lfst_r_lfsd2pwc (LFS, private households): INAC / POP","VERIFIED, ratio DERIVED"
inactive_share,DE,DE1,Y15-64,2025,17.62,percent of population,"Eurostat lfst_r_lfsd2pwc (LFS, private households): INAC / POP","VERIFIED, ratio DERIVED"
inactive_share,DE,DE2,Y15-64,2025,16.63,percent of population,"Eurostat lfst_r_lfsd2pwc (LFS, private households): INAC / POP","VERIFIED, ratio DERIVED"
inactive_share,DE,DE3,Y15-64,2025,22.33,percent of population,"Eurostat lfst_r_lfsd2pwc (LFS, private households): INAC / POP","VERIFIED, ratio DERIVED"
inactive_share,DE,DE4,Y15-64,2025,19.96,percent of population,"Eurostat lfst_r_lfsd2pwc (LFS, private households): INAC / POP","VERIFIED, ratio DERIVED"
inactive_share,DE,DE5,Y15-64,2025,24.63,percent of population,"Eurostat lfst_r_lfsd2pwc (LFS, private households): INAC / POP","VERIFIED, ratio DERIVED"
inactive_share,DE,DE6,Y15-64,2025,21.27,percent of population,"Eurostat lfst_r_lfsd2pwc (LFS, private households): INAC / POP","VERIFIED, ratio DERIVED"
inactive_share,DE,DE7,Y15-64,2025,21.02,percent of population,"Eurostat lfst_r_lfsd2pwc (LFS, private households): INAC / POP","VERIFIED, ratio DERIVED"
inactive_share,DE,DE8,Y15-64,2025,21.08,percent of population,"Eurostat lfst_r_lfsd2pwc (LFS, private households): INAC / POP","VERIFIED, ratio DERIVED"
inactive_share,DE,DE9,Y15-64,2025,19.84,percent of population,"Eurostat lfst_r_lfsd2pwc (LFS, private households): INAC / POP","VERIFIED, ratio DERIVED"
inactive_share,DE,DEA,Y15-64,2025,21.8,percent of population,"Eurostat lfst_r_lfsd2pwc (LFS, private households): INAC / POP","VERIFIED, ratio DERIVED"
inactive_share,DE,DEB,Y15-64,2025,18.44,percent of population,"Eurostat lfst_r_lfsd2pwc (LFS, private households): INAC / POP","VERIFIED, ratio DERIVED"
inactive_share,DE,DEC,Y15-64,2025,22.14,percent of population,"Eurostat lfst_r_lfsd2pwc (LFS, private households): INAC / POP","VERIFIED, ratio DERIVED"
inactive_share,DE,DED,Y15-64,2025,18.23,percent of population,"Eurostat lfst_r_lfsd2pwc (LFS, private households): INAC / POP","VERIFIED, ratio DERIVED"
inactive_share,DE,DEE,Y15-64,2025,21.23,percent of population,"Eurostat lfst_r_lfsd2pwc (LFS, private households): INAC / POP","VERIFIED, ratio DERIVED"
inactive_share,DE,DEF,Y15-64,2025,19.74,percent of population,"Eurostat lfst_r_lfsd2pwc (LFS, private households): INAC / POP","VERIFIED, ratio DERIVED"
inactive_share,DE,DEG,Y15-64,2025,19.52,percent of population,"Eurostat lfst_r_lfsd2pwc (LFS, private households): INAC / POP","VERIFIED, ratio DERIVED"
inactive_share,DE,DE,Y15-74,2025,29.68,percent of population,"Eurostat lfst_r_lfsd2pwc (LFS, private households): INAC / POP","VERIFIED, ratio DERIVED"
inactive_share,DE,DE1,Y15-74,2025,26.99,percent of population,"Eurostat lfst_r_lfsd2pwc (LFS, private households): INAC / POP","VERIFIED, ratio DERIVED"
inactive_share,DE,DE2,Y15-74,2025,26.51,percent of population,"Eurostat lfst_r_lfsd2pwc (LFS, private households): INAC / POP","VERIFIED, ratio DERIVED"
inactive_share,DE,DE3,Y15-74,2025,29.58,percent of population,"Eurostat lfst_r_lfsd2pwc (LFS, private households): INAC / POP","VERIFIED, ratio DERIVED"
inactive_share,DE,DE4,Y15-74,2025,33.18,percent of population,"Eurostat lfst_r_lfsd2pwc (LFS, private households): INAC / POP","VERIFIED, ratio DERIVED"
inactive_share,DE,DE5,Y15-74,2025,32.7,percent of population,"Eurostat lfst_r_lfsd2pwc (LFS, private households): INAC / POP","VERIFIED, ratio DERIVED"
inactive_share,DE,DE6,Y15-74,2025,27.87,percent of population,"Eurostat lfst_r_lfsd2pwc (LFS, private households): INAC / POP","VERIFIED, ratio DERIVED"
inactive_share,DE,DE7,Y15-74,2025,30.15,percent of population,"Eurostat lfst_r_lfsd2pwc (LFS, private households): INAC / POP","VERIFIED, ratio DERIVED"
inactive_share,DE,DE8,Y15-74,2025,35.35,percent of population,"Eurostat lfst_r_lfsd2pwc (LFS, private households): INAC / POP","VERIFIED, ratio DERIVED"
inactive_share,DE,DE9,Y15-74,2025,29.8,percent of population,"Eurostat lfst_r_lfsd2pwc (LFS, private households): INAC / POP","VERIFIED, ratio DERIVED"
inactive_share,DE,DEA,Y15-74,2025,31.15,percent of population,"Eurostat lfst_r_lfsd2pwc (LFS, private households): INAC / POP","VERIFIED, ratio DERIVED"
inactive_share,DE,DEB,Y15-74,2025,29.31,percent of population,"Eurostat lfst_r_lfsd2pwc (LFS, private households): INAC / POP","VERIFIED, ratio DERIVED"
inactive_share,DE,DEC,Y15-74,2025,33.6,percent of population,"Eurostat lfst_r_lfsd2pwc (LFS, private households): INAC / POP","VERIFIED, ratio DERIVED"
inactive_share,DE,DED,Y15-74,2025,30.98,percent of population,"Eurostat lfst_r_lfsd2pwc (LFS, private households): INAC / POP","VERIFIED, ratio DERIVED"
inactive_share,DE,DEE,Y15-74,2025,35.1,percent of population,"Eurostat lfst_r_lfsd2pwc (LFS, private households): INAC / POP","VERIFIED, ratio DERIVED"
inactive_share,DE,DEF,Y15-74,2025,29.63,percent of population,"Eurostat lfst_r_lfsd2pwc (LFS, private households): INAC / POP","VERIFIED, ratio DERIVED"
inactive_share,DE,DEG,Y15-74,2025,33.34,percent of population,"Eurostat lfst_r_lfsd2pwc (LFS, private households): INAC / POP","VERIFIED, ratio DERIVED"
inactive_share,DE,DE,Y20-64,2025,15.67,percent of population,"Eurostat lfst_r_lfsd2pwc (LFS, private households): INAC / POP","VERIFIED, ratio DERIVED"
inactive_share,DE,DE1,Y20-64,2025,13.63,percent of population,"Eurostat lfst_r_lfsd2pwc (LFS, private households): INAC / POP","VERIFIED, ratio DERIVED"
inactive_share,DE,DE2,Y20-64,2025,13.13,percent of population,"Eurostat lfst_r_lfsd2pwc (LFS, private households): INAC / POP","VERIFIED, ratio DERIVED"
inactive_share,DE,DE3,Y20-64,2025,18.0,percent of population,"Eurostat lfst_r_lfsd2pwc (LFS, private households): INAC / POP","VERIFIED, ratio DERIVED"
inactive_share,DE,DE4,Y20-64,2025,15.27,percent of population,"Eurostat lfst_r_lfsd2pwc (LFS, private households): INAC / POP","VERIFIED, ratio DERIVED"
inactive_share,DE,DE5,Y20-64,2025,21.33,percent of population,"Eurostat lfst_r_lfsd2pwc (LFS, private households): INAC / POP","VERIFIED, ratio DERIVED"
inactive_share,DE,DE6,Y20-64,2025,16.97,percent of population,"Eurostat lfst_r_lfsd2pwc (LFS, private households): INAC / POP","VERIFIED, ratio DERIVED"
inactive_share,DE,DE7,Y20-64,2025,16.83,percent of population,"Eurostat lfst_r_lfsd2pwc (LFS, private households): INAC / POP","VERIFIED, ratio DERIVED"
inactive_share,DE,DE8,Y20-64,2025,16.82,percent of population,"Eurostat lfst_r_lfsd2pwc (LFS, private households): INAC / POP","VERIFIED, ratio DERIVED"
inactive_share,DE,DE9,Y20-64,2025,15.89,percent of population,"Eurostat lfst_r_lfsd2pwc (LFS, private households): INAC / POP","VERIFIED, ratio DERIVED"
inactive_share,DE,DEA,Y20-64,2025,17.79,percent of population,"Eurostat lfst_r_lfsd2pwc (LFS, private households): INAC / POP","VERIFIED, ratio DERIVED"
inactive_share,DE,DEB,Y20-64,2025,14.66,percent of population,"Eurostat lfst_r_lfsd2pwc (LFS, private households): INAC / POP","VERIFIED, ratio DERIVED"
inactive_share,DE,DEC,Y20-64,2025,18.25,percent of population,"Eurostat lfst_r_lfsd2pwc (LFS, private households): INAC / POP","VERIFIED, ratio DERIVED"
inactive_share,DE,DED,Y20-64,2025,13.59,percent of population,"Eurostat lfst_r_lfsd2pwc (LFS, private households): INAC / POP","VERIFIED, ratio DERIVED"
inactive_share,DE,DEE,Y20-64,2025,16.87,percent of population,"Eurostat lfst_r_lfsd2pwc (LFS, private households): INAC / POP","VERIFIED, ratio DERIVED"
inactive_share,DE,DEF,Y20-64,2025,16.02,percent of population,"Eurostat lfst_r_lfsd2pwc (LFS, private households): INAC / POP","VERIFIED, ratio DERIVED"
inactive_share,DE,DEG,Y20-64,2025,15.5,percent of population,"Eurostat lfst_r_lfsd2pwc (LFS, private households): INAC / POP","VERIFIED, ratio DERIVED"
inactive_share,DE,DE,Y_GE15,2025,38.33,percent of population,"Eurostat lfst_r_lfsd2pwc (LFS, private households): INAC / POP","VERIFIED, ratio DERIVED"
inactive_share,DE,DE1,Y_GE15,2025,35.57,percent of population,"Eurostat lfst_r_lfsd2pwc (LFS, private households): INAC / POP","VERIFIED, ratio DERIVED"
inactive_share,DE,DE2,Y_GE15,2025,35.27,percent of population,"Eurostat lfst_r_lfsd2pwc (LFS, private households): INAC / POP","VERIFIED, ratio DERIVED"
inactive_share,DE,DE3,Y_GE15,2025,37.41,percent of population,"Eurostat lfst_r_lfsd2pwc (LFS, private households): INAC / POP","VERIFIED, ratio DERIVED"
inactive_share,DE,DE4,Y_GE15,2025,42.44,percent of population,"Eurostat lfst_r_lfsd2pwc (LFS, private households): INAC / POP","VERIFIED, ratio DERIVED"
inactive_share,DE,DE5,Y_GE15,2025,40.77,percent of population,"Eurostat lfst_r_lfsd2pwc (LFS, private households): INAC / POP","VERIFIED, ratio DERIVED"
inactive_share,DE,DE6,Y_GE15,2025,35.21,percent of population,"Eurostat lfst_r_lfsd2pwc (LFS, private households): INAC / POP","VERIFIED, ratio DERIVED"
inactive_share,DE,DE7,Y_GE15,2025,38.41,percent of population,"Eurostat lfst_r_lfsd2pwc (LFS, private households): INAC / POP","VERIFIED, ratio DERIVED"
inactive_share,DE,DE8,Y_GE15,2025,44.54,percent of population,"Eurostat lfst_r_lfsd2pwc (LFS, private households): INAC / POP","VERIFIED, ratio DERIVED"
inactive_share,DE,DE9,Y_GE15,2025,38.56,percent of population,"Eurostat lfst_r_lfsd2pwc (LFS, private households): INAC / POP","VERIFIED, ratio DERIVED"
inactive_share,DE,DEA,Y_GE15,2025,39.23,percent of population,"Eurostat lfst_r_lfsd2pwc (LFS, private households): INAC / POP","VERIFIED, ratio DERIVED"
inactive_share,DE,DEB,Y_GE15,2025,37.6,percent of population,"Eurostat lfst_r_lfsd2pwc (LFS, private households): INAC / POP","VERIFIED, ratio DERIVED"
inactive_share,DE,DEC,Y_GE15,2025,42.42,percent of population,"Eurostat lfst_r_lfsd2pwc (LFS, private households): INAC / POP","VERIFIED, ratio DERIVED"
inactive_share,DE,DED,Y_GE15,2025,41.64,percent of population,"Eurostat lfst_r_lfsd2pwc (LFS, private households): INAC / POP","VERIFIED, ratio DERIVED"
inactive_share,DE,DEE,Y_GE15,2025,44.85,percent of population,"Eurostat lfst_r_lfsd2pwc (LFS, private households): INAC / POP","VERIFIED, ratio DERIVED"
inactive_share,DE,DEF,Y_GE15,2025,38.81,percent of population,"Eurostat lfst_r_lfsd2pwc (LFS, private households): INAC / POP","VERIFIED, ratio DERIVED"
inactive_share,DE,DEG,Y_GE15,2025,43.24,percent of population,"Eurostat lfst_r_lfsd2pwc (LFS, private households): INAC / POP","VERIFIED, ratio DERIVED"
inactive_share,FR,FR,Y15-64,2015,28.82,percent of population,"Eurostat lfst_r_lfsd2pwc (LFS, private households): INAC / POP","VERIFIED, ratio DERIVED"
inactive_share,FR,FR1,Y15-64,2015,26.75,percent of population,"Eurostat lfst_r_lfsd2pwc (LFS, private households): INAC / POP","VERIFIED, ratio DERIVED"
inactive_share,FR,FRB,Y15-64,2015,29.45,percent of population,"Eurostat lfst_r_lfsd2pwc (LFS, private households): INAC / POP","VERIFIED, ratio DERIVED"
inactive_share,FR,FRC,Y15-64,2015,28.89,percent of population,"Eurostat lfst_r_lfsd2pwc (LFS, private households): INAC / POP","VERIFIED, ratio DERIVED"
inactive_share,FR,FRD,Y15-64,2015,29.28,percent of population,"Eurostat lfst_r_lfsd2pwc (LFS, private households): INAC / POP","VERIFIED, ratio DERIVED"
inactive_share,FR,FRE,Y15-64,2015,32.81,percent of population,"Eurostat lfst_r_lfsd2pwc (LFS, private households): INAC / POP","VERIFIED, ratio DERIVED"
inactive_share,FR,FRF,Y15-64,2015,29.19,percent of population,"Eurostat lfst_r_lfsd2pwc (LFS, private households): INAC / POP","VERIFIED, ratio DERIVED"
inactive_share,FR,FRG,Y15-64,2015,25.52,percent of population,"Eurostat lfst_r_lfsd2pwc (LFS, private households): INAC / POP","VERIFIED, ratio DERIVED"
inactive_share,FR,FRH,Y15-64,2015,26.66,percent of population,"Eurostat lfst_r_lfsd2pwc (LFS, private households): INAC / POP","VERIFIED, ratio DERIVED"
inactive_share,FR,FRI,Y15-64,2015,27.04,percent of population,"Eurostat lfst_r_lfsd2pwc (LFS, private households): INAC / POP","VERIFIED, ratio DERIVED"
inactive_share,FR,FRJ,Y15-64,2015,30.48,percent of population,"Eurostat lfst_r_lfsd2pwc (LFS, private households): INAC / POP","VERIFIED, ratio DERIVED"
inactive_share,FR,FRK,Y15-64,2015,27.08,percent of population,"Eurostat lfst_r_lfsd2pwc (LFS, private households): INAC / POP","VERIFIED, ratio DERIVED"
inactive_share,FR,FRL,Y15-64,2015,30.33,percent of population,"Eurostat lfst_r_lfsd2pwc (LFS, private households): INAC / POP","VERIFIED, ratio DERIVED"
inactive_share,FR,FRM,Y15-64,2015,37.15,percent of population,"Eurostat lfst_r_lfsd2pwc (LFS, private households): INAC / POP","VERIFIED (Eurostat flags: u), ratio DERIVED"
inactive_share,FR,FRY,Y15-64,2015,38.41,percent of population,"Eurostat lfst_r_lfsd2pwc (LFS, private households): INAC / POP","VERIFIED, ratio DERIVED"
inactive_share,FR,FR,Y15-74,2015,37.56,percent of population,"Eurostat lfst_r_lfsd2pwc (LFS, private households): INAC / POP","VERIFIED, ratio DERIVED"
inactive_share,FR,FR1,Y15-74,2015,33.57,percent of population,"Eurostat lfst_r_lfsd2pwc (LFS, private households): INAC / POP","VERIFIED, ratio DERIVED"
inactive_share,FR,FRB,Y15-74,2015,39.79,percent of population,"Eurostat lfst_r_lfsd2pwc (LFS, private households): INAC / POP","VERIFIED, ratio DERIVED"
inactive_share,FR,FRC,Y15-74,2015,38.46,percent of population,"Eurostat lfst_r_lfsd2pwc (LFS, private households): INAC / POP","VERIFIED, ratio DERIVED"
inactive_share,FR,FRD,Y15-74,2015,38.19,percent of population,"Eurostat lfst_r_lfsd2pwc (LFS, private households): INAC / POP","VERIFIED, ratio DERIVED"
inactive_share,FR,FRE,Y15-74,2015,40.49,percent of population,"Eurostat lfst_r_lfsd2pwc (LFS, private households): INAC / POP","VERIFIED, ratio DERIVED"
inactive_share,FR,FRF,Y15-74,2015,37.51,percent of population,"Eurostat lfst_r_lfsd2pwc (LFS, private households): INAC / POP","VERIFIED, ratio DERIVED"
inactive_share,FR,FRG,Y15-74,2015,34.73,percent of population,"Eurostat lfst_r_lfsd2pwc (LFS, private households): INAC / POP","VERIFIED, ratio DERIVED"
inactive_share,FR,FRH,Y15-74,2015,36.04,percent of population,"Eurostat lfst_r_lfsd2pwc (LFS, private households): INAC / POP","VERIFIED, ratio DERIVED"
inactive_share,FR,FRI,Y15-74,2015,37.65,percent of population,"Eurostat lfst_r_lfsd2pwc (LFS, private households): INAC / POP","VERIFIED, ratio DERIVED"
inactive_share,FR,FRJ,Y15-74,2015,40.39,percent of population,"Eurostat lfst_r_lfsd2pwc (LFS, private households): INAC / POP","VERIFIED, ratio DERIVED"
inactive_share,FR,FRK,Y15-74,2015,36.17,percent of population,"Eurostat lfst_r_lfsd2pwc (LFS, private households): INAC / POP","VERIFIED, ratio DERIVED"
inactive_share,FR,FRL,Y15-74,2015,40.17,percent of population,"Eurostat lfst_r_lfsd2pwc (LFS, private households): INAC / POP","VERIFIED, ratio DERIVED"
inactive_share,FR,FRM,Y15-74,2015,52.41,percent of population,"Eurostat lfst_r_lfsd2pwc (LFS, private households): INAC / POP","VERIFIED (Eurostat flags: u), ratio DERIVED"
inactive_share,FR,FRY,Y15-74,2015,43.72,percent of population,"Eurostat lfst_r_lfsd2pwc (LFS, private households): INAC / POP","VERIFIED, ratio DERIVED"
inactive_share,FR,FR,Y20-64,2015,22.77,percent of population,"Eurostat lfst_r_lfsd2pwc (LFS, private households): INAC / POP","VERIFIED, ratio DERIVED"
inactive_share,FR,FR1,Y20-64,2015,20.26,percent of population,"Eurostat lfst_r_lfsd2pwc (LFS, private households): INAC / POP","VERIFIED, ratio DERIVED"
inactive_share,FR,FRB,Y20-64,2015,23.54,percent of population,"Eurostat lfst_r_lfsd2pwc (LFS, private households): INAC / POP","VERIFIED, ratio DERIVED"
inactive_share,FR,FRC,Y20-64,2015,22.97,percent of population,"Eurostat lfst_r_lfsd2pwc (LFS, private households): INAC / POP","VERIFIED, ratio DERIVED"
inactive_share,FR,FRD,Y20-64,2015,23.36,percent of population,"Eurostat lfst_r_lfsd2pwc (LFS, private households): INAC / POP","VERIFIED, ratio DERIVED"
inactive_share,FR,FRE,Y20-64,2015,26.81,percent of population,"Eurostat lfst_r_lfsd2pwc (LFS, private households): INAC / POP","VERIFIED, ratio DERIVED"
inactive_share,FR,FRF,Y20-64,2015,23.67,percent of population,"Eurostat lfst_r_lfsd2pwc (LFS, private households): INAC / POP","VERIFIED, ratio DERIVED"
inactive_share,FR,FRG,Y20-64,2015,20.05,percent of population,"Eurostat lfst_r_lfsd2pwc (LFS, private households): INAC / POP","VERIFIED, ratio DERIVED"
inactive_share,FR,FRH,Y20-64,2015,20.49,percent of population,"Eurostat lfst_r_lfsd2pwc (LFS, private households): INAC / POP","VERIFIED, ratio DERIVED"
inactive_share,FR,FRI,Y20-64,2015,21.62,percent of population,"Eurostat lfst_r_lfsd2pwc (LFS, private households): INAC / POP","VERIFIED, ratio DERIVED"
inactive_share,FR,FRJ,Y20-64,2015,24.59,percent of population,"Eurostat lfst_r_lfsd2pwc (LFS, private households): INAC / POP","VERIFIED, ratio DERIVED"
inactive_share,FR,FRK,Y20-64,2015,20.85,percent of population,"Eurostat lfst_r_lfsd2pwc (LFS, private households): INAC / POP","VERIFIED, ratio DERIVED"
inactive_share,FR,FRL,Y20-64,2015,24.38,percent of population,"Eurostat lfst_r_lfsd2pwc (LFS, private households): INAC / POP","VERIFIED, ratio DERIVED"
inactive_share,FR,FRM,Y20-64,2015,32.02,percent of population,"Eurostat lfst_r_lfsd2pwc (LFS, private households): INAC / POP","VERIFIED (Eurostat flags: u), ratio DERIVED"
inactive_share,FR,FRY,Y20-64,2015,30.69,percent of population,"Eurostat lfst_r_lfsd2pwc (LFS, private households): INAC / POP","VERIFIED, ratio DERIVED"
inactive_share,FR,FR,Y_GE15,2015,44.02,percent of population,"Eurostat lfst_r_lfsd2pwc (LFS, private households): INAC / POP","VERIFIED, ratio DERIVED"
inactive_share,FR,FR1,Y_GE15,2015,38.68,percent of population,"Eurostat lfst_r_lfsd2pwc (LFS, private households): INAC / POP","VERIFIED, ratio DERIVED"
inactive_share,FR,FRB,Y_GE15,2015,46.42,percent of population,"Eurostat lfst_r_lfsd2pwc (LFS, private households): INAC / POP","VERIFIED, ratio DERIVED"
inactive_share,FR,FRC,Y_GE15,2015,45.71,percent of population,"Eurostat lfst_r_lfsd2pwc (LFS, private households): INAC / POP","VERIFIED, ratio DERIVED"
inactive_share,FR,FRD,Y_GE15,2015,44.84,percent of population,"Eurostat lfst_r_lfsd2pwc (LFS, private households): INAC / POP","VERIFIED, ratio DERIVED"
inactive_share,FR,FRE,Y_GE15,2015,45.88,percent of population,"Eurostat lfst_r_lfsd2pwc (LFS, private households): INAC / POP","VERIFIED, ratio DERIVED"
inactive_share,FR,FRF,Y_GE15,2015,44.06,percent of population,"Eurostat lfst_r_lfsd2pwc (LFS, private households): INAC / POP","VERIFIED, ratio DERIVED"
inactive_share,FR,FRG,Y_GE15,2015,41.98,percent of population,"Eurostat lfst_r_lfsd2pwc (LFS, private households): INAC / POP","VERIFIED, ratio DERIVED"
inactive_share,FR,FRH,Y_GE15,2015,44.1,percent of population,"Eurostat lfst_r_lfsd2pwc (LFS, private households): INAC / POP","VERIFIED, ratio DERIVED"
inactive_share,FR,FRI,Y_GE15,2015,45.3,percent of population,"Eurostat lfst_r_lfsd2pwc (LFS, private households): INAC / POP","VERIFIED, ratio DERIVED"
inactive_share,FR,FRJ,Y_GE15,2015,47.2,percent of population,"Eurostat lfst_r_lfsd2pwc (LFS, private households): INAC / POP","VERIFIED, ratio DERIVED"
inactive_share,FR,FRK,Y_GE15,2015,42.76,percent of population,"Eurostat lfst_r_lfsd2pwc (LFS, private households): INAC / POP","VERIFIED, ratio DERIVED"
inactive_share,FR,FRL,Y_GE15,2015,47.39,percent of population,"Eurostat lfst_r_lfsd2pwc (LFS, private households): INAC / POP","VERIFIED, ratio DERIVED"
inactive_share,FR,FRM,Y_GE15,2015,59.48,percent of population,"Eurostat lfst_r_lfsd2pwc (LFS, private households): INAC / POP","VERIFIED (Eurostat flags: u), ratio DERIVED"
inactive_share,FR,FRY,Y_GE15,2015,47.37,percent of population,"Eurostat lfst_r_lfsd2pwc (LFS, private households): INAC / POP","VERIFIED, ratio DERIVED"
inactive_share,FR,FR,Y15-64,2019,28.4,percent of population,"Eurostat lfst_r_lfsd2pwc (LFS, private households): INAC / POP","VERIFIED, ratio DERIVED"
inactive_share,FR,FR1,Y15-64,2019,25.8,percent of population,"Eurostat lfst_r_lfsd2pwc (LFS, private households): INAC / POP","VERIFIED, ratio DERIVED"
inactive_share,FR,FRB,Y15-64,2019,27.31,percent of population,"Eurostat lfst_r_lfsd2pwc (LFS, private households): INAC / POP","VERIFIED, ratio DERIVED"
inactive_share,FR,FRC,Y15-64,2019,27.08,percent of population,"Eurostat lfst_r_lfsd2pwc (LFS, private households): INAC / POP","VERIFIED, ratio DERIVED"
inactive_share,FR,FRD,Y15-64,2019,29.04,percent of population,"Eurostat lfst_r_lfsd2pwc (LFS, private households): INAC / POP","VERIFIED, ratio DERIVED"
inactive_share,FR,FRE,Y15-64,2019,33.32,percent of population,"Eurostat lfst_r_lfsd2pwc (LFS, private households): INAC / POP","VERIFIED, ratio DERIVED"
inactive_share,FR,FRF,Y15-64,2019,28.82,percent of population,"Eurostat lfst_r_lfsd2pwc (LFS, private households): INAC / POP","VERIFIED, ratio DERIVED"
inactive_share,FR,FRG,Y15-64,2019,26.94,percent of population,"Eurostat lfst_r_lfsd2pwc (LFS, private households): INAC / POP","VERIFIED, ratio DERIVED"
inactive_share,FR,FRH,Y15-64,2019,27.73,percent of population,"Eurostat lfst_r_lfsd2pwc (LFS, private households): INAC / POP","VERIFIED, ratio DERIVED"
inactive_share,FR,FRI,Y15-64,2019,26.29,percent of population,"Eurostat lfst_r_lfsd2pwc (LFS, private households): INAC / POP","VERIFIED, ratio DERIVED"
inactive_share,FR,FRJ,Y15-64,2019,29.97,percent of population,"Eurostat lfst_r_lfsd2pwc (LFS, private households): INAC / POP","VERIFIED, ratio DERIVED"
inactive_share,FR,FRK,Y15-64,2019,26.13,percent of population,"Eurostat lfst_r_lfsd2pwc (LFS, private households): INAC / POP","VERIFIED, ratio DERIVED"
inactive_share,FR,FRL,Y15-64,2019,30.37,percent of population,"Eurostat lfst_r_lfsd2pwc (LFS, private households): INAC / POP","VERIFIED, ratio DERIVED"
inactive_share,FR,FRM,Y15-64,2019,28.19,percent of population,"Eurostat lfst_r_lfsd2pwc (LFS, private households): INAC / POP","VERIFIED (Eurostat flags: u), ratio DERIVED"
inactive_share,FR,FRY,Y15-64,2019,40.25,percent of population,"Eurostat lfst_r_lfsd2pwc (LFS, private households): INAC / POP","VERIFIED, ratio DERIVED"
inactive_share,FR,FR,Y15-74,2019,38.28,percent of population,"Eurostat lfst_r_lfsd2pwc (LFS, private households): INAC / POP","VERIFIED, ratio DERIVED"
inactive_share,FR,FR1,Y15-74,2019,33.33,percent of population,"Eurostat lfst_r_lfsd2pwc (LFS, private households): INAC / POP","VERIFIED, ratio DERIVED"
inactive_share,FR,FRB,Y15-74,2019,38.5,percent of population,"Eurostat lfst_r_lfsd2pwc (LFS, private households): INAC / POP","VERIFIED, ratio DERIVED"
inactive_share,FR,FRC,Y15-74,2019,38.91,percent of population,"Eurostat lfst_r_lfsd2pwc (LFS, private households): INAC / POP","VERIFIED, ratio DERIVED"
inactive_share,FR,FRD,Y15-74,2019,39.91,percent of population,"Eurostat lfst_r_lfsd2pwc (LFS, private households): INAC / POP","VERIFIED, ratio DERIVED"
inactive_share,FR,FRE,Y15-74,2019,42.37,percent of population,"Eurostat lfst_r_lfsd2pwc (LFS, private households): INAC / POP","VERIFIED, ratio DERIVED"
inactive_share,FR,FRF,Y15-74,2019,38.38,percent of population,"Eurostat lfst_r_lfsd2pwc (LFS, private households): INAC / POP","VERIFIED, ratio DERIVED"
inactive_share,FR,FRG,Y15-74,2019,38.02,percent of population,"Eurostat lfst_r_lfsd2pwc (LFS, private households): INAC / POP","VERIFIED, ratio DERIVED"
inactive_share,FR,FRH,Y15-74,2019,39.35,percent of population,"Eurostat lfst_r_lfsd2pwc (LFS, private households): INAC / POP","VERIFIED, ratio DERIVED"
inactive_share,FR,FRI,Y15-74,2019,38.44,percent of population,"Eurostat lfst_r_lfsd2pwc (LFS, private households): INAC / POP","VERIFIED, ratio DERIVED"
inactive_share,FR,FRJ,Y15-74,2019,40.78,percent of population,"Eurostat lfst_r_lfsd2pwc (LFS, private households): INAC / POP","VERIFIED, ratio DERIVED"
inactive_share,FR,FRK,Y15-74,2019,35.81,percent of population,"Eurostat lfst_r_lfsd2pwc (LFS, private households): INAC / POP","VERIFIED, ratio DERIVED"
inactive_share,FR,FRL,Y15-74,2019,40.78,percent of population,"Eurostat lfst_r_lfsd2pwc (LFS, private households): INAC / POP","VERIFIED, ratio DERIVED"
inactive_share,FR,FRM,Y15-74,2019,42.18,percent of population,"Eurostat lfst_r_lfsd2pwc (LFS, private households): INAC / POP","VERIFIED (Eurostat flags: u), ratio DERIVED"
inactive_share,FR,FRY,Y15-74,2019,46.24,percent of population,"Eurostat lfst_r_lfsd2pwc (LFS, private households): INAC / POP","VERIFIED, ratio DERIVED"
inactive_share,FR,FR,Y20-64,2019,22.03,percent of population,"Eurostat lfst_r_lfsd2pwc (LFS, private households): INAC / POP","VERIFIED, ratio DERIVED"
inactive_share,FR,FR1,Y20-64,2019,18.77,percent of population,"Eurostat lfst_r_lfsd2pwc (LFS, private households): INAC / POP","VERIFIED, ratio DERIVED"
inactive_share,FR,FRB,Y20-64,2019,21.12,percent of population,"Eurostat lfst_r_lfsd2pwc (LFS, private households): INAC / POP","VERIFIED, ratio DERIVED"
inactive_share,FR,FRC,Y20-64,2019,21.09,percent of population,"Eurostat lfst_r_lfsd2pwc (LFS, private households): INAC / POP","VERIFIED, ratio DERIVED"
inactive_share,FR,FRD,Y20-64,2019,22.8,percent of population,"Eurostat lfst_r_lfsd2pwc (LFS, private households): INAC / POP","VERIFIED, ratio DERIVED"
inactive_share,FR,FRE,Y20-64,2019,26.62,percent of population,"Eurostat lfst_r_lfsd2pwc (LFS, private households): INAC / POP","VERIFIED, ratio DERIVED"
inactive_share,FR,FRF,Y20-64,2019,23.42,percent of population,"Eurostat lfst_r_lfsd2pwc (LFS, private households): INAC / POP","VERIFIED, ratio DERIVED"
inactive_share,FR,FRG,Y20-64,2019,20.38,percent of population,"Eurostat lfst_r_lfsd2pwc (LFS, private households): INAC / POP","VERIFIED, ratio DERIVED"
inactive_share,FR,FRH,Y20-64,2019,20.85,percent of population,"Eurostat lfst_r_lfsd2pwc (LFS, private households): INAC / POP","VERIFIED, ratio DERIVED"
inactive_share,FR,FRI,Y20-64,2019,20.71,percent of population,"Eurostat lfst_r_lfsd2pwc (LFS, private households): INAC / POP","VERIFIED, ratio DERIVED"
inactive_share,FR,FRJ,Y20-64,2019,24.07,percent of population,"Eurostat lfst_r_lfsd2pwc (LFS, private households): INAC / POP","VERIFIED, ratio DERIVED"
inactive_share,FR,FRK,Y20-64,2019,20.13,percent of population,"Eurostat lfst_r_lfsd2pwc (LFS, private households): INAC / POP","VERIFIED, ratio DERIVED"
inactive_share,FR,FRL,Y20-64,2019,23.53,percent of population,"Eurostat lfst_r_lfsd2pwc (LFS, private households): INAC / POP","VERIFIED, ratio DERIVED"
inactive_share,FR,FRM,Y20-64,2019,26.21,percent of population,"Eurostat lfst_r_lfsd2pwc (LFS, private households): INAC / POP","VERIFIED (Eurostat flags: u), ratio DERIVED"
inactive_share,FR,FRY,Y20-64,2019,32.67,percent of population,"Eurostat lfst_r_lfsd2pwc (LFS, private households): INAC / POP","VERIFIED, ratio DERIVED"
inactive_share,FR,FR,Y_GE15,2019,44.75,percent of population,"Eurostat lfst_r_lfsd2pwc (LFS, private households): INAC / POP","VERIFIED, ratio DERIVED"
inactive_share,FR,FR1,Y_GE15,2019,38.45,percent of population,"Eurostat lfst_r_lfsd2pwc (LFS, private households): INAC / POP","VERIFIED, ratio DERIVED"
inactive_share,FR,FRB,Y_GE15,2019,46.03,percent of population,"Eurostat lfst_r_lfsd2pwc (LFS, private households): INAC / POP","VERIFIED, ratio DERIVED"
inactive_share,FR,FRC,Y_GE15,2019,46.45,percent of population,"Eurostat lfst_r_lfsd2pwc (LFS, private households): INAC / POP","VERIFIED, ratio DERIVED"
inactive_share,FR,FRD,Y_GE15,2019,46.69,percent of population,"Eurostat lfst_r_lfsd2pwc (LFS, private households): INAC / POP","VERIFIED, ratio DERIVED"
inactive_share,FR,FRE,Y_GE15,2019,47.55,percent of population,"Eurostat lfst_r_lfsd2pwc (LFS, private households): INAC / POP","VERIFIED, ratio DERIVED"
inactive_share,FR,FRF,Y_GE15,2019,44.77,percent of population,"Eurostat lfst_r_lfsd2pwc (LFS, private households): INAC / POP","VERIFIED, ratio DERIVED"
inactive_share,FR,FRG,Y_GE15,2019,44.51,percent of population,"Eurostat lfst_r_lfsd2pwc (LFS, private households): INAC / POP","VERIFIED, ratio DERIVED"
inactive_share,FR,FRH,Y_GE15,2019,46.03,percent of population,"Eurostat lfst_r_lfsd2pwc (LFS, private households): INAC / POP","VERIFIED, ratio DERIVED"
inactive_share,FR,FRI,Y_GE15,2019,46.25,percent of population,"Eurostat lfst_r_lfsd2pwc (LFS, private households): INAC / POP","VERIFIED, ratio DERIVED"
inactive_share,FR,FRJ,Y_GE15,2019,47.78,percent of population,"Eurostat lfst_r_lfsd2pwc (LFS, private households): INAC / POP","VERIFIED, ratio DERIVED"
inactive_share,FR,FRK,Y_GE15,2019,42.62,percent of population,"Eurostat lfst_r_lfsd2pwc (LFS, private households): INAC / POP","VERIFIED, ratio DERIVED"
inactive_share,FR,FRL,Y_GE15,2019,48.26,percent of population,"Eurostat lfst_r_lfsd2pwc (LFS, private households): INAC / POP","VERIFIED, ratio DERIVED"
inactive_share,FR,FRM,Y_GE15,2019,51.59,percent of population,"Eurostat lfst_r_lfsd2pwc (LFS, private households): INAC / POP","VERIFIED (Eurostat flags: u), ratio DERIVED"
inactive_share,FR,FRY,Y_GE15,2019,50.17,percent of population,"Eurostat lfst_r_lfsd2pwc (LFS, private households): INAC / POP","VERIFIED, ratio DERIVED"
inactive_share,FR,FR,Y15-64,2024,25.59,percent of population,"Eurostat lfst_r_lfsd2pwc (LFS, private households): INAC / POP","VERIFIED (Eurostat flags: bd), ratio DERIVED"
inactive_share,FR,FR1,Y15-64,2024,23.57,percent of population,"Eurostat lfst_r_lfsd2pwc (LFS, private households): INAC / POP","VERIFIED (Eurostat flags: bd), ratio DERIVED"
inactive_share,FR,FRB,Y15-64,2024,23.41,percent of population,"Eurostat lfst_r_lfsd2pwc (LFS, private households): INAC / POP","VERIFIED (Eurostat flags: bd), ratio DERIVED"
inactive_share,FR,FRC,Y15-64,2024,25.63,percent of population,"Eurostat lfst_r_lfsd2pwc (LFS, private households): INAC / POP","VERIFIED (Eurostat flags: bd), ratio DERIVED"
inactive_share,FR,FRD,Y15-64,2024,25.7,percent of population,"Eurostat lfst_r_lfsd2pwc (LFS, private households): INAC / POP","VERIFIED (Eurostat flags: bd), ratio DERIVED"
inactive_share,FR,FRE,Y15-64,2024,28.8,percent of population,"Eurostat lfst_r_lfsd2pwc (LFS, private households): INAC / POP","VERIFIED (Eurostat flags: bd), ratio DERIVED"
inactive_share,FR,FRF,Y15-64,2024,25.74,percent of population,"Eurostat lfst_r_lfsd2pwc (LFS, private households): INAC / POP","VERIFIED (Eurostat flags: bd), ratio DERIVED"
inactive_share,FR,FRG,Y15-64,2024,23.22,percent of population,"Eurostat lfst_r_lfsd2pwc (LFS, private households): INAC / POP","VERIFIED (Eurostat flags: bd), ratio DERIVED"
inactive_share,FR,FRH,Y15-64,2024,23.78,percent of population,"Eurostat lfst_r_lfsd2pwc (LFS, private households): INAC / POP","VERIFIED (Eurostat flags: bd), ratio DERIVED"
inactive_share,FR,FRI,Y15-64,2024,23.48,percent of population,"Eurostat lfst_r_lfsd2pwc (LFS, private households): INAC / POP","VERIFIED (Eurostat flags: bd), ratio DERIVED"
inactive_share,FR,FRJ,Y15-64,2024,26.65,percent of population,"Eurostat lfst_r_lfsd2pwc (LFS, private households): INAC / POP","VERIFIED (Eurostat flags: bd), ratio DERIVED"
inactive_share,FR,FRK,Y15-64,2024,23.73,percent of population,"Eurostat lfst_r_lfsd2pwc (LFS, private households): INAC / POP","VERIFIED (Eurostat flags: bd), ratio DERIVED"
inactive_share,FR,FRL,Y15-64,2024,28.8,percent of population,"Eurostat lfst_r_lfsd2pwc (LFS, private households): INAC / POP","VERIFIED (Eurostat flags: bd), ratio DERIVED"
inactive_share,FR,FRM,Y15-64,2024,31.68,percent of population,"Eurostat lfst_r_lfsd2pwc (LFS, private households): INAC / POP","VERIFIED (Eurostat flags: bdu), ratio DERIVED"
inactive_share,FR,FRY,Y15-64,2024,39.47,percent of population,"Eurostat lfst_r_lfsd2pwc (LFS, private households): INAC / POP","VERIFIED (Eurostat flags: bd), ratio DERIVED"
inactive_share,FR,FR,Y15-74,2024,35.88,percent of population,"Eurostat lfst_r_lfsd2pwc (LFS, private households): INAC / POP","VERIFIED (Eurostat flags: bd), ratio DERIVED"
inactive_share,FR,FR1,Y15-74,2024,31.12,percent of population,"Eurostat lfst_r_lfsd2pwc (LFS, private households): INAC / POP","VERIFIED (Eurostat flags: bd), ratio DERIVED"
inactive_share,FR,FRB,Y15-74,2024,35.55,percent of population,"Eurostat lfst_r_lfsd2pwc (LFS, private households): INAC / POP","VERIFIED (Eurostat flags: bd), ratio DERIVED"
inactive_share,FR,FRC,Y15-74,2024,37.6,percent of population,"Eurostat lfst_r_lfsd2pwc (LFS, private households): INAC / POP","VERIFIED (Eurostat flags: bd), ratio DERIVED"
inactive_share,FR,FRD,Y15-74,2024,37.45,percent of population,"Eurostat lfst_r_lfsd2pwc (LFS, private households): INAC / POP","VERIFIED (Eurostat flags: bd), ratio DERIVED"
inactive_share,FR,FRE,Y15-74,2024,38.22,percent of population,"Eurostat lfst_r_lfsd2pwc (LFS, private households): INAC / POP","VERIFIED (Eurostat flags: bd), ratio DERIVED"
inactive_share,FR,FRF,Y15-74,2024,37.0,percent of population,"Eurostat lfst_r_lfsd2pwc (LFS, private households): INAC / POP","VERIFIED (Eurostat flags: bd), ratio DERIVED"
inactive_share,FR,FRG,Y15-74,2024,34.49,percent of population,"Eurostat lfst_r_lfsd2pwc (LFS, private households): INAC / POP","VERIFIED (Eurostat flags: bd), ratio DERIVED"
inactive_share,FR,FRH,Y15-74,2024,35.82,percent of population,"Eurostat lfst_r_lfsd2pwc (LFS, private households): INAC / POP","VERIFIED (Eurostat flags: bd), ratio DERIVED"
inactive_share,FR,FRI,Y15-74,2024,36.08,percent of population,"Eurostat lfst_r_lfsd2pwc (LFS, private households): INAC / POP","VERIFIED (Eurostat flags: bd), ratio DERIVED"
inactive_share,FR,FRJ,Y15-74,2024,37.86,percent of population,"Eurostat lfst_r_lfsd2pwc (LFS, private households): INAC / POP","VERIFIED (Eurostat flags: bd), ratio DERIVED"
inactive_share,FR,FRK,Y15-74,2024,33.85,percent of population,"Eurostat lfst_r_lfsd2pwc (LFS, private households): INAC / POP","VERIFIED (Eurostat flags: bd), ratio DERIVED"
inactive_share,FR,FRL,Y15-74,2024,39.31,percent of population,"Eurostat lfst_r_lfsd2pwc (LFS, private households): INAC / POP","VERIFIED (Eurostat flags: bd), ratio DERIVED"
inactive_share,FR,FRM,Y15-74,2024,41.12,percent of population,"Eurostat lfst_r_lfsd2pwc (LFS, private households): INAC / POP","VERIFIED (Eurostat flags: bdu), ratio DERIVED"
inactive_share,FR,FRY,Y15-74,2024,45.64,percent of population,"Eurostat lfst_r_lfsd2pwc (LFS, private households): INAC / POP","VERIFIED (Eurostat flags: bd), ratio DERIVED"
inactive_share,FR,FR,Y20-64,2024,19.38,percent of population,"Eurostat lfst_r_lfsd2pwc (LFS, private households): INAC / POP","VERIFIED (Eurostat flags: bd), ratio DERIVED"
inactive_share,FR,FR1,Y20-64,2024,16.58,percent of population,"Eurostat lfst_r_lfsd2pwc (LFS, private households): INAC / POP","VERIFIED (Eurostat flags: bd), ratio DERIVED"
inactive_share,FR,FRB,Y20-64,2024,17.26,percent of population,"Eurostat lfst_r_lfsd2pwc (LFS, private households): INAC / POP","VERIFIED (Eurostat flags: bd), ratio DERIVED"
inactive_share,FR,FRC,Y20-64,2024,19.11,percent of population,"Eurostat lfst_r_lfsd2pwc (LFS, private households): INAC / POP","VERIFIED (Eurostat flags: bd), ratio DERIVED"
inactive_share,FR,FRD,Y20-64,2024,19.6,percent of population,"Eurostat lfst_r_lfsd2pwc (LFS, private households): INAC / POP","VERIFIED (Eurostat flags: bd), ratio DERIVED"
inactive_share,FR,FRE,Y20-64,2024,22.93,percent of population,"Eurostat lfst_r_lfsd2pwc (LFS, private households): INAC / POP","VERIFIED (Eurostat flags: bd), ratio DERIVED"
inactive_share,FR,FRF,Y20-64,2024,20.13,percent of population,"Eurostat lfst_r_lfsd2pwc (LFS, private households): INAC / POP","VERIFIED (Eurostat flags: bd), ratio DERIVED"
inactive_share,FR,FRG,Y20-64,2024,17.69,percent of population,"Eurostat lfst_r_lfsd2pwc (LFS, private households): INAC / POP","VERIFIED (Eurostat flags: bd), ratio DERIVED"
inactive_share,FR,FRH,Y20-64,2024,17.42,percent of population,"Eurostat lfst_r_lfsd2pwc (LFS, private households): INAC / POP","VERIFIED (Eurostat flags: bd), ratio DERIVED"
inactive_share,FR,FRI,Y20-64,2024,17.76,percent of population,"Eurostat lfst_r_lfsd2pwc (LFS, private households): INAC / POP","VERIFIED (Eurostat flags: bd), ratio DERIVED"
inactive_share,FR,FRJ,Y20-64,2024,20.63,percent of population,"Eurostat lfst_r_lfsd2pwc (LFS, private households): INAC / POP","VERIFIED (Eurostat flags: bd), ratio DERIVED"
inactive_share,FR,FRK,Y20-64,2024,18.34,percent of population,"Eurostat lfst_r_lfsd2pwc (LFS, private households): INAC / POP","VERIFIED (Eurostat flags: bd), ratio DERIVED"
inactive_share,FR,FRL,Y20-64,2024,21.98,percent of population,"Eurostat lfst_r_lfsd2pwc (LFS, private households): INAC / POP","VERIFIED (Eurostat flags: bd), ratio DERIVED"
inactive_share,FR,FRM,Y20-64,2024,24.77,percent of population,"Eurostat lfst_r_lfsd2pwc (LFS, private households): INAC / POP","VERIFIED (Eurostat flags: bdu), ratio DERIVED"
inactive_share,FR,FRY,Y20-64,2024,31.77,percent of population,"Eurostat lfst_r_lfsd2pwc (LFS, private households): INAC / POP","VERIFIED (Eurostat flags: bd), ratio DERIVED"
inactive_share,FR,FR,Y_GE15,2024,43.44,percent of population,"Eurostat lfst_r_lfsd2pwc (LFS, private households): INAC / POP","VERIFIED (Eurostat flags: bd), ratio DERIVED"
inactive_share,FR,FR1,Y_GE15,2024,37.04,percent of population,"Eurostat lfst_r_lfsd2pwc (LFS, private households): INAC / POP","VERIFIED (Eurostat flags: bd), ratio DERIVED"
inactive_share,FR,FRB,Y_GE15,2024,43.84,percent of population,"Eurostat lfst_r_lfsd2pwc (LFS, private households): INAC / POP","VERIFIED (Eurostat flags: bd), ratio DERIVED"
inactive_share,FR,FRC,Y_GE15,2024,46.03,percent of population,"Eurostat lfst_r_lfsd2pwc (LFS, private households): INAC / POP","VERIFIED (Eurostat flags: bd), ratio DERIVED"
inactive_share,FR,FRD,Y_GE15,2024,45.89,percent of population,"Eurostat lfst_r_lfsd2pwc (LFS, private households): INAC / POP","VERIFIED (Eurostat flags: bd), ratio DERIVED"
inactive_share,FR,FRE,Y_GE15,2024,45.05,percent of population,"Eurostat lfst_r_lfsd2pwc (LFS, private households): INAC / POP","VERIFIED (Eurostat flags: bd), ratio DERIVED"
inactive_share,FR,FRF,Y_GE15,2024,44.71,percent of population,"Eurostat lfst_r_lfsd2pwc (LFS, private households): INAC / POP","VERIFIED (Eurostat flags: bd), ratio DERIVED"
inactive_share,FR,FRG,Y_GE15,2024,42.58,percent of population,"Eurostat lfst_r_lfsd2pwc (LFS, private households): INAC / POP","VERIFIED (Eurostat flags: bd), ratio DERIVED"
inactive_share,FR,FRH,Y_GE15,2024,43.28,percent of population,"Eurostat lfst_r_lfsd2pwc (LFS, private households): INAC / POP","VERIFIED (Eurostat flags: bd), ratio DERIVED"
inactive_share,FR,FRI,Y_GE15,2024,45.09,percent of population,"Eurostat lfst_r_lfsd2pwc (LFS, private households): INAC / POP","VERIFIED (Eurostat flags: bd), ratio DERIVED"
inactive_share,FR,FRJ,Y_GE15,2024,45.74,percent of population,"Eurostat lfst_r_lfsd2pwc (LFS, private households): INAC / POP","VERIFIED (Eurostat flags: bd), ratio DERIVED"
inactive_share,FR,FRK,Y_GE15,2024,41.55,percent of population,"Eurostat lfst_r_lfsd2pwc (LFS, private households): INAC / POP","VERIFIED (Eurostat flags: bd), ratio DERIVED"
inactive_share,FR,FRL,Y_GE15,2024,48.09,percent of population,"Eurostat lfst_r_lfsd2pwc (LFS, private households): INAC / POP","VERIFIED (Eurostat flags: bd), ratio DERIVED"
inactive_share,FR,FRM,Y_GE15,2024,48.23,percent of population,"Eurostat lfst_r_lfsd2pwc (LFS, private households): INAC / POP","VERIFIED (Eurostat flags: bdu), ratio DERIVED"
inactive_share,FR,FRY,Y_GE15,2024,50.35,percent of population,"Eurostat lfst_r_lfsd2pwc (LFS, private households): INAC / POP","VERIFIED (Eurostat flags: bd), ratio DERIVED"
inactive_share,FR,FR,Y15-64,2025,24.9,percent of population,"Eurostat lfst_r_lfsd2pwc (LFS, private households): INAC / POP","VERIFIED (Eurostat flags: d), ratio DERIVED"
inactive_share,FR,FR1,Y15-64,2025,23.41,percent of population,"Eurostat lfst_r_lfsd2pwc (LFS, private households): INAC / POP","VERIFIED (Eurostat flags: d), ratio DERIVED"
inactive_share,FR,FRB,Y15-64,2025,23.71,percent of population,"Eurostat lfst_r_lfsd2pwc (LFS, private households): INAC / POP","VERIFIED (Eurostat flags: d), ratio DERIVED"
inactive_share,FR,FRC,Y15-64,2025,26.06,percent of population,"Eurostat lfst_r_lfsd2pwc (LFS, private households): INAC / POP","VERIFIED (Eurostat flags: d), ratio DERIVED"
inactive_share,FR,FRD,Y15-64,2025,24.61,percent of population,"Eurostat lfst_r_lfsd2pwc (LFS, private households): INAC / POP","VERIFIED (Eurostat flags: d), ratio DERIVED"
inactive_share,FR,FRE,Y15-64,2025,26.82,percent of population,"Eurostat lfst_r_lfsd2pwc (LFS, private households): INAC / POP","VERIFIED (Eurostat flags: d), ratio DERIVED"
inactive_share,FR,FRF,Y15-64,2025,26.12,percent of population,"Eurostat lfst_r_lfsd2pwc (LFS, private households): INAC / POP","VERIFIED (Eurostat flags: d), ratio DERIVED"
inactive_share,FR,FRG,Y15-64,2025,22.86,percent of population,"Eurostat lfst_r_lfsd2pwc (LFS, private households): INAC / POP","VERIFIED (Eurostat flags: d), ratio DERIVED"
inactive_share,FR,FRH,Y15-64,2025,24.27,percent of population,"Eurostat lfst_r_lfsd2pwc (LFS, private households): INAC / POP","VERIFIED (Eurostat flags: d), ratio DERIVED"
inactive_share,FR,FRI,Y15-64,2025,22.72,percent of population,"Eurostat lfst_r_lfsd2pwc (LFS, private households): INAC / POP","VERIFIED (Eurostat flags: d), ratio DERIVED"
inactive_share,FR,FRJ,Y15-64,2025,25.28,percent of population,"Eurostat lfst_r_lfsd2pwc (LFS, private households): INAC / POP","VERIFIED (Eurostat flags: d), ratio DERIVED"
inactive_share,FR,FRK,Y15-64,2025,22.62,percent of population,"Eurostat lfst_r_lfsd2pwc (LFS, private households): INAC / POP","VERIFIED (Eurostat flags: d), ratio DERIVED"
inactive_share,FR,FRL,Y15-64,2025,26.56,percent of population,"Eurostat lfst_r_lfsd2pwc (LFS, private households): INAC / POP","VERIFIED (Eurostat flags: d), ratio DERIVED"
inactive_share,FR,FRM,Y15-64,2025,31.2,percent of population,"Eurostat lfst_r_lfsd2pwc (LFS, private households): INAC / POP","VERIFIED (Eurostat flags: du), ratio DERIVED"
inactive_share,FR,FRY,Y15-64,2025,39.26,percent of population,"Eurostat lfst_r_lfsd2pwc (LFS, private households): INAC / POP","VERIFIED (Eurostat flags: d), ratio DERIVED"
inactive_share,FR,FR,Y15-74,2025,35.23,percent of population,"Eurostat lfst_r_lfsd2pwc (LFS, private households): INAC / POP","VERIFIED (Eurostat flags: d), ratio DERIVED"
inactive_share,FR,FR1,Y15-74,2025,30.76,percent of population,"Eurostat lfst_r_lfsd2pwc (LFS, private households): INAC / POP","VERIFIED (Eurostat flags: d), ratio DERIVED"
inactive_share,FR,FRB,Y15-74,2025,34.89,percent of population,"Eurostat lfst_r_lfsd2pwc (LFS, private households): INAC / POP","VERIFIED (Eurostat flags: d), ratio DERIVED"
inactive_share,FR,FRC,Y15-74,2025,37.5,percent of population,"Eurostat lfst_r_lfsd2pwc (LFS, private households): INAC / POP","VERIFIED (Eurostat flags: d), ratio DERIVED"
inactive_share,FR,FRD,Y15-74,2025,36.38,percent of population,"Eurostat lfst_r_lfsd2pwc (LFS, private households): INAC / POP","VERIFIED (Eurostat flags: d), ratio DERIVED"
inactive_share,FR,FRE,Y15-74,2025,36.6,percent of population,"Eurostat lfst_r_lfsd2pwc (LFS, private households): INAC / POP","VERIFIED (Eurostat flags: d), ratio DERIVED"
inactive_share,FR,FRF,Y15-74,2025,36.74,percent of population,"Eurostat lfst_r_lfsd2pwc (LFS, private households): INAC / POP","VERIFIED (Eurostat flags: d), ratio DERIVED"
inactive_share,FR,FRG,Y15-74,2025,34.47,percent of population,"Eurostat lfst_r_lfsd2pwc (LFS, private households): INAC / POP","VERIFIED (Eurostat flags: d), ratio DERIVED"
inactive_share,FR,FRH,Y15-74,2025,36.96,percent of population,"Eurostat lfst_r_lfsd2pwc (LFS, private households): INAC / POP","VERIFIED (Eurostat flags: d), ratio DERIVED"
inactive_share,FR,FRI,Y15-74,2025,35.46,percent of population,"Eurostat lfst_r_lfsd2pwc (LFS, private households): INAC / POP","VERIFIED (Eurostat flags: d), ratio DERIVED"
inactive_share,FR,FRJ,Y15-74,2025,36.75,percent of population,"Eurostat lfst_r_lfsd2pwc (LFS, private households): INAC / POP","VERIFIED (Eurostat flags: d), ratio DERIVED"
inactive_share,FR,FRK,Y15-74,2025,32.89,percent of population,"Eurostat lfst_r_lfsd2pwc (LFS, private households): INAC / POP","VERIFIED (Eurostat flags: d), ratio DERIVED"
inactive_share,FR,FRL,Y15-74,2025,37.48,percent of population,"Eurostat lfst_r_lfsd2pwc (LFS, private households): INAC / POP","VERIFIED (Eurostat flags: d), ratio DERIVED"
inactive_share,FR,FRM,Y15-74,2025,40.73,percent of population,"Eurostat lfst_r_lfsd2pwc (LFS, private households): INAC / POP","VERIFIED (Eurostat flags: du), ratio DERIVED"
inactive_share,FR,FRY,Y15-74,2025,45.82,percent of population,"Eurostat lfst_r_lfsd2pwc (LFS, private households): INAC / POP","VERIFIED (Eurostat flags: d), ratio DERIVED"
inactive_share,FR,FR,Y20-64,2025,18.75,percent of population,"Eurostat lfst_r_lfsd2pwc (LFS, private households): INAC / POP","VERIFIED (Eurostat flags: d), ratio DERIVED"
inactive_share,FR,FR1,Y20-64,2025,16.38,percent of population,"Eurostat lfst_r_lfsd2pwc (LFS, private households): INAC / POP","VERIFIED (Eurostat flags: d), ratio DERIVED"
inactive_share,FR,FRB,Y20-64,2025,17.37,percent of population,"Eurostat lfst_r_lfsd2pwc (LFS, private households): INAC / POP","VERIFIED (Eurostat flags: d), ratio DERIVED"
inactive_share,FR,FRC,Y20-64,2025,19.73,percent of population,"Eurostat lfst_r_lfsd2pwc (LFS, private households): INAC / POP","VERIFIED (Eurostat flags: d), ratio DERIVED"
inactive_share,FR,FRD,Y20-64,2025,18.46,percent of population,"Eurostat lfst_r_lfsd2pwc (LFS, private households): INAC / POP","VERIFIED (Eurostat flags: d), ratio DERIVED"
inactive_share,FR,FRE,Y20-64,2025,21.26,percent of population,"Eurostat lfst_r_lfsd2pwc (LFS, private households): INAC / POP","VERIFIED (Eurostat flags: d), ratio DERIVED"
inactive_share,FR,FRF,Y20-64,2025,20.19,percent of population,"Eurostat lfst_r_lfsd2pwc (LFS, private households): INAC / POP","VERIFIED (Eurostat flags: d), ratio DERIVED"
inactive_share,FR,FRG,Y20-64,2025,17.34,percent of population,"Eurostat lfst_r_lfsd2pwc (LFS, private households): INAC / POP","VERIFIED (Eurostat flags: d), ratio DERIVED"
inactive_share,FR,FRH,Y20-64,2025,17.51,percent of population,"Eurostat lfst_r_lfsd2pwc (LFS, private households): INAC / POP","VERIFIED (Eurostat flags: d), ratio DERIVED"
inactive_share,FR,FRI,Y20-64,2025,17.12,percent of population,"Eurostat lfst_r_lfsd2pwc (LFS, private households): INAC / POP","VERIFIED (Eurostat flags: d), ratio DERIVED"
inactive_share,FR,FRJ,Y20-64,2025,19.41,percent of population,"Eurostat lfst_r_lfsd2pwc (LFS, private households): INAC / POP","VERIFIED (Eurostat flags: d), ratio DERIVED"
inactive_share,FR,FRK,Y20-64,2025,17.44,percent of population,"Eurostat lfst_r_lfsd2pwc (LFS, private households): INAC / POP","VERIFIED (Eurostat flags: d), ratio DERIVED"
inactive_share,FR,FRL,Y20-64,2025,20.32,percent of population,"Eurostat lfst_r_lfsd2pwc (LFS, private households): INAC / POP","VERIFIED (Eurostat flags: d), ratio DERIVED"
inactive_share,FR,FRM,Y20-64,2025,22.28,percent of population,"Eurostat lfst_r_lfsd2pwc (LFS, private households): INAC / POP","VERIFIED (Eurostat flags: du), ratio DERIVED"
inactive_share,FR,FRY,Y20-64,2025,31.84,percent of population,"Eurostat lfst_r_lfsd2pwc (LFS, private households): INAC / POP","VERIFIED (Eurostat flags: d), ratio DERIVED"
inactive_share,FR,FR,Y_GE15,2025,43.04,percent of population,"Eurostat lfst_r_lfsd2pwc (LFS, private households): INAC / POP","VERIFIED (Eurostat flags: d), ratio DERIVED"
inactive_share,FR,FR1,Y_GE15,2025,37.01,percent of population,"Eurostat lfst_r_lfsd2pwc (LFS, private households): INAC / POP","VERIFIED (Eurostat flags: d), ratio DERIVED"
inactive_share,FR,FRB,Y_GE15,2025,43.92,percent of population,"Eurostat lfst_r_lfsd2pwc (LFS, private households): INAC / POP","VERIFIED (Eurostat flags: d), ratio DERIVED"
inactive_share,FR,FRC,Y_GE15,2025,46.23,percent of population,"Eurostat lfst_r_lfsd2pwc (LFS, private households): INAC / POP","VERIFIED (Eurostat flags: d), ratio DERIVED"
inactive_share,FR,FRD,Y_GE15,2025,44.71,percent of population,"Eurostat lfst_r_lfsd2pwc (LFS, private households): INAC / POP","VERIFIED (Eurostat flags: d), ratio DERIVED"
inactive_share,FR,FRE,Y_GE15,2025,43.62,percent of population,"Eurostat lfst_r_lfsd2pwc (LFS, private households): INAC / POP","VERIFIED (Eurostat flags: d), ratio DERIVED"
inactive_share,FR,FRF,Y_GE15,2025,44.53,percent of population,"Eurostat lfst_r_lfsd2pwc (LFS, private households): INAC / POP","VERIFIED (Eurostat flags: d), ratio DERIVED"
inactive_share,FR,FRG,Y_GE15,2025,42.41,percent of population,"Eurostat lfst_r_lfsd2pwc (LFS, private households): INAC / POP","VERIFIED (Eurostat flags: d), ratio DERIVED"
inactive_share,FR,FRH,Y_GE15,2025,44.6,percent of population,"Eurostat lfst_r_lfsd2pwc (LFS, private households): INAC / POP","VERIFIED (Eurostat flags: d), ratio DERIVED"
inactive_share,FR,FRI,Y_GE15,2025,44.68,percent of population,"Eurostat lfst_r_lfsd2pwc (LFS, private households): INAC / POP","VERIFIED (Eurostat flags: d), ratio DERIVED"
inactive_share,FR,FRJ,Y_GE15,2025,45.22,percent of population,"Eurostat lfst_r_lfsd2pwc (LFS, private households): INAC / POP","VERIFIED (Eurostat flags: d), ratio DERIVED"
inactive_share,FR,FRK,Y_GE15,2025,40.94,percent of population,"Eurostat lfst_r_lfsd2pwc (LFS, private households): INAC / POP","VERIFIED (Eurostat flags: d), ratio DERIVED"
inactive_share,FR,FRL,Y_GE15,2025,46.5,percent of population,"Eurostat lfst_r_lfsd2pwc (LFS, private households): INAC / POP","VERIFIED (Eurostat flags: d), ratio DERIVED"
inactive_share,FR,FRM,Y_GE15,2025,49.09,percent of population,"Eurostat lfst_r_lfsd2pwc (LFS, private households): INAC / POP","VERIFIED (Eurostat flags: du), ratio DERIVED"
inactive_share,FR,FRY,Y_GE15,2025,50.58,percent of population,"Eurostat lfst_r_lfsd2pwc (LFS, private households): INAC / POP","VERIFIED (Eurostat flags: d), ratio DERIVED"
inactive_share,IT,IT,Y15-64,2015,35.96,percent of population,"Eurostat lfst_r_lfsd2pwc (LFS, private households): INAC / POP","VERIFIED, ratio DERIVED"
inactive_share,IT,ITC1,Y15-64,2015,28.94,percent of population,"Eurostat lfst_r_lfsd2pwc (LFS, private households): INAC / POP","VERIFIED, ratio DERIVED"
inactive_share,IT,ITC2,Y15-64,2015,27.25,percent of population,"Eurostat lfst_r_lfsd2pwc (LFS, private households): INAC / POP","VERIFIED, ratio DERIVED"
inactive_share,IT,ITC3,Y15-64,2015,31.15,percent of population,"Eurostat lfst_r_lfsd2pwc (LFS, private households): INAC / POP","VERIFIED, ratio DERIVED"
inactive_share,IT,ITC4,Y15-64,2015,29.21,percent of population,"Eurostat lfst_r_lfsd2pwc (LFS, private households): INAC / POP","VERIFIED, ratio DERIVED"
inactive_share,IT,ITF1,Y15-64,2015,37.43,percent of population,"Eurostat lfst_r_lfsd2pwc (LFS, private households): INAC / POP","VERIFIED, ratio DERIVED"
inactive_share,IT,ITF2,Y15-64,2015,42.19,percent of population,"Eurostat lfst_r_lfsd2pwc (LFS, private households): INAC / POP","VERIFIED, ratio DERIVED"
inactive_share,IT,ITF3,Y15-64,2015,50.52,percent of population,"Eurostat lfst_r_lfsd2pwc (LFS, private households): INAC / POP","VERIFIED, ratio DERIVED"
inactive_share,IT,ITF4,Y15-64,2015,45.99,percent of population,"Eurostat lfst_r_lfsd2pwc (LFS, private households): INAC / POP","VERIFIED, ratio DERIVED"
inactive_share,IT,ITF5,Y15-64,2015,42.9,percent of population,"Eurostat lfst_r_lfsd2pwc (LFS, private households): INAC / POP","VERIFIED, ratio DERIVED"
inactive_share,IT,ITF6,Y15-64,2015,49.32,percent of population,"Eurostat lfst_r_lfsd2pwc (LFS, private households): INAC / POP","VERIFIED, ratio DERIVED"
inactive_share,IT,ITG1,Y15-64,2015,48.98,percent of population,"Eurostat lfst_r_lfsd2pwc (LFS, private households): INAC / POP","VERIFIED, ratio DERIVED"
inactive_share,IT,ITG2,Y15-64,2015,39.13,percent of population,"Eurostat lfst_r_lfsd2pwc (LFS, private households): INAC / POP","VERIFIED, ratio DERIVED"
inactive_share,IT,ITH1,Y15-64,2015,25.75,percent of population,"Eurostat lfst_r_lfsd2pwc (LFS, private households): INAC / POP","VERIFIED, ratio DERIVED"
inactive_share,IT,ITH2,Y15-64,2015,28.99,percent of population,"Eurostat lfst_r_lfsd2pwc (LFS, private households): INAC / POP","VERIFIED, ratio DERIVED"
inactive_share,IT,ITH3,Y15-64,2015,31.44,percent of population,"Eurostat lfst_r_lfsd2pwc (LFS, private households): INAC / POP","VERIFIED, ratio DERIVED"
inactive_share,IT,ITH4,Y15-64,2015,30.71,percent of population,"Eurostat lfst_r_lfsd2pwc (LFS, private households): INAC / POP","VERIFIED, ratio DERIVED"
inactive_share,IT,ITH5,Y15-64,2015,27.56,percent of population,"Eurostat lfst_r_lfsd2pwc (LFS, private households): INAC / POP","VERIFIED, ratio DERIVED"
inactive_share,IT,ITI1,Y15-64,2015,28.45,percent of population,"Eurostat lfst_r_lfsd2pwc (LFS, private households): INAC / POP","VERIFIED, ratio DERIVED"
inactive_share,IT,ITI2,Y15-64,2015,29.39,percent of population,"Eurostat lfst_r_lfsd2pwc (LFS, private households): INAC / POP","VERIFIED, ratio DERIVED"
inactive_share,IT,ITI3,Y15-64,2015,30.78,percent of population,"Eurostat lfst_r_lfsd2pwc (LFS, private households): INAC / POP","VERIFIED, ratio DERIVED"
inactive_share,IT,ITI4,Y15-64,2015,32.97,percent of population,"Eurostat lfst_r_lfsd2pwc (LFS, private households): INAC / POP","VERIFIED, ratio DERIVED"
inactive_share,IT,IT,Y15-74,2015,44.14,percent of population,"Eurostat lfst_r_lfsd2pwc (LFS, private households): INAC / POP","VERIFIED, ratio DERIVED"
inactive_share,IT,ITC1,Y15-74,2015,39.0,percent of population,"Eurostat lfst_r_lfsd2pwc (LFS, private households): INAC / POP","VERIFIED, ratio DERIVED"
inactive_share,IT,ITC2,Y15-74,2015,36.97,percent of population,"Eurostat lfst_r_lfsd2pwc (LFS, private households): INAC / POP","VERIFIED, ratio DERIVED"
inactive_share,IT,ITC3,Y15-74,2015,41.83,percent of population,"Eurostat lfst_r_lfsd2pwc (LFS, private households): INAC / POP","VERIFIED, ratio DERIVED"
inactive_share,IT,ITC4,Y15-74,2015,38.37,percent of population,"Eurostat lfst_r_lfsd2pwc (LFS, private households): INAC / POP","VERIFIED, ratio DERIVED"
inactive_share,IT,ITF1,Y15-74,2015,45.21,percent of population,"Eurostat lfst_r_lfsd2pwc (LFS, private households): INAC / POP","VERIFIED, ratio DERIVED"
inactive_share,IT,ITF2,Y15-74,2015,49.53,percent of population,"Eurostat lfst_r_lfsd2pwc (LFS, private households): INAC / POP","VERIFIED, ratio DERIVED"
inactive_share,IT,ITF3,Y15-74,2015,56.02,percent of population,"Eurostat lfst_r_lfsd2pwc (LFS, private households): INAC / POP","VERIFIED, ratio DERIVED"
inactive_share,IT,ITF4,Y15-74,2015,52.96,percent of population,"Eurostat lfst_r_lfsd2pwc (LFS, private households): INAC / POP","VERIFIED, ratio DERIVED"
inactive_share,IT,ITF5,Y15-74,2015,49.68,percent of population,"Eurostat lfst_r_lfsd2pwc (LFS, private households): INAC / POP","VERIFIED, ratio DERIVED"
inactive_share,IT,ITF6,Y15-74,2015,55.33,percent of population,"Eurostat lfst_r_lfsd2pwc (LFS, private households): INAC / POP","VERIFIED, ratio DERIVED"
inactive_share,IT,ITG1,Y15-74,2015,55.2,percent of population,"Eurostat lfst_r_lfsd2pwc (LFS, private households): INAC / POP","VERIFIED, ratio DERIVED"
inactive_share,IT,ITG2,Y15-74,2015,47.01,percent of population,"Eurostat lfst_r_lfsd2pwc (LFS, private households): INAC / POP","VERIFIED, ratio DERIVED"
inactive_share,IT,ITH1,Y15-74,2015,33.98,percent of population,"Eurostat lfst_r_lfsd2pwc (LFS, private households): INAC / POP","VERIFIED, ratio DERIVED"
inactive_share,IT,ITH2,Y15-74,2015,37.66,percent of population,"Eurostat lfst_r_lfsd2pwc (LFS, private households): INAC / POP","VERIFIED, ratio DERIVED"
inactive_share,IT,ITH3,Y15-74,2015,40.3,percent of population,"Eurostat lfst_r_lfsd2pwc (LFS, private households): INAC / POP","VERIFIED, ratio DERIVED"
inactive_share,IT,ITH4,Y15-74,2015,41.24,percent of population,"Eurostat lfst_r_lfsd2pwc (LFS, private households): INAC / POP","VERIFIED, ratio DERIVED"
inactive_share,IT,ITH5,Y15-74,2015,36.9,percent of population,"Eurostat lfst_r_lfsd2pwc (LFS, private households): INAC / POP","VERIFIED, ratio DERIVED"
inactive_share,IT,ITI1,Y15-74,2015,38.46,percent of population,"Eurostat lfst_r_lfsd2pwc (LFS, private households): INAC / POP","VERIFIED, ratio DERIVED"
inactive_share,IT,ITI2,Y15-74,2015,39.13,percent of population,"Eurostat lfst_r_lfsd2pwc (LFS, private households): INAC / POP","VERIFIED, ratio DERIVED"
inactive_share,IT,ITI3,Y15-74,2015,39.53,percent of population,"Eurostat lfst_r_lfsd2pwc (LFS, private households): INAC / POP","VERIFIED, ratio DERIVED"
inactive_share,IT,ITI4,Y15-74,2015,41.13,percent of population,"Eurostat lfst_r_lfsd2pwc (LFS, private households): INAC / POP","VERIFIED, ratio DERIVED"
inactive_share,IT,IT,Y20-64,2015,31.44,percent of population,"Eurostat lfst_r_lfsd2pwc (LFS, private households): INAC / POP","VERIFIED, ratio DERIVED"
inactive_share,IT,ITC1,Y20-64,2015,24.38,percent of population,"Eurostat lfst_r_lfsd2pwc (LFS, private households): INAC / POP","VERIFIED, ratio DERIVED"
inactive_share,IT,ITC2,Y20-64,2015,22.41,percent of population,"Eurostat lfst_r_lfsd2pwc (LFS, private households): INAC / POP","VERIFIED, ratio DERIVED"
inactive_share,IT,ITC3,Y20-64,2015,26.6,percent of population,"Eurostat lfst_r_lfsd2pwc (LFS, private households): INAC / POP","VERIFIED, ratio DERIVED"
inactive_share,IT,ITC4,Y20-64,2015,24.36,percent of population,"Eurostat lfst_r_lfsd2pwc (LFS, private households): INAC / POP","VERIFIED, ratio DERIVED"
inactive_share,IT,ITF1,Y20-64,2015,33.11,percent of population,"Eurostat lfst_r_lfsd2pwc (LFS, private households): INAC / POP","VERIFIED, ratio DERIVED"
inactive_share,IT,ITF2,Y20-64,2015,38.15,percent of population,"Eurostat lfst_r_lfsd2pwc (LFS, private households): INAC / POP","VERIFIED, ratio DERIVED"
inactive_share,IT,ITF3,Y20-64,2015,46.57,percent of population,"Eurostat lfst_r_lfsd2pwc (LFS, private households): INAC / POP","VERIFIED, ratio DERIVED"
inactive_share,IT,ITF4,Y20-64,2015,41.91,percent of population,"Eurostat lfst_r_lfsd2pwc (LFS, private households): INAC / POP","VERIFIED, ratio DERIVED"
inactive_share,IT,ITF5,Y20-64,2015,38.63,percent of population,"Eurostat lfst_r_lfsd2pwc (LFS, private households): INAC / POP","VERIFIED, ratio DERIVED"
inactive_share,IT,ITF6,Y20-64,2015,45.52,percent of population,"Eurostat lfst_r_lfsd2pwc (LFS, private households): INAC / POP","VERIFIED, ratio DERIVED"
inactive_share,IT,ITG1,Y20-64,2015,45.13,percent of population,"Eurostat lfst_r_lfsd2pwc (LFS, private households): INAC / POP","VERIFIED, ratio DERIVED"
inactive_share,IT,ITG2,Y20-64,2015,35.23,percent of population,"Eurostat lfst_r_lfsd2pwc (LFS, private households): INAC / POP","VERIFIED, ratio DERIVED"
inactive_share,IT,ITH1,Y20-64,2015,20.31,percent of population,"Eurostat lfst_r_lfsd2pwc (LFS, private households): INAC / POP","VERIFIED, ratio DERIVED"
inactive_share,IT,ITH2,Y20-64,2015,23.46,percent of population,"Eurostat lfst_r_lfsd2pwc (LFS, private households): INAC / POP","VERIFIED, ratio DERIVED"
inactive_share,IT,ITH3,Y20-64,2015,26.54,percent of population,"Eurostat lfst_r_lfsd2pwc (LFS, private households): INAC / POP","VERIFIED, ratio DERIVED"
inactive_share,IT,ITH4,Y20-64,2015,26.11,percent of population,"Eurostat lfst_r_lfsd2pwc (LFS, private households): INAC / POP","VERIFIED, ratio DERIVED"
inactive_share,IT,ITH5,Y20-64,2015,22.88,percent of population,"Eurostat lfst_r_lfsd2pwc (LFS, private households): INAC / POP","VERIFIED, ratio DERIVED"
inactive_share,IT,ITI1,Y20-64,2015,23.76,percent of population,"Eurostat lfst_r_lfsd2pwc (LFS, private households): INAC / POP","VERIFIED, ratio DERIVED"
inactive_share,IT,ITI2,Y20-64,2015,24.66,percent of population,"Eurostat lfst_r_lfsd2pwc (LFS, private households): INAC / POP","VERIFIED, ratio DERIVED"
inactive_share,IT,ITI3,Y20-64,2015,26.05,percent of population,"Eurostat lfst_r_lfsd2pwc (LFS, private households): INAC / POP","VERIFIED, ratio DERIVED"
inactive_share,IT,ITI4,Y20-64,2015,28.42,percent of population,"Eurostat lfst_r_lfsd2pwc (LFS, private households): INAC / POP","VERIFIED, ratio DERIVED"
inactive_share,IT,IT,Y_GE15,2015,51.03,percent of population,"Eurostat lfst_r_lfsd2pwc (LFS, private households): INAC / POP","VERIFIED, ratio DERIVED"
inactive_share,IT,ITC1,Y_GE15,2015,47.5,percent of population,"Eurostat lfst_r_lfsd2pwc (LFS, private households): INAC / POP","VERIFIED, ratio DERIVED"
inactive_share,IT,ITC2,Y_GE15,2015,44.97,percent of population,"Eurostat lfst_r_lfsd2pwc (LFS, private households): INAC / POP","VERIFIED, ratio DERIVED"
inactive_share,IT,ITC3,Y_GE15,2015,51.46,percent of population,"Eurostat lfst_r_lfsd2pwc (LFS, private households): INAC / POP","VERIFIED, ratio DERIVED"
inactive_share,IT,ITC4,Y_GE15,2015,45.84,percent of population,"Eurostat lfst_r_lfsd2pwc (LFS, private households): INAC / POP","VERIFIED, ratio DERIVED"
inactive_share,IT,ITF1,Y_GE15,2015,52.58,percent of population,"Eurostat lfst_r_lfsd2pwc (LFS, private households): INAC / POP","VERIFIED, ratio DERIVED"
inactive_share,IT,ITF2,Y_GE15,2015,56.64,percent of population,"Eurostat lfst_r_lfsd2pwc (LFS, private households): INAC / POP","VERIFIED, ratio DERIVED"
inactive_share,IT,ITF3,Y_GE15,2015,60.26,percent of population,"Eurostat lfst_r_lfsd2pwc (LFS, private households): INAC / POP","VERIFIED, ratio DERIVED"
inactive_share,IT,ITF4,Y_GE15,2015,58.37,percent of population,"Eurostat lfst_r_lfsd2pwc (LFS, private households): INAC / POP","VERIFIED, ratio DERIVED"
inactive_share,IT,ITF5,Y_GE15,2015,56.34,percent of population,"Eurostat lfst_r_lfsd2pwc (LFS, private households): INAC / POP","VERIFIED, ratio DERIVED"
inactive_share,IT,ITF6,Y_GE15,2015,60.63,percent of population,"Eurostat lfst_r_lfsd2pwc (LFS, private households): INAC / POP","VERIFIED, ratio DERIVED"
inactive_share,IT,ITG1,Y_GE15,2015,60.3,percent of population,"Eurostat lfst_r_lfsd2pwc (LFS, private households): INAC / POP","VERIFIED, ratio DERIVED"
inactive_share,IT,ITG2,Y_GE15,2015,53.07,percent of population,"Eurostat lfst_r_lfsd2pwc (LFS, private households): INAC / POP","VERIFIED, ratio DERIVED"
inactive_share,IT,ITH1,Y_GE15,2015,40.86,percent of population,"Eurostat lfst_r_lfsd2pwc (LFS, private households): INAC / POP","VERIFIED, ratio DERIVED"
inactive_share,IT,ITH2,Y_GE15,2015,44.68,percent of population,"Eurostat lfst_r_lfsd2pwc (LFS, private households): INAC / POP","VERIFIED, ratio DERIVED"
inactive_share,IT,ITH3,Y_GE15,2015,47.42,percent of population,"Eurostat lfst_r_lfsd2pwc (LFS, private households): INAC / POP","VERIFIED, ratio DERIVED"
inactive_share,IT,ITH4,Y_GE15,2015,49.28,percent of population,"Eurostat lfst_r_lfsd2pwc (LFS, private households): INAC / POP","VERIFIED, ratio DERIVED"
inactive_share,IT,ITH5,Y_GE15,2015,45.57,percent of population,"Eurostat lfst_r_lfsd2pwc (LFS, private households): INAC / POP","VERIFIED, ratio DERIVED"
inactive_share,IT,ITI1,Y_GE15,2015,47.23,percent of population,"Eurostat lfst_r_lfsd2pwc (LFS, private households): INAC / POP","VERIFIED, ratio DERIVED"
inactive_share,IT,ITI2,Y_GE15,2015,48.06,percent of population,"Eurostat lfst_r_lfsd2pwc (LFS, private households): INAC / POP","VERIFIED, ratio DERIVED"
inactive_share,IT,ITI3,Y_GE15,2015,48.11,percent of population,"Eurostat lfst_r_lfsd2pwc (LFS, private households): INAC / POP","VERIFIED, ratio DERIVED"
inactive_share,IT,ITI4,Y_GE15,2015,48.01,percent of population,"Eurostat lfst_r_lfsd2pwc (LFS, private households): INAC / POP","VERIFIED, ratio DERIVED"
inactive_share,IT,IT,Y15-64,2019,34.25,percent of population,"Eurostat lfst_r_lfsd2pwc (LFS, private households): INAC / POP","VERIFIED, ratio DERIVED"
inactive_share,IT,ITC1,Y15-64,2019,28.38,percent of population,"Eurostat lfst_r_lfsd2pwc (LFS, private households): INAC / POP","VERIFIED, ratio DERIVED"
inactive_share,IT,ITC2,Y15-64,2019,26.84,percent of population,"Eurostat lfst_r_lfsd2pwc (LFS, private households): INAC / POP","VERIFIED, ratio DERIVED"
inactive_share,IT,ITC3,Y15-64,2019,29.85,percent of population,"Eurostat lfst_r_lfsd2pwc (LFS, private households): INAC / POP","VERIFIED, ratio DERIVED"
inactive_share,IT,ITC4,Y15-64,2019,27.5,percent of population,"Eurostat lfst_r_lfsd2pwc (LFS, private households): INAC / POP","VERIFIED, ratio DERIVED"
inactive_share,IT,ITF1,Y15-64,2019,34.27,percent of population,"Eurostat lfst_r_lfsd2pwc (LFS, private households): INAC / POP","VERIFIED, ratio DERIVED"
inactive_share,IT,ITF2,Y15-64,2019,37.54,percent of population,"Eurostat lfst_r_lfsd2pwc (LFS, private households): INAC / POP","VERIFIED, ratio DERIVED"
inactive_share,IT,ITF3,Y15-64,2019,47.88,percent of population,"Eurostat lfst_r_lfsd2pwc (LFS, private households): INAC / POP","VERIFIED, ratio DERIVED"
inactive_share,IT,ITF4,Y15-64,2019,45.39,percent of population,"Eurostat lfst_r_lfsd2pwc (LFS, private households): INAC / POP","VERIFIED, ratio DERIVED"
inactive_share,IT,ITF5,Y15-64,2019,42.89,percent of population,"Eurostat lfst_r_lfsd2pwc (LFS, private households): INAC / POP","VERIFIED, ratio DERIVED"
inactive_share,IT,ITF6,Y15-64,2019,46.6,percent of population,"Eurostat lfst_r_lfsd2pwc (LFS, private households): INAC / POP","VERIFIED, ratio DERIVED"
inactive_share,IT,ITG1,Y15-64,2019,48.22,percent of population,"Eurostat lfst_r_lfsd2pwc (LFS, private households): INAC / POP","VERIFIED, ratio DERIVED"
inactive_share,IT,ITG2,Y15-64,2019,36.56,percent of population,"Eurostat lfst_r_lfsd2pwc (LFS, private households): INAC / POP","VERIFIED, ratio DERIVED"
inactive_share,IT,ITH1,Y15-64,2019,23.68,percent of population,"Eurostat lfst_r_lfsd2pwc (LFS, private households): INAC / POP","VERIFIED, ratio DERIVED"
inactive_share,IT,ITH2,Y15-64,2019,27.84,percent of population,"Eurostat lfst_r_lfsd2pwc (LFS, private households): INAC / POP","VERIFIED, ratio DERIVED"
inactive_share,IT,ITH3,Y15-64,2019,28.33,percent of population,"Eurostat lfst_r_lfsd2pwc (LFS, private households): INAC / POP","VERIFIED, ratio DERIVED"
inactive_share,IT,ITH4,Y15-64,2019,29.0,percent of population,"Eurostat lfst_r_lfsd2pwc (LFS, private households): INAC / POP","VERIFIED, ratio DERIVED"
inactive_share,IT,ITH5,Y15-64,2019,25.39,percent of population,"Eurostat lfst_r_lfsd2pwc (LFS, private households): INAC / POP","VERIFIED, ratio DERIVED"
inactive_share,IT,ITI1,Y15-64,2019,28.16,percent of population,"Eurostat lfst_r_lfsd2pwc (LFS, private households): INAC / POP","VERIFIED, ratio DERIVED"
inactive_share,IT,ITI2,Y15-64,2019,29.31,percent of population,"Eurostat lfst_r_lfsd2pwc (LFS, private households): INAC / POP","VERIFIED, ratio DERIVED"
inactive_share,IT,ITI3,Y15-64,2019,28.74,percent of population,"Eurostat lfst_r_lfsd2pwc (LFS, private households): INAC / POP","VERIFIED, ratio DERIVED"
inactive_share,IT,ITI4,Y15-64,2019,31.95,percent of population,"Eurostat lfst_r_lfsd2pwc (LFS, private households): INAC / POP","VERIFIED, ratio DERIVED"
inactive_share,IT,IT,Y15-74,2019,42.71,percent of population,"Eurostat lfst_r_lfsd2pwc (LFS, private households): INAC / POP","VERIFIED, ratio DERIVED"
inactive_share,IT,ITC1,Y15-74,2019,38.57,percent of population,"Eurostat lfst_r_lfsd2pwc (LFS, private households): INAC / POP","VERIFIED, ratio DERIVED"
inactive_share,IT,ITC2,Y15-74,2019,36.63,percent of population,"Eurostat lfst_r_lfsd2pwc (LFS, private households): INAC / POP","VERIFIED, ratio DERIVED"
inactive_share,IT,ITC3,Y15-74,2019,40.23,percent of population,"Eurostat lfst_r_lfsd2pwc (LFS, private households): INAC / POP","VERIFIED, ratio DERIVED"
inactive_share,IT,ITC4,Y15-74,2019,36.85,percent of population,"Eurostat lfst_r_lfsd2pwc (LFS, private households): INAC / POP","VERIFIED, ratio DERIVED"
inactive_share,IT,ITF1,Y15-74,2019,43.05,percent of population,"Eurostat lfst_r_lfsd2pwc (LFS, private households): INAC / POP","VERIFIED, ratio DERIVED"
inactive_share,IT,ITF2,Y15-74,2019,45.85,percent of population,"Eurostat lfst_r_lfsd2pwc (LFS, private households): INAC / POP","VERIFIED, ratio DERIVED"
inactive_share,IT,ITF3,Y15-74,2019,53.64,percent of population,"Eurostat lfst_r_lfsd2pwc (LFS, private households): INAC / POP","VERIFIED, ratio DERIVED"
inactive_share,IT,ITF4,Y15-74,2019,52.65,percent of population,"Eurostat lfst_r_lfsd2pwc (LFS, private households): INAC / POP","VERIFIED, ratio DERIVED"
inactive_share,IT,ITF5,Y15-74,2019,50.25,percent of population,"Eurostat lfst_r_lfsd2pwc (LFS, private households): INAC / POP","VERIFIED, ratio DERIVED"
inactive_share,IT,ITF6,Y15-74,2019,52.92,percent of population,"Eurostat lfst_r_lfsd2pwc (LFS, private households): INAC / POP","VERIFIED, ratio DERIVED"
inactive_share,IT,ITG1,Y15-74,2019,54.73,percent of population,"Eurostat lfst_r_lfsd2pwc (LFS, private households): INAC / POP","VERIFIED, ratio DERIVED"
inactive_share,IT,ITG2,Y15-74,2019,45.08,percent of population,"Eurostat lfst_r_lfsd2pwc (LFS, private households): INAC / POP","VERIFIED, ratio DERIVED"
inactive_share,IT,ITH1,Y15-74,2019,31.62,percent of population,"Eurostat lfst_r_lfsd2pwc (LFS, private households): INAC / POP","VERIFIED, ratio DERIVED"
inactive_share,IT,ITH2,Y15-74,2019,37.17,percent of population,"Eurostat lfst_r_lfsd2pwc (LFS, private households): INAC / POP","VERIFIED, ratio DERIVED"
inactive_share,IT,ITH3,Y15-74,2019,37.55,percent of population,"Eurostat lfst_r_lfsd2pwc (LFS, private households): INAC / POP","VERIFIED, ratio DERIVED"
inactive_share,IT,ITH4,Y15-74,2019,39.51,percent of population,"Eurostat lfst_r_lfsd2pwc (LFS, private households): INAC / POP","VERIFIED, ratio DERIVED"
inactive_share,IT,ITH5,Y15-74,2019,34.99,percent of population,"Eurostat lfst_r_lfsd2pwc (LFS, private households): INAC / POP","VERIFIED, ratio DERIVED"
inactive_share,IT,ITI1,Y15-74,2019,38.02,percent of population,"Eurostat lfst_r_lfsd2pwc (LFS, private households): INAC / POP","VERIFIED, ratio DERIVED"
inactive_share,IT,ITI2,Y15-74,2019,39.01,percent of population,"Eurostat lfst_r_lfsd2pwc (LFS, private households): INAC / POP","VERIFIED, ratio DERIVED"
inactive_share,IT,ITI3,Y15-74,2019,38.27,percent of population,"Eurostat lfst_r_lfsd2pwc (LFS, private households): INAC / POP","VERIFIED, ratio DERIVED"
inactive_share,IT,ITI4,Y15-74,2019,40.24,percent of population,"Eurostat lfst_r_lfsd2pwc (LFS, private households): INAC / POP","VERIFIED, ratio DERIVED"
inactive_share,IT,IT,Y20-64,2019,29.49,percent of population,"Eurostat lfst_r_lfsd2pwc (LFS, private households): INAC / POP","VERIFIED, ratio DERIVED"
inactive_share,IT,ITC1,Y20-64,2019,23.42,percent of population,"Eurostat lfst_r_lfsd2pwc (LFS, private households): INAC / POP","VERIFIED, ratio DERIVED"
inactive_share,IT,ITC2,Y20-64,2019,21.6,percent of population,"Eurostat lfst_r_lfsd2pwc (LFS, private households): INAC / POP","VERIFIED, ratio DERIVED"
inactive_share,IT,ITC3,Y20-64,2019,25.18,percent of population,"Eurostat lfst_r_lfsd2pwc (LFS, private households): INAC / POP","VERIFIED, ratio DERIVED"
inactive_share,IT,ITC4,Y20-64,2019,22.38,percent of population,"Eurostat lfst_r_lfsd2pwc (LFS, private households): INAC / POP","VERIFIED, ratio DERIVED"
inactive_share,IT,ITF1,Y20-64,2019,29.56,percent of population,"Eurostat lfst_r_lfsd2pwc (LFS, private households): INAC / POP","VERIFIED, ratio DERIVED"
inactive_share,IT,ITF2,Y20-64,2019,33.05,percent of population,"Eurostat lfst_r_lfsd2pwc (LFS, private households): INAC / POP","VERIFIED, ratio DERIVED"
inactive_share,IT,ITF3,Y20-64,2019,43.65,percent of population,"Eurostat lfst_r_lfsd2pwc (LFS, private households): INAC / POP","VERIFIED, ratio DERIVED"
inactive_share,IT,ITF4,Y20-64,2019,41.15,percent of population,"Eurostat lfst_r_lfsd2pwc (LFS, private households): INAC / POP","VERIFIED, ratio DERIVED"
inactive_share,IT,ITF5,Y20-64,2019,38.52,percent of population,"Eurostat lfst_r_lfsd2pwc (LFS, private households): INAC / POP","VERIFIED, ratio DERIVED"
inactive_share,IT,ITF6,Y20-64,2019,42.71,percent of population,"Eurostat lfst_r_lfsd2pwc (LFS, private households): INAC / POP","VERIFIED, ratio DERIVED"
inactive_share,IT,ITG1,Y20-64,2019,44.23,percent of population,"Eurostat lfst_r_lfsd2pwc (LFS, private households): INAC / POP","VERIFIED, ratio DERIVED"
inactive_share,IT,ITG2,Y20-64,2019,32.62,percent of population,"Eurostat lfst_r_lfsd2pwc (LFS, private households): INAC / POP","VERIFIED, ratio DERIVED"
inactive_share,IT,ITH1,Y20-64,2019,18.57,percent of population,"Eurostat lfst_r_lfsd2pwc (LFS, private households): INAC / POP","VERIFIED, ratio DERIVED"
inactive_share,IT,ITH2,Y20-64,2019,22.22,percent of population,"Eurostat lfst_r_lfsd2pwc (LFS, private households): INAC / POP","VERIFIED, ratio DERIVED"
inactive_share,IT,ITH3,Y20-64,2019,23.15,percent of population,"Eurostat lfst_r_lfsd2pwc (LFS, private households): INAC / POP","VERIFIED, ratio DERIVED"
inactive_share,IT,ITH4,Y20-64,2019,24.08,percent of population,"Eurostat lfst_r_lfsd2pwc (LFS, private households): INAC / POP","VERIFIED, ratio DERIVED"
inactive_share,IT,ITH5,Y20-64,2019,20.26,percent of population,"Eurostat lfst_r_lfsd2pwc (LFS, private households): INAC / POP","VERIFIED, ratio DERIVED"
inactive_share,IT,ITI1,Y20-64,2019,23.21,percent of population,"Eurostat lfst_r_lfsd2pwc (LFS, private households): INAC / POP","VERIFIED, ratio DERIVED"
inactive_share,IT,ITI2,Y20-64,2019,24.33,percent of population,"Eurostat lfst_r_lfsd2pwc (LFS, private households): INAC / POP","VERIFIED, ratio DERIVED"
inactive_share,IT,ITI3,Y20-64,2019,23.59,percent of population,"Eurostat lfst_r_lfsd2pwc (LFS, private households): INAC / POP","VERIFIED, ratio DERIVED"
inactive_share,IT,ITI4,Y20-64,2019,27.13,percent of population,"Eurostat lfst_r_lfsd2pwc (LFS, private households): INAC / POP","VERIFIED, ratio DERIVED"
inactive_share,IT,IT,Y_GE15,2019,50.18,percent of population,"Eurostat lfst_r_lfsd2pwc (LFS, private households): INAC / POP","VERIFIED, ratio DERIVED"
inactive_share,IT,ITC1,Y_GE15,2019,47.64,percent of population,"Eurostat lfst_r_lfsd2pwc (LFS, private households): INAC / POP","VERIFIED, ratio DERIVED"
inactive_share,IT,ITC2,Y_GE15,2019,45.33,percent of population,"Eurostat lfst_r_lfsd2pwc (LFS, private households): INAC / POP","VERIFIED, ratio DERIVED"
inactive_share,IT,ITC3,Y_GE15,2019,50.53,percent of population,"Eurostat lfst_r_lfsd2pwc (LFS, private households): INAC / POP","VERIFIED, ratio DERIVED"
inactive_share,IT,ITC4,Y_GE15,2019,45.03,percent of population,"Eurostat lfst_r_lfsd2pwc (LFS, private households): INAC / POP","VERIFIED, ratio DERIVED"
inactive_share,IT,ITF1,Y_GE15,2019,50.96,percent of population,"Eurostat lfst_r_lfsd2pwc (LFS, private households): INAC / POP","VERIFIED, ratio DERIVED"
inactive_share,IT,ITF2,Y_GE15,2019,53.62,percent of population,"Eurostat lfst_r_lfsd2pwc (LFS, private households): INAC / POP","VERIFIED, ratio DERIVED"
inactive_share,IT,ITF3,Y_GE15,2019,58.31,percent of population,"Eurostat lfst_r_lfsd2pwc (LFS, private households): INAC / POP","VERIFIED, ratio DERIVED"
inactive_share,IT,ITF4,Y_GE15,2019,58.44,percent of population,"Eurostat lfst_r_lfsd2pwc (LFS, private households): INAC / POP","VERIFIED, ratio DERIVED"
inactive_share,IT,ITF5,Y_GE15,2019,56.84,percent of population,"Eurostat lfst_r_lfsd2pwc (LFS, private households): INAC / POP","VERIFIED, ratio DERIVED"
inactive_share,IT,ITF6,Y_GE15,2019,58.63,percent of population,"Eurostat lfst_r_lfsd2pwc (LFS, private households): INAC / POP","VERIFIED, ratio DERIVED"
inactive_share,IT,ITG1,Y_GE15,2019,60.08,percent of population,"Eurostat lfst_r_lfsd2pwc (LFS, private households): INAC / POP","VERIFIED, ratio DERIVED"
inactive_share,IT,ITG2,Y_GE15,2019,52.16,percent of population,"Eurostat lfst_r_lfsd2pwc (LFS, private households): INAC / POP","VERIFIED, ratio DERIVED"
inactive_share,IT,ITH1,Y_GE15,2019,39.53,percent of population,"Eurostat lfst_r_lfsd2pwc (LFS, private households): INAC / POP","VERIFIED, ratio DERIVED"
inactive_share,IT,ITH2,Y_GE15,2019,44.91,percent of population,"Eurostat lfst_r_lfsd2pwc (LFS, private households): INAC / POP","VERIFIED, ratio DERIVED"
inactive_share,IT,ITH3,Y_GE15,2019,45.61,percent of population,"Eurostat lfst_r_lfsd2pwc (LFS, private households): INAC / POP","VERIFIED, ratio DERIVED"
inactive_share,IT,ITH4,Y_GE15,2019,48.61,percent of population,"Eurostat lfst_r_lfsd2pwc (LFS, private households): INAC / POP","VERIFIED, ratio DERIVED"
inactive_share,IT,ITH5,Y_GE15,2019,44.16,percent of population,"Eurostat lfst_r_lfsd2pwc (LFS, private households): INAC / POP","VERIFIED, ratio DERIVED"
inactive_share,IT,ITI1,Y_GE15,2019,47.19,percent of population,"Eurostat lfst_r_lfsd2pwc (LFS, private households): INAC / POP","VERIFIED, ratio DERIVED"
inactive_share,IT,ITI2,Y_GE15,2019,48.37,percent of population,"Eurostat lfst_r_lfsd2pwc (LFS, private households): INAC / POP","VERIFIED, ratio DERIVED"
inactive_share,IT,ITI3,Y_GE15,2019,47.48,percent of population,"Eurostat lfst_r_lfsd2pwc (LFS, private households): INAC / POP","VERIFIED, ratio DERIVED"
inactive_share,IT,ITI4,Y_GE15,2019,47.74,percent of population,"Eurostat lfst_r_lfsd2pwc (LFS, private households): INAC / POP","VERIFIED, ratio DERIVED"
inactive_share,IT,IT,Y15-64,2024,33.39,percent of population,"Eurostat lfst_r_lfsd2pwc (LFS, private households): INAC / POP","VERIFIED, ratio DERIVED"
inactive_share,IT,ITC1,Y15-64,2024,26.99,percent of population,"Eurostat lfst_r_lfsd2pwc (LFS, private households): INAC / POP","VERIFIED, ratio DERIVED"
inactive_share,IT,ITC2,Y15-64,2024,24.84,percent of population,"Eurostat lfst_r_lfsd2pwc (LFS, private households): INAC / POP","VERIFIED, ratio DERIVED"
inactive_share,IT,ITC3,Y15-64,2024,28.76,percent of population,"Eurostat lfst_r_lfsd2pwc (LFS, private households): INAC / POP","VERIFIED, ratio DERIVED"
inactive_share,IT,ITC4,Y15-64,2024,27.93,percent of population,"Eurostat lfst_r_lfsd2pwc (LFS, private households): INAC / POP","VERIFIED, ratio DERIVED"
inactive_share,IT,ITF1,Y15-64,2024,33.09,percent of population,"Eurostat lfst_r_lfsd2pwc (LFS, private households): INAC / POP","VERIFIED, ratio DERIVED"
inactive_share,IT,ITF2,Y15-64,2024,37.08,percent of population,"Eurostat lfst_r_lfsd2pwc (LFS, private households): INAC / POP","VERIFIED, ratio DERIVED"
inactive_share,IT,ITF3,Y15-64,2024,45.99,percent of population,"Eurostat lfst_r_lfsd2pwc (LFS, private households): INAC / POP","VERIFIED, ratio DERIVED"
inactive_share,IT,ITF4,Y15-64,2024,43.5,percent of population,"Eurostat lfst_r_lfsd2pwc (LFS, private households): INAC / POP","VERIFIED, ratio DERIVED"
inactive_share,IT,ITF5,Y15-64,2024,39.88,percent of population,"Eurostat lfst_r_lfsd2pwc (LFS, private households): INAC / POP","VERIFIED, ratio DERIVED"
inactive_share,IT,ITF6,Y15-64,2024,48.26,percent of population,"Eurostat lfst_r_lfsd2pwc (LFS, private households): INAC / POP","VERIFIED, ratio DERIVED"
inactive_share,IT,ITG1,Y15-64,2024,46.01,percent of population,"Eurostat lfst_r_lfsd2pwc (LFS, private households): INAC / POP","VERIFIED, ratio DERIVED"
inactive_share,IT,ITG2,Y15-64,2024,36.93,percent of population,"Eurostat lfst_r_lfsd2pwc (LFS, private households): INAC / POP","VERIFIED, ratio DERIVED"
inactive_share,IT,ITH1,Y15-64,2024,24.34,percent of population,"Eurostat lfst_r_lfsd2pwc (LFS, private households): INAC / POP","VERIFIED, ratio DERIVED"
inactive_share,IT,ITH2,Y15-64,2024,26.75,percent of population,"Eurostat lfst_r_lfsd2pwc (LFS, private households): INAC / POP","VERIFIED, ratio DERIVED"
inactive_share,IT,ITH3,Y15-64,2024,27.62,percent of population,"Eurostat lfst_r_lfsd2pwc (LFS, private households): INAC / POP","VERIFIED, ratio DERIVED"
inactive_share,IT,ITH4,Y15-64,2024,26.99,percent of population,"Eurostat lfst_r_lfsd2pwc (LFS, private households): INAC / POP","VERIFIED, ratio DERIVED"
inactive_share,IT,ITH5,Y15-64,2024,26.43,percent of population,"Eurostat lfst_r_lfsd2pwc (LFS, private households): INAC / POP","VERIFIED, ratio DERIVED"
inactive_share,IT,ITI1,Y15-64,2024,26.12,percent of population,"Eurostat lfst_r_lfsd2pwc (LFS, private households): INAC / POP","VERIFIED, ratio DERIVED"
inactive_share,IT,ITI2,Y15-64,2024,28.46,percent of population,"Eurostat lfst_r_lfsd2pwc (LFS, private households): INAC / POP","VERIFIED, ratio DERIVED"
inactive_share,IT,ITI3,Y15-64,2024,29.09,percent of population,"Eurostat lfst_r_lfsd2pwc (LFS, private households): INAC / POP","VERIFIED, ratio DERIVED"
inactive_share,IT,ITI4,Y15-64,2024,31.62,percent of population,"Eurostat lfst_r_lfsd2pwc (LFS, private households): INAC / POP","VERIFIED, ratio DERIVED"
inactive_share,IT,IT,Y15-74,2024,42.12,percent of population,"Eurostat lfst_r_lfsd2pwc (LFS, private households): INAC / POP","VERIFIED, ratio DERIVED"
inactive_share,IT,ITC1,Y15-74,2024,37.68,percent of population,"Eurostat lfst_r_lfsd2pwc (LFS, private households): INAC / POP","VERIFIED, ratio DERIVED"
inactive_share,IT,ITC2,Y15-74,2024,35.4,percent of population,"Eurostat lfst_r_lfsd2pwc (LFS, private households): INAC / POP","VERIFIED, ratio DERIVED"
inactive_share,IT,ITC3,Y15-74,2024,39.14,percent of population,"Eurostat lfst_r_lfsd2pwc (LFS, private households): INAC / POP","VERIFIED, ratio DERIVED"
inactive_share,IT,ITC4,Y15-74,2024,37.09,percent of population,"Eurostat lfst_r_lfsd2pwc (LFS, private households): INAC / POP","VERIFIED, ratio DERIVED"
inactive_share,IT,ITF1,Y15-74,2024,42.77,percent of population,"Eurostat lfst_r_lfsd2pwc (LFS, private households): INAC / POP","VERIFIED, ratio DERIVED"
inactive_share,IT,ITF2,Y15-74,2024,46.45,percent of population,"Eurostat lfst_r_lfsd2pwc (LFS, private households): INAC / POP","VERIFIED, ratio DERIVED"
inactive_share,IT,ITF3,Y15-74,2024,52.31,percent of population,"Eurostat lfst_r_lfsd2pwc (LFS, private households): INAC / POP","VERIFIED, ratio DERIVED"
inactive_share,IT,ITF4,Y15-74,2024,51.22,percent of population,"Eurostat lfst_r_lfsd2pwc (LFS, private households): INAC / POP","VERIFIED, ratio DERIVED"
inactive_share,IT,ITF5,Y15-74,2024,48.24,percent of population,"Eurostat lfst_r_lfsd2pwc (LFS, private households): INAC / POP","VERIFIED, ratio DERIVED"
inactive_share,IT,ITF6,Y15-74,2024,55.2,percent of population,"Eurostat lfst_r_lfsd2pwc (LFS, private households): INAC / POP","VERIFIED, ratio DERIVED"
inactive_share,IT,ITG1,Y15-74,2024,53.14,percent of population,"Eurostat lfst_r_lfsd2pwc (LFS, private households): INAC / POP","VERIFIED, ratio DERIVED"
inactive_share,IT,ITG2,Y15-74,2024,46.36,percent of population,"Eurostat lfst_r_lfsd2pwc (LFS, private households): INAC / POP","VERIFIED, ratio DERIVED"
inactive_share,IT,ITH1,Y15-74,2024,32.52,percent of population,"Eurostat lfst_r_lfsd2pwc (LFS, private households): INAC / POP","VERIFIED, ratio DERIVED"
inactive_share,IT,ITH2,Y15-74,2024,36.45,percent of population,"Eurostat lfst_r_lfsd2pwc (LFS, private households): INAC / POP","VERIFIED, ratio DERIVED"
inactive_share,IT,ITH3,Y15-74,2024,36.89,percent of population,"Eurostat lfst_r_lfsd2pwc (LFS, private households): INAC / POP","VERIFIED, ratio DERIVED"
inactive_share,IT,ITH4,Y15-74,2024,37.48,percent of population,"Eurostat lfst_r_lfsd2pwc (LFS, private households): INAC / POP","VERIFIED, ratio DERIVED"
inactive_share,IT,ITH5,Y15-74,2024,35.77,percent of population,"Eurostat lfst_r_lfsd2pwc (LFS, private households): INAC / POP","VERIFIED, ratio DERIVED"
inactive_share,IT,ITI1,Y15-74,2024,35.96,percent of population,"Eurostat lfst_r_lfsd2pwc (LFS, private households): INAC / POP","VERIFIED, ratio DERIVED"
inactive_share,IT,ITI2,Y15-74,2024,37.85,percent of population,"Eurostat lfst_r_lfsd2pwc (LFS, private households): INAC / POP","VERIFIED, ratio DERIVED"
inactive_share,IT,ITI3,Y15-74,2024,38.55,percent of population,"Eurostat lfst_r_lfsd2pwc (LFS, private households): INAC / POP","VERIFIED, ratio DERIVED"
inactive_share,IT,ITI4,Y15-74,2024,40.11,percent of population,"Eurostat lfst_r_lfsd2pwc (LFS, private households): INAC / POP","VERIFIED, ratio DERIVED"
inactive_share,IT,IT,Y20-64,2024,28.32,percent of population,"Eurostat lfst_r_lfsd2pwc (LFS, private households): INAC / POP","VERIFIED, ratio DERIVED"
inactive_share,IT,ITC1,Y20-64,2024,21.6,percent of population,"Eurostat lfst_r_lfsd2pwc (LFS, private households): INAC / POP","VERIFIED, ratio DERIVED"
inactive_share,IT,ITC2,Y20-64,2024,19.35,percent of population,"Eurostat lfst_r_lfsd2pwc (LFS, private households): INAC / POP","VERIFIED, ratio DERIVED"
inactive_share,IT,ITC3,Y20-64,2024,23.84,percent of population,"Eurostat lfst_r_lfsd2pwc (LFS, private households): INAC / POP","VERIFIED, ratio DERIVED"
inactive_share,IT,ITC4,Y20-64,2024,22.43,percent of population,"Eurostat lfst_r_lfsd2pwc (LFS, private households): INAC / POP","VERIFIED, ratio DERIVED"
inactive_share,IT,ITF1,Y20-64,2024,28.29,percent of population,"Eurostat lfst_r_lfsd2pwc (LFS, private households): INAC / POP","VERIFIED, ratio DERIVED"
inactive_share,IT,ITF2,Y20-64,2024,32.68,percent of population,"Eurostat lfst_r_lfsd2pwc (LFS, private households): INAC / POP","VERIFIED, ratio DERIVED"
inactive_share,IT,ITF3,Y20-64,2024,41.46,percent of population,"Eurostat lfst_r_lfsd2pwc (LFS, private households): INAC / POP","VERIFIED, ratio DERIVED"
inactive_share,IT,ITF4,Y20-64,2024,39.2,percent of population,"Eurostat lfst_r_lfsd2pwc (LFS, private households): INAC / POP","VERIFIED, ratio DERIVED"
inactive_share,IT,ITF5,Y20-64,2024,35.22,percent of population,"Eurostat lfst_r_lfsd2pwc (LFS, private households): INAC / POP","VERIFIED, ratio DERIVED"
inactive_share,IT,ITF6,Y20-64,2024,44.13,percent of population,"Eurostat lfst_r_lfsd2pwc (LFS, private households): INAC / POP","VERIFIED, ratio DERIVED"
inactive_share,IT,ITG1,Y20-64,2024,41.65,percent of population,"Eurostat lfst_r_lfsd2pwc (LFS, private households): INAC / POP","VERIFIED, ratio DERIVED"
inactive_share,IT,ITG2,Y20-64,2024,32.78,percent of population,"Eurostat lfst_r_lfsd2pwc (LFS, private households): INAC / POP","VERIFIED, ratio DERIVED"
inactive_share,IT,ITH1,Y20-64,2024,18.48,percent of population,"Eurostat lfst_r_lfsd2pwc (LFS, private households): INAC / POP","VERIFIED, ratio DERIVED"
inactive_share,IT,ITH2,Y20-64,2024,21.05,percent of population,"Eurostat lfst_r_lfsd2pwc (LFS, private households): INAC / POP","VERIFIED, ratio DERIVED"
inactive_share,IT,ITH3,Y20-64,2024,22.18,percent of population,"Eurostat lfst_r_lfsd2pwc (LFS, private households): INAC / POP","VERIFIED, ratio DERIVED"
inactive_share,IT,ITH4,Y20-64,2024,21.49,percent of population,"Eurostat lfst_r_lfsd2pwc (LFS, private households): INAC / POP","VERIFIED, ratio DERIVED"
inactive_share,IT,ITH5,Y20-64,2024,21.04,percent of population,"Eurostat lfst_r_lfsd2pwc (LFS, private households): INAC / POP","VERIFIED, ratio DERIVED"
inactive_share,IT,ITI1,Y20-64,2024,20.71,percent of population,"Eurostat lfst_r_lfsd2pwc (LFS, private households): INAC / POP","VERIFIED, ratio DERIVED"
inactive_share,IT,ITI2,Y20-64,2024,22.98,percent of population,"Eurostat lfst_r_lfsd2pwc (LFS, private households): INAC / POP","VERIFIED, ratio DERIVED"
inactive_share,IT,ITI3,Y20-64,2024,23.97,percent of population,"Eurostat lfst_r_lfsd2pwc (LFS, private households): INAC / POP","VERIFIED, ratio DERIVED"
inactive_share,IT,ITI4,Y20-64,2024,26.36,percent of population,"Eurostat lfst_r_lfsd2pwc (LFS, private households): INAC / POP","VERIFIED, ratio DERIVED"
inactive_share,IT,IT,Y_GE15,2024,50.16,percent of population,"Eurostat lfst_r_lfsd2pwc (LFS, private households): INAC / POP","VERIFIED, ratio DERIVED"
inactive_share,IT,ITC1,Y_GE15,2024,47.32,percent of population,"Eurostat lfst_r_lfsd2pwc (LFS, private households): INAC / POP","VERIFIED, ratio DERIVED"
inactive_share,IT,ITC2,Y_GE15,2024,44.65,percent of population,"Eurostat lfst_r_lfsd2pwc (LFS, private households): INAC / POP","VERIFIED, ratio DERIVED"
inactive_share,IT,ITC3,Y_GE15,2024,49.8,percent of population,"Eurostat lfst_r_lfsd2pwc (LFS, private households): INAC / POP","VERIFIED, ratio DERIVED"
inactive_share,IT,ITC4,Y_GE15,2024,45.69,percent of population,"Eurostat lfst_r_lfsd2pwc (LFS, private households): INAC / POP","VERIFIED, ratio DERIVED"
inactive_share,IT,ITF1,Y_GE15,2024,51.03,percent of population,"Eurostat lfst_r_lfsd2pwc (LFS, private households): INAC / POP","VERIFIED, ratio DERIVED"
inactive_share,IT,ITF2,Y_GE15,2024,54.46,percent of population,"Eurostat lfst_r_lfsd2pwc (LFS, private households): INAC / POP","VERIFIED, ratio DERIVED"
inactive_share,IT,ITF3,Y_GE15,2024,57.64,percent of population,"Eurostat lfst_r_lfsd2pwc (LFS, private households): INAC / POP","VERIFIED, ratio DERIVED"
inactive_share,IT,ITF4,Y_GE15,2024,57.86,percent of population,"Eurostat lfst_r_lfsd2pwc (LFS, private households): INAC / POP","VERIFIED, ratio DERIVED"
inactive_share,IT,ITF5,Y_GE15,2024,55.38,percent of population,"Eurostat lfst_r_lfsd2pwc (LFS, private households): INAC / POP","VERIFIED, ratio DERIVED"
inactive_share,IT,ITF6,Y_GE15,2024,61.06,percent of population,"Eurostat lfst_r_lfsd2pwc (LFS, private households): INAC / POP","VERIFIED, ratio DERIVED"
inactive_share,IT,ITG1,Y_GE15,2024,59.12,percent of population,"Eurostat lfst_r_lfsd2pwc (LFS, private households): INAC / POP","VERIFIED, ratio DERIVED"
inactive_share,IT,ITG2,Y_GE15,2024,54.07,percent of population,"Eurostat lfst_r_lfsd2pwc (LFS, private households): INAC / POP","VERIFIED, ratio DERIVED"
inactive_share,IT,ITH1,Y_GE15,2024,40.65,percent of population,"Eurostat lfst_r_lfsd2pwc (LFS, private households): INAC / POP","VERIFIED, ratio DERIVED"
inactive_share,IT,ITH2,Y_GE15,2024,44.74,percent of population,"Eurostat lfst_r_lfsd2pwc (LFS, private households): INAC / POP","VERIFIED, ratio DERIVED"
inactive_share,IT,ITH3,Y_GE15,2024,45.58,percent of population,"Eurostat lfst_r_lfsd2pwc (LFS, private households): INAC / POP","VERIFIED, ratio DERIVED"
inactive_share,IT,ITH4,Y_GE15,2024,47.53,percent of population,"Eurostat lfst_r_lfsd2pwc (LFS, private households): INAC / POP","VERIFIED, ratio DERIVED"
inactive_share,IT,ITH5,Y_GE15,2024,45.12,percent of population,"Eurostat lfst_r_lfsd2pwc (LFS, private households): INAC / POP","VERIFIED, ratio DERIVED"
inactive_share,IT,ITI1,Y_GE15,2024,46.06,percent of population,"Eurostat lfst_r_lfsd2pwc (LFS, private households): INAC / POP","VERIFIED, ratio DERIVED"
inactive_share,IT,ITI2,Y_GE15,2024,47.84,percent of population,"Eurostat lfst_r_lfsd2pwc (LFS, private households): INAC / POP","VERIFIED, ratio DERIVED"
inactive_share,IT,ITI3,Y_GE15,2024,47.9,percent of population,"Eurostat lfst_r_lfsd2pwc (LFS, private households): INAC / POP","VERIFIED, ratio DERIVED"
inactive_share,IT,ITI4,Y_GE15,2024,48.13,percent of population,"Eurostat lfst_r_lfsd2pwc (LFS, private households): INAC / POP","VERIFIED, ratio DERIVED"
inactive_share,IT,IT,Y15-64,2025,33.28,percent of population,"Eurostat lfst_r_lfsd2pwc (LFS, private households): INAC / POP","VERIFIED, ratio DERIVED"
inactive_share,IT,ITC1,Y15-64,2025,26.54,percent of population,"Eurostat lfst_r_lfsd2pwc (LFS, private households): INAC / POP","VERIFIED, ratio DERIVED"
inactive_share,IT,ITC2,Y15-64,2025,25.16,percent of population,"Eurostat lfst_r_lfsd2pwc (LFS, private households): INAC / POP","VERIFIED, ratio DERIVED"
inactive_share,IT,ITC3,Y15-64,2025,27.84,percent of population,"Eurostat lfst_r_lfsd2pwc (LFS, private households): INAC / POP","VERIFIED, ratio DERIVED"
inactive_share,IT,ITC4,Y15-64,2025,28.29,percent of population,"Eurostat lfst_r_lfsd2pwc (LFS, private households): INAC / POP","VERIFIED, ratio DERIVED"
inactive_share,IT,ITF1,Y15-64,2025,33.04,percent of population,"Eurostat lfst_r_lfsd2pwc (LFS, private households): INAC / POP","VERIFIED, ratio DERIVED"
inactive_share,IT,ITF2,Y15-64,2025,38.18,percent of population,"Eurostat lfst_r_lfsd2pwc (LFS, private households): INAC / POP","VERIFIED, ratio DERIVED"
inactive_share,IT,ITF3,Y15-64,2025,45.58,percent of population,"Eurostat lfst_r_lfsd2pwc (LFS, private households): INAC / POP","VERIFIED, ratio DERIVED"
inactive_share,IT,ITF4,Y15-64,2025,43.15,percent of population,"Eurostat lfst_r_lfsd2pwc (LFS, private households): INAC / POP","VERIFIED, ratio DERIVED"
inactive_share,IT,ITF5,Y15-64,2025,39.25,percent of population,"Eurostat lfst_r_lfsd2pwc (LFS, private households): INAC / POP","VERIFIED, ratio DERIVED"
inactive_share,IT,ITF6,Y15-64,2025,48.31,percent of population,"Eurostat lfst_r_lfsd2pwc (LFS, private households): INAC / POP","VERIFIED, ratio DERIVED"
inactive_share,IT,ITG1,Y15-64,2025,45.92,percent of population,"Eurostat lfst_r_lfsd2pwc (LFS, private households): INAC / POP","VERIFIED, ratio DERIVED"
inactive_share,IT,ITG2,Y15-64,2025,35.62,percent of population,"Eurostat lfst_r_lfsd2pwc (LFS, private households): INAC / POP","VERIFIED, ratio DERIVED"
inactive_share,IT,ITH1,Y15-64,2025,24.77,percent of population,"Eurostat lfst_r_lfsd2pwc (LFS, private households): INAC / POP","VERIFIED, ratio DERIVED"
inactive_share,IT,ITH2,Y15-64,2025,26.43,percent of population,"Eurostat lfst_r_lfsd2pwc (LFS, private households): INAC / POP","VERIFIED, ratio DERIVED"
inactive_share,IT,ITH3,Y15-64,2025,28.23,percent of population,"Eurostat lfst_r_lfsd2pwc (LFS, private households): INAC / POP","VERIFIED, ratio DERIVED"
inactive_share,IT,ITH4,Y15-64,2025,27.18,percent of population,"Eurostat lfst_r_lfsd2pwc (LFS, private households): INAC / POP","VERIFIED, ratio DERIVED"
inactive_share,IT,ITH5,Y15-64,2025,25.49,percent of population,"Eurostat lfst_r_lfsd2pwc (LFS, private households): INAC / POP","VERIFIED, ratio DERIVED"
inactive_share,IT,ITI1,Y15-64,2025,26.27,percent of population,"Eurostat lfst_r_lfsd2pwc (LFS, private households): INAC / POP","VERIFIED, ratio DERIVED"
inactive_share,IT,ITI2,Y15-64,2025,27.51,percent of population,"Eurostat lfst_r_lfsd2pwc (LFS, private households): INAC / POP","VERIFIED, ratio DERIVED"
inactive_share,IT,ITI3,Y15-64,2025,28.74,percent of population,"Eurostat lfst_r_lfsd2pwc (LFS, private households): INAC / POP","VERIFIED, ratio DERIVED"
inactive_share,IT,ITI4,Y15-64,2025,31.97,percent of population,"Eurostat lfst_r_lfsd2pwc (LFS, private households): INAC / POP","VERIFIED, ratio DERIVED"
inactive_share,IT,IT,Y15-74,2025,41.9,percent of population,"Eurostat lfst_r_lfsd2pwc (LFS, private households): INAC / POP","VERIFIED, ratio DERIVED"
inactive_share,IT,ITC1,Y15-74,2025,37.05,percent of population,"Eurostat lfst_r_lfsd2pwc (LFS, private households): INAC / POP","VERIFIED, ratio DERIVED"
inactive_share,IT,ITC2,Y15-74,2025,35.4,percent of population,"Eurostat lfst_r_lfsd2pwc (LFS, private households): INAC / POP","VERIFIED, ratio DERIVED"
inactive_share,IT,ITC3,Y15-74,2025,38.1,percent of population,"Eurostat lfst_r_lfsd2pwc (LFS, private households): INAC / POP","VERIFIED, ratio DERIVED"
inactive_share,IT,ITC4,Y15-74,2025,37.41,percent of population,"Eurostat lfst_r_lfsd2pwc (LFS, private households): INAC / POP","VERIFIED, ratio DERIVED"
inactive_share,IT,ITF1,Y15-74,2025,42.47,percent of population,"Eurostat lfst_r_lfsd2pwc (LFS, private households): INAC / POP","VERIFIED, ratio DERIVED"
inactive_share,IT,ITF2,Y15-74,2025,47.31,percent of population,"Eurostat lfst_r_lfsd2pwc (LFS, private households): INAC / POP","VERIFIED, ratio DERIVED"
inactive_share,IT,ITF3,Y15-74,2025,51.92,percent of population,"Eurostat lfst_r_lfsd2pwc (LFS, private households): INAC / POP","VERIFIED, ratio DERIVED"
inactive_share,IT,ITF4,Y15-74,2025,50.73,percent of population,"Eurostat lfst_r_lfsd2pwc (LFS, private households): INAC / POP","VERIFIED, ratio DERIVED"
inactive_share,IT,ITF5,Y15-74,2025,47.77,percent of population,"Eurostat lfst_r_lfsd2pwc (LFS, private households): INAC / POP","VERIFIED, ratio DERIVED"
inactive_share,IT,ITF6,Y15-74,2025,55.01,percent of population,"Eurostat lfst_r_lfsd2pwc (LFS, private households): INAC / POP","VERIFIED, ratio DERIVED"
inactive_share,IT,ITG1,Y15-74,2025,52.96,percent of population,"Eurostat lfst_r_lfsd2pwc (LFS, private households): INAC / POP","VERIFIED, ratio DERIVED"
inactive_share,IT,ITG2,Y15-74,2025,44.98,percent of population,"Eurostat lfst_r_lfsd2pwc (LFS, private households): INAC / POP","VERIFIED, ratio DERIVED"
inactive_share,IT,ITH1,Y15-74,2025,33.04,percent of population,"Eurostat lfst_r_lfsd2pwc (LFS, private households): INAC / POP","VERIFIED, ratio DERIVED"
inactive_share,IT,ITH2,Y15-74,2025,36.14,percent of population,"Eurostat lfst_r_lfsd2pwc (LFS, private households): INAC / POP","VERIFIED, ratio DERIVED"
inactive_share,IT,ITH3,Y15-74,2025,37.37,percent of population,"Eurostat lfst_r_lfsd2pwc (LFS, private households): INAC / POP","VERIFIED, ratio DERIVED"
inactive_share,IT,ITH4,Y15-74,2025,37.31,percent of population,"Eurostat lfst_r_lfsd2pwc (LFS, private households): INAC / POP","VERIFIED, ratio DERIVED"
inactive_share,IT,ITH5,Y15-74,2025,34.85,percent of population,"Eurostat lfst_r_lfsd2pwc (LFS, private households): INAC / POP","VERIFIED, ratio DERIVED"
inactive_share,IT,ITI1,Y15-74,2025,35.83,percent of population,"Eurostat lfst_r_lfsd2pwc (LFS, private households): INAC / POP","VERIFIED, ratio DERIVED"
inactive_share,IT,ITI2,Y15-74,2025,37.08,percent of population,"Eurostat lfst_r_lfsd2pwc (LFS, private households): INAC / POP","VERIFIED, ratio DERIVED"
inactive_share,IT,ITI3,Y15-74,2025,37.92,percent of population,"Eurostat lfst_r_lfsd2pwc (LFS, private households): INAC / POP","VERIFIED, ratio DERIVED"
inactive_share,IT,ITI4,Y15-74,2025,40.25,percent of population,"Eurostat lfst_r_lfsd2pwc (LFS, private households): INAC / POP","VERIFIED, ratio DERIVED"
inactive_share,IT,IT,Y20-64,2025,28.04,percent of population,"Eurostat lfst_r_lfsd2pwc (LFS, private households): INAC / POP","VERIFIED, ratio DERIVED"
inactive_share,IT,ITC1,Y20-64,2025,21.01,percent of population,"Eurostat lfst_r_lfsd2pwc (LFS, private households): INAC / POP","VERIFIED, ratio DERIVED"
inactive_share,IT,ITC2,Y20-64,2025,19.12,percent of population,"Eurostat lfst_r_lfsd2pwc (LFS, private households): INAC / POP","VERIFIED, ratio DERIVED"
inactive_share,IT,ITC3,Y20-64,2025,22.67,percent of population,"Eurostat lfst_r_lfsd2pwc (LFS, private households): INAC / POP","VERIFIED, ratio DERIVED"
inactive_share,IT,ITC4,Y20-64,2025,22.72,percent of population,"Eurostat lfst_r_lfsd2pwc (LFS, private households): INAC / POP","VERIFIED, ratio DERIVED"
inactive_share,IT,ITF1,Y20-64,2025,28.14,percent of population,"Eurostat lfst_r_lfsd2pwc (LFS, private households): INAC / POP","VERIFIED, ratio DERIVED"
inactive_share,IT,ITF2,Y20-64,2025,33.55,percent of population,"Eurostat lfst_r_lfsd2pwc (LFS, private households): INAC / POP","VERIFIED, ratio DERIVED"
inactive_share,IT,ITF3,Y20-64,2025,40.95,percent of population,"Eurostat lfst_r_lfsd2pwc (LFS, private households): INAC / POP","VERIFIED, ratio DERIVED"
inactive_share,IT,ITF4,Y20-64,2025,38.72,percent of population,"Eurostat lfst_r_lfsd2pwc (LFS, private households): INAC / POP","VERIFIED, ratio DERIVED"
inactive_share,IT,ITF5,Y20-64,2025,34.68,percent of population,"Eurostat lfst_r_lfsd2pwc (LFS, private households): INAC / POP","VERIFIED, ratio DERIVED"
inactive_share,IT,ITF6,Y20-64,2025,43.99,percent of population,"Eurostat lfst_r_lfsd2pwc (LFS, private households): INAC / POP","VERIFIED, ratio DERIVED"
inactive_share,IT,ITG1,Y20-64,2025,41.44,percent of population,"Eurostat lfst_r_lfsd2pwc (LFS, private households): INAC / POP","VERIFIED, ratio DERIVED"
inactive_share,IT,ITG2,Y20-64,2025,31.27,percent of population,"Eurostat lfst_r_lfsd2pwc (LFS, private households): INAC / POP","VERIFIED, ratio DERIVED"
inactive_share,IT,ITH1,Y20-64,2025,18.65,percent of population,"Eurostat lfst_r_lfsd2pwc (LFS, private households): INAC / POP","VERIFIED, ratio DERIVED"
inactive_share,IT,ITH2,Y20-64,2025,20.59,percent of population,"Eurostat lfst_r_lfsd2pwc (LFS, private households): INAC / POP","VERIFIED, ratio DERIVED"
inactive_share,IT,ITH3,Y20-64,2025,22.62,percent of population,"Eurostat lfst_r_lfsd2pwc (LFS, private households): INAC / POP","VERIFIED, ratio DERIVED"
inactive_share,IT,ITH4,Y20-64,2025,21.69,percent of population,"Eurostat lfst_r_lfsd2pwc (LFS, private households): INAC / POP","VERIFIED, ratio DERIVED"
inactive_share,IT,ITH5,Y20-64,2025,19.76,percent of population,"Eurostat lfst_r_lfsd2pwc (LFS, private households): INAC / POP","VERIFIED, ratio DERIVED"
inactive_share,IT,ITI1,Y20-64,2025,20.6,percent of population,"Eurostat lfst_r_lfsd2pwc (LFS, private households): INAC / POP","VERIFIED, ratio DERIVED"
inactive_share,IT,ITI2,Y20-64,2025,21.88,percent of population,"Eurostat lfst_r_lfsd2pwc (LFS, private households): INAC / POP","VERIFIED, ratio DERIVED"
inactive_share,IT,ITI3,Y20-64,2025,23.12,percent of population,"Eurostat lfst_r_lfsd2pwc (LFS, private households): INAC / POP","VERIFIED, ratio DERIVED"
inactive_share,IT,ITI4,Y20-64,2025,26.55,percent of population,"Eurostat lfst_r_lfsd2pwc (LFS, private households): INAC / POP","VERIFIED, ratio DERIVED"
inactive_share,IT,IT,Y_GE15,2025,50.09,percent of population,"Eurostat lfst_r_lfsd2pwc (LFS, private households): INAC / POP","VERIFIED, ratio DERIVED"
inactive_share,IT,ITC1,Y_GE15,2025,46.88,percent of population,"Eurostat lfst_r_lfsd2pwc (LFS, private households): INAC / POP","VERIFIED, ratio DERIVED"
inactive_share,IT,ITC2,Y_GE15,2025,44.85,percent of population,"Eurostat lfst_r_lfsd2pwc (LFS, private households): INAC / POP","VERIFIED, ratio DERIVED"
inactive_share,IT,ITC3,Y_GE15,2025,48.98,percent of population,"Eurostat lfst_r_lfsd2pwc (LFS, private households): INAC / POP","VERIFIED, ratio DERIVED"
inactive_share,IT,ITC4,Y_GE15,2025,46.05,percent of population,"Eurostat lfst_r_lfsd2pwc (LFS, private households): INAC / POP","VERIFIED, ratio DERIVED"
inactive_share,IT,ITF1,Y_GE15,2025,50.94,percent of population,"Eurostat lfst_r_lfsd2pwc (LFS, private households): INAC / POP","VERIFIED, ratio DERIVED"
inactive_share,IT,ITF2,Y_GE15,2025,55.29,percent of population,"Eurostat lfst_r_lfsd2pwc (LFS, private households): INAC / POP","VERIFIED, ratio DERIVED"
inactive_share,IT,ITF3,Y_GE15,2025,57.4,percent of population,"Eurostat lfst_r_lfsd2pwc (LFS, private households): INAC / POP","VERIFIED, ratio DERIVED"
inactive_share,IT,ITF4,Y_GE15,2025,57.58,percent of population,"Eurostat lfst_r_lfsd2pwc (LFS, private households): INAC / POP","VERIFIED, ratio DERIVED"
inactive_share,IT,ITF5,Y_GE15,2025,55.16,percent of population,"Eurostat lfst_r_lfsd2pwc (LFS, private households): INAC / POP","VERIFIED, ratio DERIVED"
inactive_share,IT,ITF6,Y_GE15,2025,61.01,percent of population,"Eurostat lfst_r_lfsd2pwc (LFS, private households): INAC / POP","VERIFIED, ratio DERIVED"
inactive_share,IT,ITG1,Y_GE15,2025,59.1,percent of population,"Eurostat lfst_r_lfsd2pwc (LFS, private households): INAC / POP","VERIFIED, ratio DERIVED"
inactive_share,IT,ITG2,Y_GE15,2025,53.1,percent of population,"Eurostat lfst_r_lfsd2pwc (LFS, private households): INAC / POP","VERIFIED, ratio DERIVED"
inactive_share,IT,ITH1,Y_GE15,2025,41.21,percent of population,"Eurostat lfst_r_lfsd2pwc (LFS, private households): INAC / POP","VERIFIED, ratio DERIVED"
inactive_share,IT,ITH2,Y_GE15,2025,44.56,percent of population,"Eurostat lfst_r_lfsd2pwc (LFS, private households): INAC / POP","VERIFIED, ratio DERIVED"
inactive_share,IT,ITH3,Y_GE15,2025,46.24,percent of population,"Eurostat lfst_r_lfsd2pwc (LFS, private households): INAC / POP","VERIFIED, ratio DERIVED"
inactive_share,IT,ITH4,Y_GE15,2025,47.47,percent of population,"Eurostat lfst_r_lfsd2pwc (LFS, private households): INAC / POP","VERIFIED, ratio DERIVED"
inactive_share,IT,ITH5,Y_GE15,2025,44.46,percent of population,"Eurostat lfst_r_lfsd2pwc (LFS, private households): INAC / POP","VERIFIED, ratio DERIVED"
inactive_share,IT,ITI1,Y_GE15,2025,46.03,percent of population,"Eurostat lfst_r_lfsd2pwc (LFS, private households): INAC / POP","VERIFIED, ratio DERIVED"
inactive_share,IT,ITI2,Y_GE15,2025,47.34,percent of population,"Eurostat lfst_r_lfsd2pwc (LFS, private households): INAC / POP","VERIFIED, ratio DERIVED"
inactive_share,IT,ITI3,Y_GE15,2025,47.43,percent of population,"Eurostat lfst_r_lfsd2pwc (LFS, private households): INAC / POP","VERIFIED, ratio DERIVED"
inactive_share,IT,ITI4,Y_GE15,2025,48.34,percent of population,"Eurostat lfst_r_lfsd2pwc (LFS, private households): INAC / POP","VERIFIED, ratio DERIVED"
inactive_share_from_published_rate,DE,DE,Y15-64,2015,22.4,percent of population,Eurostat lfst_r_lfp2actrt: 100 - participation rate,VERIFIED
inactive_share_from_published_rate,DE,DE1,Y15-64,2015,20.6,percent of population,Eurostat lfst_r_lfp2actrt: 100 - participation rate,VERIFIED
inactive_share_from_published_rate,DE,DE2,Y15-64,2015,20.0,percent of population,Eurostat lfst_r_lfp2actrt: 100 - participation rate,VERIFIED
inactive_share_from_published_rate,DE,DE3,Y15-64,2015,23.7,percent of population,Eurostat lfst_r_lfp2actrt: 100 - participation rate,VERIFIED
inactive_share_from_published_rate,DE,DE4,Y15-64,2015,20.1,percent of population,Eurostat lfst_r_lfp2actrt: 100 - participation rate,VERIFIED
inactive_share_from_published_rate,DE,DE5,Y15-64,2015,28.0,percent of population,Eurostat lfst_r_lfp2actrt: 100 - participation rate,VERIFIED
inactive_share_from_published_rate,DE,DE6,Y15-64,2015,21.4,percent of population,Eurostat lfst_r_lfp2actrt: 100 - participation rate,VERIFIED
inactive_share_from_published_rate,DE,DE7,Y15-64,2015,23.2,percent of population,Eurostat lfst_r_lfp2actrt: 100 - participation rate,VERIFIED
inactive_share_from_published_rate,DE,DE8,Y15-64,2015,22.2,percent of population,Eurostat lfst_r_lfp2actrt: 100 - participation rate,VERIFIED
inactive_share_from_published_rate,DE,DE9,Y15-64,2015,23.2,percent of population,Eurostat lfst_r_lfp2actrt: 100 - participation rate,VERIFIED
inactive_share_from_published_rate,DE,DEA,Y15-64,2015,25.3,percent of population,Eurostat lfst_r_lfp2actrt: 100 - participation rate,VERIFIED
inactive_share_from_published_rate,DE,DEB,Y15-64,2015,23.0,percent of population,Eurostat lfst_r_lfp2actrt: 100 - participation rate,VERIFIED
inactive_share_from_published_rate,DE,DEC,Y15-64,2015,25.0,percent of population,Eurostat lfst_r_lfp2actrt: 100 - participation rate,VERIFIED
inactive_share_from_published_rate,DE,DED,Y15-64,2015,19.6,percent of population,Eurostat lfst_r_lfp2actrt: 100 - participation rate,VERIFIED
inactive_share_from_published_rate,DE,DEE,Y15-64,2015,19.9,percent of population,Eurostat lfst_r_lfp2actrt: 100 - participation rate,VERIFIED
inactive_share_from_published_rate,DE,DEF,Y15-64,2015,22.0,percent of population,Eurostat lfst_r_lfp2actrt: 100 - participation rate,VERIFIED
inactive_share_from_published_rate,DE,DEG,Y15-64,2015,21.1,percent of population,Eurostat lfst_r_lfp2actrt: 100 - participation rate,VERIFIED
inactive_share_from_published_rate,DE,DE,Y15-74,2015,31.7,percent of population,Eurostat lfst_r_lfp2actrt: 100 - participation rate,VERIFIED
inactive_share_from_published_rate,DE,DE1,Y15-74,2015,28.9,percent of population,Eurostat lfst_r_lfp2actrt: 100 - participation rate,VERIFIED
inactive_share_from_published_rate,DE,DE2,Y15-74,2015,29.1,percent of population,Eurostat lfst_r_lfp2actrt: 100 - participation rate,VERIFIED
inactive_share_from_published_rate,DE,DE3,Y15-74,2015,32.3,percent of population,Eurostat lfst_r_lfp2actrt: 100 - participation rate,VERIFIED
inactive_share_from_published_rate,DE,DE4,Y15-74,2015,31.0,percent of population,Eurostat lfst_r_lfp2actrt: 100 - participation rate,VERIFIED
inactive_share_from_published_rate,DE,DE5,Y15-74,2015,37.2,percent of population,Eurostat lfst_r_lfp2actrt: 100 - participation rate,VERIFIED
inactive_share_from_published_rate,DE,DE6,Y15-74,2015,30.1,percent of population,Eurostat lfst_r_lfp2actrt: 100 - participation rate,VERIFIED
inactive_share_from_published_rate,DE,DE7,Y15-74,2015,31.9,percent of population,Eurostat lfst_r_lfp2actrt: 100 - participation rate,VERIFIED
inactive_share_from_published_rate,DE,DE8,Y15-74,2015,32.9,percent of population,Eurostat lfst_r_lfp2actrt: 100 - participation rate,VERIFIED
inactive_share_from_published_rate,DE,DE9,Y15-74,2015,32.6,percent of population,Eurostat lfst_r_lfp2actrt: 100 - participation rate,VERIFIED
inactive_share_from_published_rate,DE,DEA,Y15-74,2015,34.4,percent of population,Eurostat lfst_r_lfp2actrt: 100 - participation rate,VERIFIED
inactive_share_from_published_rate,DE,DEB,Y15-74,2015,31.8,percent of population,Eurostat lfst_r_lfp2actrt: 100 - participation rate,VERIFIED
inactive_share_from_published_rate,DE,DEC,Y15-74,2015,35.0,percent of population,Eurostat lfst_r_lfp2actrt: 100 - participation rate,VERIFIED
inactive_share_from_published_rate,DE,DED,Y15-74,2015,31.3,percent of population,Eurostat lfst_r_lfp2actrt: 100 - participation rate,VERIFIED
inactive_share_from_published_rate,DE,DEE,Y15-74,2015,32.0,percent of population,Eurostat lfst_r_lfp2actrt: 100 - participation rate,VERIFIED
inactive_share_from_published_rate,DE,DEF,Y15-74,2015,32.7,percent of population,Eurostat lfst_r_lfp2actrt: 100 - participation rate,VERIFIED
inactive_share_from_published_rate,DE,DEG,Y15-74,2015,32.6,percent of population,Eurostat lfst_r_lfp2actrt: 100 - participation rate,VERIFIED
inactive_share_from_published_rate,DE,DE,Y20-64,2015,18.2,percent of population,Eurostat lfst_r_lfp2actrc: 100 - participation rate,VERIFIED
inactive_share_from_published_rate,DE,DE1,Y20-64,2015,16.1,percent of population,Eurostat lfst_r_lfp2actrc: 100 - participation rate,VERIFIED
inactive_share_from_published_rate,DE,DE2,Y20-64,2015,16.3,percent of population,Eurostat lfst_r_lfp2actrc: 100 - participation rate,VERIFIED
inactive_share_from_published_rate,DE,DE3,Y20-64,2015,20.0,percent of population,Eurostat lfst_r_lfp2actrc: 100 - participation rate,VERIFIED
inactive_share_from_published_rate,DE,DE4,Y20-64,2015,16.4,percent of population,Eurostat lfst_r_lfp2actrc: 100 - participation rate,VERIFIED
inactive_share_from_published_rate,DE,DE5,Y20-64,2015,23.7,percent of population,Eurostat lfst_r_lfp2actrc: 100 - participation rate,VERIFIED
inactive_share_from_published_rate,DE,DE6,Y20-64,2015,17.7,percent of population,Eurostat lfst_r_lfp2actrc: 100 - participation rate,VERIFIED
inactive_share_from_published_rate,DE,DE7,Y20-64,2015,18.9,percent of population,Eurostat lfst_r_lfp2actrc: 100 - participation rate,VERIFIED
inactive_share_from_published_rate,DE,DE8,Y20-64,2015,18.7,percent of population,Eurostat lfst_r_lfp2actrc: 100 - participation rate,VERIFIED
inactive_share_from_published_rate,DE,DE9,Y20-64,2015,18.6,percent of population,Eurostat lfst_r_lfp2actrc: 100 - participation rate,VERIFIED
inactive_share_from_published_rate,DE,DEA,Y20-64,2015,20.7,percent of population,Eurostat lfst_r_lfp2actrc: 100 - participation rate,VERIFIED
inactive_share_from_published_rate,DE,DEB,Y20-64,2015,18.8,percent of population,Eurostat lfst_r_lfp2actrc: 100 - participation rate,VERIFIED
inactive_share_from_published_rate,DE,DEC,Y20-64,2015,21.1,percent of population,Eurostat lfst_r_lfp2actrc: 100 - participation rate,VERIFIED
inactive_share_from_published_rate,DE,DED,Y20-64,2015,16.3,percent of population,Eurostat lfst_r_lfp2actrc: 100 - participation rate,VERIFIED
inactive_share_from_published_rate,DE,DEE,Y20-64,2015,16.9,percent of population,Eurostat lfst_r_lfp2actrc: 100 - participation rate,VERIFIED
inactive_share_from_published_rate,DE,DEF,Y20-64,2015,17.5,percent of population,Eurostat lfst_r_lfp2actrc: 100 - participation rate,VERIFIED
inactive_share_from_published_rate,DE,DEG,Y20-64,2015,17.7,percent of population,Eurostat lfst_r_lfp2actrc: 100 - participation rate,VERIFIED
inactive_share_from_published_rate,DE,DE,Y_GE15,2015,39.8,percent of population,Eurostat lfst_r_lfp2actrt: 100 - participation rate,VERIFIED
inactive_share_from_published_rate,DE,DE1,Y_GE15,2015,36.8,percent of population,Eurostat lfst_r_lfp2actrt: 100 - participation rate,VERIFIED
inactive_share_from_published_rate,DE,DE2,Y_GE15,2015,36.9,percent of population,Eurostat lfst_r_lfp2actrt: 100 - participation rate,VERIFIED
inactive_share_from_published_rate,DE,DE3,Y_GE15,2015,39.2,percent of population,Eurostat lfst_r_lfp2actrt: 100 - participation rate,VERIFIED
inactive_share_from_published_rate,DE,DE4,Y_GE15,2015,40.1,percent of population,Eurostat lfst_r_lfp2actrt: 100 - participation rate,VERIFIED
inactive_share_from_published_rate,DE,DE5,Y_GE15,2015,44.2,percent of population,Eurostat lfst_r_lfp2actrt: 100 - participation rate,VERIFIED
inactive_share_from_published_rate,DE,DE6,Y_GE15,2015,37.5,percent of population,Eurostat lfst_r_lfp2actrt: 100 - participation rate,VERIFIED
inactive_share_from_published_rate,DE,DE7,Y_GE15,2015,39.5,percent of population,Eurostat lfst_r_lfp2actrt: 100 - participation rate,VERIFIED
inactive_share_from_published_rate,DE,DE8,Y_GE15,2015,42.2,percent of population,Eurostat lfst_r_lfp2actrt: 100 - participation rate,VERIFIED
inactive_share_from_published_rate,DE,DE9,Y_GE15,2015,40.6,percent of population,Eurostat lfst_r_lfp2actrt: 100 - participation rate,VERIFIED
inactive_share_from_published_rate,DE,DEA,Y_GE15,2015,42.2,percent of population,Eurostat lfst_r_lfp2actrt: 100 - participation rate,VERIFIED
inactive_share_from_published_rate,DE,DEB,Y_GE15,2015,40.2,percent of population,Eurostat lfst_r_lfp2actrt: 100 - participation rate,VERIFIED
inactive_share_from_published_rate,DE,DEC,Y_GE15,2015,43.6,percent of population,Eurostat lfst_r_lfp2actrt: 100 - participation rate,VERIFIED
inactive_share_from_published_rate,DE,DED,Y_GE15,2015,41.3,percent of population,Eurostat lfst_r_lfp2actrt: 100 - participation rate,VERIFIED
inactive_share_from_published_rate,DE,DEE,Y_GE15,2015,41.7,percent of population,Eurostat lfst_r_lfp2actrt: 100 - participation rate,VERIFIED
inactive_share_from_published_rate,DE,DEF,Y_GE15,2015,41.4,percent of population,Eurostat lfst_r_lfp2actrt: 100 - participation rate,VERIFIED
inactive_share_from_published_rate,DE,DEG,Y_GE15,2015,41.5,percent of population,Eurostat lfst_r_lfp2actrt: 100 - participation rate,VERIFIED
inactive_share_from_published_rate,DE,DE,Y15-64,2025,19.7,percent of population,Eurostat lfst_r_lfp2actrt: 100 - participation rate,VERIFIED
inactive_share_from_published_rate,DE,DE1,Y15-64,2025,17.6,percent of population,Eurostat lfst_r_lfp2actrt: 100 - participation rate,VERIFIED
inactive_share_from_published_rate,DE,DE2,Y15-64,2025,16.6,percent of population,Eurostat lfst_r_lfp2actrt: 100 - participation rate,VERIFIED
inactive_share_from_published_rate,DE,DE3,Y15-64,2025,22.3,percent of population,Eurostat lfst_r_lfp2actrt: 100 - participation rate,VERIFIED
inactive_share_from_published_rate,DE,DE4,Y15-64,2025,20.0,percent of population,Eurostat lfst_r_lfp2actrt: 100 - participation rate,VERIFIED
inactive_share_from_published_rate,DE,DE5,Y15-64,2025,24.6,percent of population,Eurostat lfst_r_lfp2actrt: 100 - participation rate,VERIFIED
inactive_share_from_published_rate,DE,DE6,Y15-64,2025,21.3,percent of population,Eurostat lfst_r_lfp2actrt: 100 - participation rate,VERIFIED
inactive_share_from_published_rate,DE,DE7,Y15-64,2025,21.0,percent of population,Eurostat lfst_r_lfp2actrt: 100 - participation rate,VERIFIED
inactive_share_from_published_rate,DE,DE8,Y15-64,2025,21.1,percent of population,Eurostat lfst_r_lfp2actrt: 100 - participation rate,VERIFIED
inactive_share_from_published_rate,DE,DE9,Y15-64,2025,19.8,percent of population,Eurostat lfst_r_lfp2actrt: 100 - participation rate,VERIFIED
inactive_share_from_published_rate,DE,DEA,Y15-64,2025,21.8,percent of population,Eurostat lfst_r_lfp2actrt: 100 - participation rate,VERIFIED
inactive_share_from_published_rate,DE,DEB,Y15-64,2025,18.4,percent of population,Eurostat lfst_r_lfp2actrt: 100 - participation rate,VERIFIED
inactive_share_from_published_rate,DE,DEC,Y15-64,2025,22.1,percent of population,Eurostat lfst_r_lfp2actrt: 100 - participation rate,VERIFIED
inactive_share_from_published_rate,DE,DED,Y15-64,2025,18.2,percent of population,Eurostat lfst_r_lfp2actrt: 100 - participation rate,VERIFIED
inactive_share_from_published_rate,DE,DEE,Y15-64,2025,21.2,percent of population,Eurostat lfst_r_lfp2actrt: 100 - participation rate,VERIFIED
inactive_share_from_published_rate,DE,DEF,Y15-64,2025,19.7,percent of population,Eurostat lfst_r_lfp2actrt: 100 - participation rate,VERIFIED
inactive_share_from_published_rate,DE,DEG,Y15-64,2025,19.5,percent of population,Eurostat lfst_r_lfp2actrt: 100 - participation rate,VERIFIED
inactive_share_from_published_rate,DE,DE,Y15-74,2025,29.7,percent of population,Eurostat lfst_r_lfp2actrt: 100 - participation rate,VERIFIED
inactive_share_from_published_rate,DE,DE1,Y15-74,2025,27.0,percent of population,Eurostat lfst_r_lfp2actrt: 100 - participation rate,VERIFIED
inactive_share_from_published_rate,DE,DE2,Y15-74,2025,26.5,percent of population,Eurostat lfst_r_lfp2actrt: 100 - participation rate,VERIFIED
inactive_share_from_published_rate,DE,DE3,Y15-74,2025,29.6,percent of population,Eurostat lfst_r_lfp2actrt: 100 - participation rate,VERIFIED
inactive_share_from_published_rate,DE,DE4,Y15-74,2025,33.2,percent of population,Eurostat lfst_r_lfp2actrt: 100 - participation rate,VERIFIED
inactive_share_from_published_rate,DE,DE5,Y15-74,2025,32.7,percent of population,Eurostat lfst_r_lfp2actrt: 100 - participation rate,VERIFIED
inactive_share_from_published_rate,DE,DE6,Y15-74,2025,27.9,percent of population,Eurostat lfst_r_lfp2actrt: 100 - participation rate,VERIFIED
inactive_share_from_published_rate,DE,DE7,Y15-74,2025,30.1,percent of population,Eurostat lfst_r_lfp2actrt: 100 - participation rate,VERIFIED
inactive_share_from_published_rate,DE,DE8,Y15-74,2025,35.4,percent of population,Eurostat lfst_r_lfp2actrt: 100 - participation rate,VERIFIED
inactive_share_from_published_rate,DE,DE9,Y15-74,2025,29.8,percent of population,Eurostat lfst_r_lfp2actrt: 100 - participation rate,VERIFIED
inactive_share_from_published_rate,DE,DEA,Y15-74,2025,31.2,percent of population,Eurostat lfst_r_lfp2actrt: 100 - participation rate,VERIFIED
inactive_share_from_published_rate,DE,DEB,Y15-74,2025,29.3,percent of population,Eurostat lfst_r_lfp2actrt: 100 - participation rate,VERIFIED
inactive_share_from_published_rate,DE,DEC,Y15-74,2025,33.6,percent of population,Eurostat lfst_r_lfp2actrt: 100 - participation rate,VERIFIED
inactive_share_from_published_rate,DE,DED,Y15-74,2025,31.0,percent of population,Eurostat lfst_r_lfp2actrt: 100 - participation rate,VERIFIED
inactive_share_from_published_rate,DE,DEE,Y15-74,2025,35.1,percent of population,Eurostat lfst_r_lfp2actrt: 100 - participation rate,VERIFIED
inactive_share_from_published_rate,DE,DEF,Y15-74,2025,29.6,percent of population,Eurostat lfst_r_lfp2actrt: 100 - participation rate,VERIFIED
inactive_share_from_published_rate,DE,DEG,Y15-74,2025,33.3,percent of population,Eurostat lfst_r_lfp2actrt: 100 - participation rate,VERIFIED
inactive_share_from_published_rate,DE,DE,Y20-64,2025,15.7,percent of population,Eurostat lfst_r_lfp2actrc: 100 - participation rate,VERIFIED
inactive_share_from_published_rate,DE,DE1,Y20-64,2025,13.6,percent of population,Eurostat lfst_r_lfp2actrc: 100 - participation rate,VERIFIED
inactive_share_from_published_rate,DE,DE2,Y20-64,2025,13.1,percent of population,Eurostat lfst_r_lfp2actrc: 100 - participation rate,VERIFIED
inactive_share_from_published_rate,DE,DE3,Y20-64,2025,18.0,percent of population,Eurostat lfst_r_lfp2actrc: 100 - participation rate,VERIFIED
inactive_share_from_published_rate,DE,DE4,Y20-64,2025,15.3,percent of population,Eurostat lfst_r_lfp2actrc: 100 - participation rate,VERIFIED
inactive_share_from_published_rate,DE,DE5,Y20-64,2025,21.3,percent of population,Eurostat lfst_r_lfp2actrc: 100 - participation rate,VERIFIED
inactive_share_from_published_rate,DE,DE6,Y20-64,2025,17.0,percent of population,Eurostat lfst_r_lfp2actrc: 100 - participation rate,VERIFIED
inactive_share_from_published_rate,DE,DE7,Y20-64,2025,16.8,percent of population,Eurostat lfst_r_lfp2actrc: 100 - participation rate,VERIFIED
inactive_share_from_published_rate,DE,DE8,Y20-64,2025,16.8,percent of population,Eurostat lfst_r_lfp2actrc: 100 - participation rate,VERIFIED
inactive_share_from_published_rate,DE,DE9,Y20-64,2025,15.9,percent of population,Eurostat lfst_r_lfp2actrc: 100 - participation rate,VERIFIED
inactive_share_from_published_rate,DE,DEA,Y20-64,2025,17.8,percent of population,Eurostat lfst_r_lfp2actrc: 100 - participation rate,VERIFIED
inactive_share_from_published_rate,DE,DEB,Y20-64,2025,14.7,percent of population,Eurostat lfst_r_lfp2actrc: 100 - participation rate,VERIFIED
inactive_share_from_published_rate,DE,DEC,Y20-64,2025,18.3,percent of population,Eurostat lfst_r_lfp2actrc: 100 - participation rate,VERIFIED
inactive_share_from_published_rate,DE,DED,Y20-64,2025,13.6,percent of population,Eurostat lfst_r_lfp2actrc: 100 - participation rate,VERIFIED
inactive_share_from_published_rate,DE,DEE,Y20-64,2025,16.9,percent of population,Eurostat lfst_r_lfp2actrc: 100 - participation rate,VERIFIED
inactive_share_from_published_rate,DE,DEF,Y20-64,2025,16.0,percent of population,Eurostat lfst_r_lfp2actrc: 100 - participation rate,VERIFIED
inactive_share_from_published_rate,DE,DEG,Y20-64,2025,15.5,percent of population,Eurostat lfst_r_lfp2actrc: 100 - participation rate,VERIFIED
inactive_share_from_published_rate,DE,DE,Y_GE15,2025,38.3,percent of population,Eurostat lfst_r_lfp2actrt: 100 - participation rate,VERIFIED
inactive_share_from_published_rate,DE,DE1,Y_GE15,2025,35.6,percent of population,Eurostat lfst_r_lfp2actrt: 100 - participation rate,VERIFIED
inactive_share_from_published_rate,DE,DE2,Y_GE15,2025,35.3,percent of population,Eurostat lfst_r_lfp2actrt: 100 - participation rate,VERIFIED
inactive_share_from_published_rate,DE,DE3,Y_GE15,2025,37.4,percent of population,Eurostat lfst_r_lfp2actrt: 100 - participation rate,VERIFIED
inactive_share_from_published_rate,DE,DE4,Y_GE15,2025,42.4,percent of population,Eurostat lfst_r_lfp2actrt: 100 - participation rate,VERIFIED
inactive_share_from_published_rate,DE,DE5,Y_GE15,2025,40.8,percent of population,Eurostat lfst_r_lfp2actrt: 100 - participation rate,VERIFIED
inactive_share_from_published_rate,DE,DE6,Y_GE15,2025,35.2,percent of population,Eurostat lfst_r_lfp2actrt: 100 - participation rate,VERIFIED
inactive_share_from_published_rate,DE,DE7,Y_GE15,2025,38.4,percent of population,Eurostat lfst_r_lfp2actrt: 100 - participation rate,VERIFIED
inactive_share_from_published_rate,DE,DE8,Y_GE15,2025,44.5,percent of population,Eurostat lfst_r_lfp2actrt: 100 - participation rate,VERIFIED
inactive_share_from_published_rate,DE,DE9,Y_GE15,2025,38.6,percent of population,Eurostat lfst_r_lfp2actrt: 100 - participation rate,VERIFIED
inactive_share_from_published_rate,DE,DEA,Y_GE15,2025,39.2,percent of population,Eurostat lfst_r_lfp2actrt: 100 - participation rate,VERIFIED
inactive_share_from_published_rate,DE,DEB,Y_GE15,2025,37.6,percent of population,Eurostat lfst_r_lfp2actrt: 100 - participation rate,VERIFIED
inactive_share_from_published_rate,DE,DEC,Y_GE15,2025,42.4,percent of population,Eurostat lfst_r_lfp2actrt: 100 - participation rate,VERIFIED
inactive_share_from_published_rate,DE,DED,Y_GE15,2025,41.6,percent of population,Eurostat lfst_r_lfp2actrt: 100 - participation rate,VERIFIED
inactive_share_from_published_rate,DE,DEE,Y_GE15,2025,44.9,percent of population,Eurostat lfst_r_lfp2actrt: 100 - participation rate,VERIFIED
inactive_share_from_published_rate,DE,DEF,Y_GE15,2025,38.8,percent of population,Eurostat lfst_r_lfp2actrt: 100 - participation rate,VERIFIED
inactive_share_from_published_rate,DE,DEG,Y_GE15,2025,43.2,percent of population,Eurostat lfst_r_lfp2actrt: 100 - participation rate,VERIFIED
inactive_share_from_published_rate,FR,FR,Y15-64,2015,28.8,percent of population,Eurostat lfst_r_lfp2actrt: 100 - participation rate,VERIFIED
inactive_share_from_published_rate,FR,FR1,Y15-64,2015,26.7,percent of population,Eurostat lfst_r_lfp2actrt: 100 - participation rate,VERIFIED
inactive_share_from_published_rate,FR,FRB,Y15-64,2015,29.4,percent of population,Eurostat lfst_r_lfp2actrt: 100 - participation rate,VERIFIED
inactive_share_from_published_rate,FR,FRC,Y15-64,2015,28.9,percent of population,Eurostat lfst_r_lfp2actrt: 100 - participation rate,VERIFIED
inactive_share_from_published_rate,FR,FRD,Y15-64,2015,29.3,percent of population,Eurostat lfst_r_lfp2actrt: 100 - participation rate,VERIFIED
inactive_share_from_published_rate,FR,FRE,Y15-64,2015,32.8,percent of population,Eurostat lfst_r_lfp2actrt: 100 - participation rate,VERIFIED
inactive_share_from_published_rate,FR,FRF,Y15-64,2015,29.2,percent of population,Eurostat lfst_r_lfp2actrt: 100 - participation rate,VERIFIED
inactive_share_from_published_rate,FR,FRG,Y15-64,2015,25.5,percent of population,Eurostat lfst_r_lfp2actrt: 100 - participation rate,VERIFIED
inactive_share_from_published_rate,FR,FRH,Y15-64,2015,26.7,percent of population,Eurostat lfst_r_lfp2actrt: 100 - participation rate,VERIFIED
inactive_share_from_published_rate,FR,FRI,Y15-64,2015,27.0,percent of population,Eurostat lfst_r_lfp2actrt: 100 - participation rate,VERIFIED
inactive_share_from_published_rate,FR,FRJ,Y15-64,2015,30.5,percent of population,Eurostat lfst_r_lfp2actrt: 100 - participation rate,VERIFIED
inactive_share_from_published_rate,FR,FRK,Y15-64,2015,27.1,percent of population,Eurostat lfst_r_lfp2actrt: 100 - participation rate,VERIFIED
inactive_share_from_published_rate,FR,FRL,Y15-64,2015,30.3,percent of population,Eurostat lfst_r_lfp2actrt: 100 - participation rate,VERIFIED
inactive_share_from_published_rate,FR,FRM,Y15-64,2015,37.1,percent of population,Eurostat lfst_r_lfp2actrt: 100 - participation rate,VERIFIED (low reliability flag)
inactive_share_from_published_rate,FR,FRY,Y15-64,2015,38.4,percent of population,Eurostat lfst_r_lfp2actrt: 100 - participation rate,VERIFIED
inactive_share_from_published_rate,FR,FR,Y15-74,2015,37.6,percent of population,Eurostat lfst_r_lfp2actrt: 100 - participation rate,VERIFIED
inactive_share_from_published_rate,FR,FR1,Y15-74,2015,33.6,percent of population,Eurostat lfst_r_lfp2actrt: 100 - participation rate,VERIFIED
inactive_share_from_published_rate,FR,FRB,Y15-74,2015,39.8,percent of population,Eurostat lfst_r_lfp2actrt: 100 - participation rate,VERIFIED
inactive_share_from_published_rate,FR,FRC,Y15-74,2015,38.5,percent of population,Eurostat lfst_r_lfp2actrt: 100 - participation rate,VERIFIED
inactive_share_from_published_rate,FR,FRD,Y15-74,2015,38.2,percent of population,Eurostat lfst_r_lfp2actrt: 100 - participation rate,VERIFIED
inactive_share_from_published_rate,FR,FRE,Y15-74,2015,40.5,percent of population,Eurostat lfst_r_lfp2actrt: 100 - participation rate,VERIFIED
inactive_share_from_published_rate,FR,FRF,Y15-74,2015,37.5,percent of population,Eurostat lfst_r_lfp2actrt: 100 - participation rate,VERIFIED
inactive_share_from_published_rate,FR,FRG,Y15-74,2015,34.7,percent of population,Eurostat lfst_r_lfp2actrt: 100 - participation rate,VERIFIED
inactive_share_from_published_rate,FR,FRH,Y15-74,2015,36.0,percent of population,Eurostat lfst_r_lfp2actrt: 100 - participation rate,VERIFIED
inactive_share_from_published_rate,FR,FRI,Y15-74,2015,37.7,percent of population,Eurostat lfst_r_lfp2actrt: 100 - participation rate,VERIFIED
inactive_share_from_published_rate,FR,FRJ,Y15-74,2015,40.4,percent of population,Eurostat lfst_r_lfp2actrt: 100 - participation rate,VERIFIED
inactive_share_from_published_rate,FR,FRK,Y15-74,2015,36.2,percent of population,Eurostat lfst_r_lfp2actrt: 100 - participation rate,VERIFIED
inactive_share_from_published_rate,FR,FRL,Y15-74,2015,40.2,percent of population,Eurostat lfst_r_lfp2actrt: 100 - participation rate,VERIFIED
inactive_share_from_published_rate,FR,FRM,Y15-74,2015,52.4,percent of population,Eurostat lfst_r_lfp2actrt: 100 - participation rate,VERIFIED (low reliability flag)
inactive_share_from_published_rate,FR,FRY,Y15-74,2015,43.7,percent of population,Eurostat lfst_r_lfp2actrt: 100 - participation rate,VERIFIED
inactive_share_from_published_rate,FR,FR,Y20-64,2015,22.8,percent of population,Eurostat lfst_r_lfp2actrc: 100 - participation rate,VERIFIED
inactive_share_from_published_rate,FR,FR1,Y20-64,2015,20.3,percent of population,Eurostat lfst_r_lfp2actrc: 100 - participation rate,VERIFIED
inactive_share_from_published_rate,FR,FRB,Y20-64,2015,23.5,percent of population,Eurostat lfst_r_lfp2actrc: 100 - participation rate,VERIFIED
inactive_share_from_published_rate,FR,FRC,Y20-64,2015,23.0,percent of population,Eurostat lfst_r_lfp2actrc: 100 - participation rate,VERIFIED
inactive_share_from_published_rate,FR,FRD,Y20-64,2015,23.4,percent of population,Eurostat lfst_r_lfp2actrc: 100 - participation rate,VERIFIED
inactive_share_from_published_rate,FR,FRE,Y20-64,2015,26.8,percent of population,Eurostat lfst_r_lfp2actrc: 100 - participation rate,VERIFIED
inactive_share_from_published_rate,FR,FRF,Y20-64,2015,23.7,percent of population,Eurostat lfst_r_lfp2actrc: 100 - participation rate,VERIFIED
inactive_share_from_published_rate,FR,FRG,Y20-64,2015,20.1,percent of population,Eurostat lfst_r_lfp2actrc: 100 - participation rate,VERIFIED
inactive_share_from_published_rate,FR,FRH,Y20-64,2015,20.5,percent of population,Eurostat lfst_r_lfp2actrc: 100 - participation rate,VERIFIED
inactive_share_from_published_rate,FR,FRI,Y20-64,2015,21.6,percent of population,Eurostat lfst_r_lfp2actrc: 100 - participation rate,VERIFIED
inactive_share_from_published_rate,FR,FRJ,Y20-64,2015,24.6,percent of population,Eurostat lfst_r_lfp2actrc: 100 - participation rate,VERIFIED
inactive_share_from_published_rate,FR,FRK,Y20-64,2015,20.8,percent of population,Eurostat lfst_r_lfp2actrc: 100 - participation rate,VERIFIED
inactive_share_from_published_rate,FR,FRL,Y20-64,2015,24.4,percent of population,Eurostat lfst_r_lfp2actrc: 100 - participation rate,VERIFIED
inactive_share_from_published_rate,FR,FRM,Y20-64,2015,32.0,percent of population,Eurostat lfst_r_lfp2actrc: 100 - participation rate,VERIFIED (low reliability flag)
inactive_share_from_published_rate,FR,FRY,Y20-64,2015,30.7,percent of population,Eurostat lfst_r_lfp2actrc: 100 - participation rate,VERIFIED
inactive_share_from_published_rate,FR,FR,Y_GE15,2015,44.0,percent of population,Eurostat lfst_r_lfp2actrt: 100 - participation rate,VERIFIED
inactive_share_from_published_rate,FR,FR1,Y_GE15,2015,38.7,percent of population,Eurostat lfst_r_lfp2actrt: 100 - participation rate,VERIFIED
inactive_share_from_published_rate,FR,FRB,Y_GE15,2015,46.4,percent of population,Eurostat lfst_r_lfp2actrt: 100 - participation rate,VERIFIED
inactive_share_from_published_rate,FR,FRC,Y_GE15,2015,45.7,percent of population,Eurostat lfst_r_lfp2actrt: 100 - participation rate,VERIFIED
inactive_share_from_published_rate,FR,FRD,Y_GE15,2015,44.8,percent of population,Eurostat lfst_r_lfp2actrt: 100 - participation rate,VERIFIED
inactive_share_from_published_rate,FR,FRE,Y_GE15,2015,45.9,percent of population,Eurostat lfst_r_lfp2actrt: 100 - participation rate,VERIFIED
inactive_share_from_published_rate,FR,FRF,Y_GE15,2015,44.1,percent of population,Eurostat lfst_r_lfp2actrt: 100 - participation rate,VERIFIED
inactive_share_from_published_rate,FR,FRG,Y_GE15,2015,42.0,percent of population,Eurostat lfst_r_lfp2actrt: 100 - participation rate,VERIFIED
inactive_share_from_published_rate,FR,FRH,Y_GE15,2015,44.1,percent of population,Eurostat lfst_r_lfp2actrt: 100 - participation rate,VERIFIED
inactive_share_from_published_rate,FR,FRI,Y_GE15,2015,45.3,percent of population,Eurostat lfst_r_lfp2actrt: 100 - participation rate,VERIFIED
inactive_share_from_published_rate,FR,FRJ,Y_GE15,2015,47.2,percent of population,Eurostat lfst_r_lfp2actrt: 100 - participation rate,VERIFIED
inactive_share_from_published_rate,FR,FRK,Y_GE15,2015,42.8,percent of population,Eurostat lfst_r_lfp2actrt: 100 - participation rate,VERIFIED
inactive_share_from_published_rate,FR,FRL,Y_GE15,2015,47.4,percent of population,Eurostat lfst_r_lfp2actrt: 100 - participation rate,VERIFIED
inactive_share_from_published_rate,FR,FRM,Y_GE15,2015,59.5,percent of population,Eurostat lfst_r_lfp2actrt: 100 - participation rate,VERIFIED (low reliability flag)
inactive_share_from_published_rate,FR,FRY,Y_GE15,2015,47.4,percent of population,Eurostat lfst_r_lfp2actrt: 100 - participation rate,VERIFIED
inactive_share_from_published_rate,FR,FR,Y15-64,2025,24.9,percent of population,Eurostat lfst_r_lfp2actrt: 100 - participation rate,VERIFIED (definition differs)
inactive_share_from_published_rate,FR,FR1,Y15-64,2025,23.4,percent of population,Eurostat lfst_r_lfp2actrt: 100 - participation rate,VERIFIED (definition differs)
inactive_share_from_published_rate,FR,FRB,Y15-64,2025,23.7,percent of population,Eurostat lfst_r_lfp2actrt: 100 - participation rate,VERIFIED (definition differs)
inactive_share_from_published_rate,FR,FRC,Y15-64,2025,26.1,percent of population,Eurostat lfst_r_lfp2actrt: 100 - participation rate,VERIFIED (definition differs)
inactive_share_from_published_rate,FR,FRD,Y15-64,2025,24.6,percent of population,Eurostat lfst_r_lfp2actrt: 100 - participation rate,VERIFIED (definition differs)
inactive_share_from_published_rate,FR,FRE,Y15-64,2025,26.8,percent of population,Eurostat lfst_r_lfp2actrt: 100 - participation rate,VERIFIED (definition differs)
inactive_share_from_published_rate,FR,FRF,Y15-64,2025,26.1,percent of population,Eurostat lfst_r_lfp2actrt: 100 - participation rate,VERIFIED (definition differs)
inactive_share_from_published_rate,FR,FRG,Y15-64,2025,22.9,percent of population,Eurostat lfst_r_lfp2actrt: 100 - participation rate,VERIFIED (definition differs)
inactive_share_from_published_rate,FR,FRH,Y15-64,2025,24.3,percent of population,Eurostat lfst_r_lfp2actrt: 100 - participation rate,VERIFIED (definition differs)
inactive_share_from_published_rate,FR,FRI,Y15-64,2025,22.7,percent of population,Eurostat lfst_r_lfp2actrt: 100 - participation rate,VERIFIED (definition differs)
inactive_share_from_published_rate,FR,FRJ,Y15-64,2025,25.3,percent of population,Eurostat lfst_r_lfp2actrt: 100 - participation rate,VERIFIED (definition differs)
inactive_share_from_published_rate,FR,FRK,Y15-64,2025,22.6,percent of population,Eurostat lfst_r_lfp2actrt: 100 - participation rate,VERIFIED (definition differs)
inactive_share_from_published_rate,FR,FRL,Y15-64,2025,26.6,percent of population,Eurostat lfst_r_lfp2actrt: 100 - participation rate,VERIFIED (definition differs)
inactive_share_from_published_rate,FR,FRM,Y15-64,2025,31.2,percent of population,Eurostat lfst_r_lfp2actrt: 100 - participation rate,VERIFIED (flag du)
inactive_share_from_published_rate,FR,FRY,Y15-64,2025,39.3,percent of population,Eurostat lfst_r_lfp2actrt: 100 - participation rate,VERIFIED (definition differs)
inactive_share_from_published_rate,FR,FR,Y15-74,2025,35.2,percent of population,Eurostat lfst_r_lfp2actrt: 100 - participation rate,VERIFIED (definition differs)
inactive_share_from_published_rate,FR,FR1,Y15-74,2025,30.8,percent of population,Eurostat lfst_r_lfp2actrt: 100 - participation rate,VERIFIED (definition differs)
inactive_share_from_published_rate,FR,FRB,Y15-74,2025,34.9,percent of population,Eurostat lfst_r_lfp2actrt: 100 - participation rate,VERIFIED (definition differs)
inactive_share_from_published_rate,FR,FRC,Y15-74,2025,37.5,percent of population,Eurostat lfst_r_lfp2actrt: 100 - participation rate,VERIFIED (definition differs)
inactive_share_from_published_rate,FR,FRD,Y15-74,2025,36.4,percent of population,Eurostat lfst_r_lfp2actrt: 100 - participation rate,VERIFIED (definition differs)
inactive_share_from_published_rate,FR,FRE,Y15-74,2025,36.6,percent of population,Eurostat lfst_r_lfp2actrt: 100 - participation rate,VERIFIED (definition differs)
inactive_share_from_published_rate,FR,FRF,Y15-74,2025,36.7,percent of population,Eurostat lfst_r_lfp2actrt: 100 - participation rate,VERIFIED (definition differs)
inactive_share_from_published_rate,FR,FRG,Y15-74,2025,34.5,percent of population,Eurostat lfst_r_lfp2actrt: 100 - participation rate,VERIFIED (definition differs)
inactive_share_from_published_rate,FR,FRH,Y15-74,2025,37.0,percent of population,Eurostat lfst_r_lfp2actrt: 100 - participation rate,VERIFIED (definition differs)
inactive_share_from_published_rate,FR,FRI,Y15-74,2025,35.5,percent of population,Eurostat lfst_r_lfp2actrt: 100 - participation rate,VERIFIED (definition differs)
inactive_share_from_published_rate,FR,FRJ,Y15-74,2025,36.8,percent of population,Eurostat lfst_r_lfp2actrt: 100 - participation rate,VERIFIED (definition differs)
inactive_share_from_published_rate,FR,FRK,Y15-74,2025,32.9,percent of population,Eurostat lfst_r_lfp2actrt: 100 - participation rate,VERIFIED (definition differs)
inactive_share_from_published_rate,FR,FRL,Y15-74,2025,37.5,percent of population,Eurostat lfst_r_lfp2actrt: 100 - participation rate,VERIFIED (definition differs)
inactive_share_from_published_rate,FR,FRM,Y15-74,2025,40.7,percent of population,Eurostat lfst_r_lfp2actrt: 100 - participation rate,VERIFIED (flag du)
inactive_share_from_published_rate,FR,FRY,Y15-74,2025,45.8,percent of population,Eurostat lfst_r_lfp2actrt: 100 - participation rate,VERIFIED (definition differs)
inactive_share_from_published_rate,FR,FR,Y20-64,2025,18.8,percent of population,Eurostat lfst_r_lfp2actrc: 100 - participation rate,VERIFIED (definition differs)
inactive_share_from_published_rate,FR,FR1,Y20-64,2025,16.4,percent of population,Eurostat lfst_r_lfp2actrc: 100 - participation rate,VERIFIED (definition differs)
inactive_share_from_published_rate,FR,FRB,Y20-64,2025,17.4,percent of population,Eurostat lfst_r_lfp2actrc: 100 - participation rate,VERIFIED (definition differs)
inactive_share_from_published_rate,FR,FRC,Y20-64,2025,19.7,percent of population,Eurostat lfst_r_lfp2actrc: 100 - participation rate,VERIFIED (definition differs)
inactive_share_from_published_rate,FR,FRD,Y20-64,2025,18.5,percent of population,Eurostat lfst_r_lfp2actrc: 100 - participation rate,VERIFIED (definition differs)
inactive_share_from_published_rate,FR,FRE,Y20-64,2025,21.3,percent of population,Eurostat lfst_r_lfp2actrc: 100 - participation rate,VERIFIED (definition differs)
inactive_share_from_published_rate,FR,FRF,Y20-64,2025,20.2,percent of population,Eurostat lfst_r_lfp2actrc: 100 - participation rate,VERIFIED (definition differs)
inactive_share_from_published_rate,FR,FRG,Y20-64,2025,17.3,percent of population,Eurostat lfst_r_lfp2actrc: 100 - participation rate,VERIFIED (definition differs)
inactive_share_from_published_rate,FR,FRH,Y20-64,2025,17.5,percent of population,Eurostat lfst_r_lfp2actrc: 100 - participation rate,VERIFIED (definition differs)
inactive_share_from_published_rate,FR,FRI,Y20-64,2025,17.1,percent of population,Eurostat lfst_r_lfp2actrc: 100 - participation rate,VERIFIED (definition differs)
inactive_share_from_published_rate,FR,FRJ,Y20-64,2025,19.4,percent of population,Eurostat lfst_r_lfp2actrc: 100 - participation rate,VERIFIED (definition differs)
inactive_share_from_published_rate,FR,FRK,Y20-64,2025,17.4,percent of population,Eurostat lfst_r_lfp2actrc: 100 - participation rate,VERIFIED (definition differs)
inactive_share_from_published_rate,FR,FRL,Y20-64,2025,20.3,percent of population,Eurostat lfst_r_lfp2actrc: 100 - participation rate,VERIFIED (definition differs)
inactive_share_from_published_rate,FR,FRM,Y20-64,2025,22.3,percent of population,Eurostat lfst_r_lfp2actrc: 100 - participation rate,VERIFIED (flag du)
inactive_share_from_published_rate,FR,FRY,Y20-64,2025,31.8,percent of population,Eurostat lfst_r_lfp2actrc: 100 - participation rate,VERIFIED (definition differs)
inactive_share_from_published_rate,FR,FR,Y_GE15,2025,43.0,percent of population,Eurostat lfst_r_lfp2actrt: 100 - participation rate,VERIFIED (definition differs)
inactive_share_from_published_rate,FR,FR1,Y_GE15,2025,37.0,percent of population,Eurostat lfst_r_lfp2actrt: 100 - participation rate,VERIFIED (definition differs)
inactive_share_from_published_rate,FR,FRB,Y_GE15,2025,43.9,percent of population,Eurostat lfst_r_lfp2actrt: 100 - participation rate,VERIFIED (definition differs)
inactive_share_from_published_rate,FR,FRC,Y_GE15,2025,46.2,percent of population,Eurostat lfst_r_lfp2actrt: 100 - participation rate,VERIFIED (definition differs)
inactive_share_from_published_rate,FR,FRD,Y_GE15,2025,44.7,percent of population,Eurostat lfst_r_lfp2actrt: 100 - participation rate,VERIFIED (definition differs)
inactive_share_from_published_rate,FR,FRE,Y_GE15,2025,43.6,percent of population,Eurostat lfst_r_lfp2actrt: 100 - participation rate,VERIFIED (definition differs)
inactive_share_from_published_rate,FR,FRF,Y_GE15,2025,44.5,percent of population,Eurostat lfst_r_lfp2actrt: 100 - participation rate,VERIFIED (definition differs)
inactive_share_from_published_rate,FR,FRG,Y_GE15,2025,42.4,percent of population,Eurostat lfst_r_lfp2actrt: 100 - participation rate,VERIFIED (definition differs)
inactive_share_from_published_rate,FR,FRH,Y_GE15,2025,44.6,percent of population,Eurostat lfst_r_lfp2actrt: 100 - participation rate,VERIFIED (definition differs)
inactive_share_from_published_rate,FR,FRI,Y_GE15,2025,44.7,percent of population,Eurostat lfst_r_lfp2actrt: 100 - participation rate,VERIFIED (definition differs)
inactive_share_from_published_rate,FR,FRJ,Y_GE15,2025,45.2,percent of population,Eurostat lfst_r_lfp2actrt: 100 - participation rate,VERIFIED (definition differs)
inactive_share_from_published_rate,FR,FRK,Y_GE15,2025,40.9,percent of population,Eurostat lfst_r_lfp2actrt: 100 - participation rate,VERIFIED (definition differs)
inactive_share_from_published_rate,FR,FRL,Y_GE15,2025,46.5,percent of population,Eurostat lfst_r_lfp2actrt: 100 - participation rate,VERIFIED (definition differs)
inactive_share_from_published_rate,FR,FRM,Y_GE15,2025,49.1,percent of population,Eurostat lfst_r_lfp2actrt: 100 - participation rate,VERIFIED (flag du)
inactive_share_from_published_rate,FR,FRY,Y_GE15,2025,50.6,percent of population,Eurostat lfst_r_lfp2actrt: 100 - participation rate,VERIFIED (definition differs)
inactive_share_from_published_rate,IT,IT,Y15-64,2015,36.0,percent of population,Eurostat lfst_r_lfp2actrt: 100 - participation rate,VERIFIED
inactive_share_from_published_rate,IT,ITC1,Y15-64,2015,28.9,percent of population,Eurostat lfst_r_lfp2actrt: 100 - participation rate,VERIFIED
inactive_share_from_published_rate,IT,ITC2,Y15-64,2015,27.2,percent of population,Eurostat lfst_r_lfp2actrt: 100 - participation rate,VERIFIED
inactive_share_from_published_rate,IT,ITC3,Y15-64,2015,31.2,percent of population,Eurostat lfst_r_lfp2actrt: 100 - participation rate,VERIFIED
inactive_share_from_published_rate,IT,ITC4,Y15-64,2015,29.2,percent of population,Eurostat lfst_r_lfp2actrt: 100 - participation rate,VERIFIED
inactive_share_from_published_rate,IT,ITF1,Y15-64,2015,37.4,percent of population,Eurostat lfst_r_lfp2actrt: 100 - participation rate,VERIFIED
inactive_share_from_published_rate,IT,ITF2,Y15-64,2015,42.2,percent of population,Eurostat lfst_r_lfp2actrt: 100 - participation rate,VERIFIED
inactive_share_from_published_rate,IT,ITF3,Y15-64,2015,50.5,percent of population,Eurostat lfst_r_lfp2actrt: 100 - participation rate,VERIFIED
inactive_share_from_published_rate,IT,ITF4,Y15-64,2015,46.0,percent of population,Eurostat lfst_r_lfp2actrt: 100 - participation rate,VERIFIED
inactive_share_from_published_rate,IT,ITF5,Y15-64,2015,42.9,percent of population,Eurostat lfst_r_lfp2actrt: 100 - participation rate,VERIFIED
inactive_share_from_published_rate,IT,ITF6,Y15-64,2015,49.3,percent of population,Eurostat lfst_r_lfp2actrt: 100 - participation rate,VERIFIED
inactive_share_from_published_rate,IT,ITG1,Y15-64,2015,49.0,percent of population,Eurostat lfst_r_lfp2actrt: 100 - participation rate,VERIFIED
inactive_share_from_published_rate,IT,ITG2,Y15-64,2015,39.1,percent of population,Eurostat lfst_r_lfp2actrt: 100 - participation rate,VERIFIED
inactive_share_from_published_rate,IT,ITH1,Y15-64,2015,25.7,percent of population,Eurostat lfst_r_lfp2actrt: 100 - participation rate,VERIFIED
inactive_share_from_published_rate,IT,ITH2,Y15-64,2015,29.0,percent of population,Eurostat lfst_r_lfp2actrt: 100 - participation rate,VERIFIED
inactive_share_from_published_rate,IT,ITH3,Y15-64,2015,31.4,percent of population,Eurostat lfst_r_lfp2actrt: 100 - participation rate,VERIFIED
inactive_share_from_published_rate,IT,ITH4,Y15-64,2015,30.7,percent of population,Eurostat lfst_r_lfp2actrt: 100 - participation rate,VERIFIED
inactive_share_from_published_rate,IT,ITH5,Y15-64,2015,27.6,percent of population,Eurostat lfst_r_lfp2actrt: 100 - participation rate,VERIFIED
inactive_share_from_published_rate,IT,ITI1,Y15-64,2015,28.5,percent of population,Eurostat lfst_r_lfp2actrt: 100 - participation rate,VERIFIED
inactive_share_from_published_rate,IT,ITI2,Y15-64,2015,29.4,percent of population,Eurostat lfst_r_lfp2actrt: 100 - participation rate,VERIFIED
inactive_share_from_published_rate,IT,ITI3,Y15-64,2015,30.8,percent of population,Eurostat lfst_r_lfp2actrt: 100 - participation rate,VERIFIED
inactive_share_from_published_rate,IT,ITI4,Y15-64,2015,33.0,percent of population,Eurostat lfst_r_lfp2actrt: 100 - participation rate,VERIFIED
inactive_share_from_published_rate,IT,IT,Y15-74,2015,44.1,percent of population,Eurostat lfst_r_lfp2actrt: 100 - participation rate,VERIFIED
inactive_share_from_published_rate,IT,ITC1,Y15-74,2015,39.0,percent of population,Eurostat lfst_r_lfp2actrt: 100 - participation rate,VERIFIED
inactive_share_from_published_rate,IT,ITC2,Y15-74,2015,37.0,percent of population,Eurostat lfst_r_lfp2actrt: 100 - participation rate,VERIFIED
inactive_share_from_published_rate,IT,ITC3,Y15-74,2015,41.8,percent of population,Eurostat lfst_r_lfp2actrt: 100 - participation rate,VERIFIED
inactive_share_from_published_rate,IT,ITC4,Y15-74,2015,38.4,percent of population,Eurostat lfst_r_lfp2actrt: 100 - participation rate,VERIFIED
inactive_share_from_published_rate,IT,ITF1,Y15-74,2015,45.2,percent of population,Eurostat lfst_r_lfp2actrt: 100 - participation rate,VERIFIED
inactive_share_from_published_rate,IT,ITF2,Y15-74,2015,49.5,percent of population,Eurostat lfst_r_lfp2actrt: 100 - participation rate,VERIFIED
inactive_share_from_published_rate,IT,ITF3,Y15-74,2015,56.0,percent of population,Eurostat lfst_r_lfp2actrt: 100 - participation rate,VERIFIED
inactive_share_from_published_rate,IT,ITF4,Y15-74,2015,53.0,percent of population,Eurostat lfst_r_lfp2actrt: 100 - participation rate,VERIFIED
inactive_share_from_published_rate,IT,ITF5,Y15-74,2015,49.7,percent of population,Eurostat lfst_r_lfp2actrt: 100 - participation rate,VERIFIED
inactive_share_from_published_rate,IT,ITF6,Y15-74,2015,55.3,percent of population,Eurostat lfst_r_lfp2actrt: 100 - participation rate,VERIFIED
inactive_share_from_published_rate,IT,ITG1,Y15-74,2015,55.2,percent of population,Eurostat lfst_r_lfp2actrt: 100 - participation rate,VERIFIED
inactive_share_from_published_rate,IT,ITG2,Y15-74,2015,47.0,percent of population,Eurostat lfst_r_lfp2actrt: 100 - participation rate,VERIFIED
inactive_share_from_published_rate,IT,ITH1,Y15-74,2015,34.0,percent of population,Eurostat lfst_r_lfp2actrt: 100 - participation rate,VERIFIED
inactive_share_from_published_rate,IT,ITH2,Y15-74,2015,37.6,percent of population,Eurostat lfst_r_lfp2actrt: 100 - participation rate,VERIFIED
inactive_share_from_published_rate,IT,ITH3,Y15-74,2015,40.3,percent of population,Eurostat lfst_r_lfp2actrt: 100 - participation rate,VERIFIED
inactive_share_from_published_rate,IT,ITH4,Y15-74,2015,41.2,percent of population,Eurostat lfst_r_lfp2actrt: 100 - participation rate,VERIFIED
inactive_share_from_published_rate,IT,ITH5,Y15-74,2015,36.9,percent of population,Eurostat lfst_r_lfp2actrt: 100 - participation rate,VERIFIED
inactive_share_from_published_rate,IT,ITI1,Y15-74,2015,38.5,percent of population,Eurostat lfst_r_lfp2actrt: 100 - participation rate,VERIFIED
inactive_share_from_published_rate,IT,ITI2,Y15-74,2015,39.1,percent of population,Eurostat lfst_r_lfp2actrt: 100 - participation rate,VERIFIED
inactive_share_from_published_rate,IT,ITI3,Y15-74,2015,39.5,percent of population,Eurostat lfst_r_lfp2actrt: 100 - participation rate,VERIFIED
inactive_share_from_published_rate,IT,ITI4,Y15-74,2015,41.1,percent of population,Eurostat lfst_r_lfp2actrt: 100 - participation rate,VERIFIED
inactive_share_from_published_rate,IT,IT,Y20-64,2015,31.4,percent of population,Eurostat lfst_r_lfp2actrc: 100 - participation rate,VERIFIED
inactive_share_from_published_rate,IT,ITC1,Y20-64,2015,24.4,percent of population,Eurostat lfst_r_lfp2actrc: 100 - participation rate,VERIFIED
inactive_share_from_published_rate,IT,ITC2,Y20-64,2015,22.5,percent of population,Eurostat lfst_r_lfp2actrc: 100 - participation rate,VERIFIED
inactive_share_from_published_rate,IT,ITC3,Y20-64,2015,26.6,percent of population,Eurostat lfst_r_lfp2actrc: 100 - participation rate,VERIFIED
inactive_share_from_published_rate,IT,ITC4,Y20-64,2015,24.4,percent of population,Eurostat lfst_r_lfp2actrc: 100 - participation rate,VERIFIED
inactive_share_from_published_rate,IT,ITF1,Y20-64,2015,33.1,percent of population,Eurostat lfst_r_lfp2actrc: 100 - participation rate,VERIFIED
inactive_share_from_published_rate,IT,ITF2,Y20-64,2015,38.2,percent of population,Eurostat lfst_r_lfp2actrc: 100 - participation rate,VERIFIED
inactive_share_from_published_rate,IT,ITF3,Y20-64,2015,46.6,percent of population,Eurostat lfst_r_lfp2actrc: 100 - participation rate,VERIFIED
inactive_share_from_published_rate,IT,ITF4,Y20-64,2015,41.9,percent of population,Eurostat lfst_r_lfp2actrc: 100 - participation rate,VERIFIED
inactive_share_from_published_rate,IT,ITF5,Y20-64,2015,38.6,percent of population,Eurostat lfst_r_lfp2actrc: 100 - participation rate,VERIFIED
inactive_share_from_published_rate,IT,ITF6,Y20-64,2015,45.5,percent of population,Eurostat lfst_r_lfp2actrc: 100 - participation rate,VERIFIED
inactive_share_from_published_rate,IT,ITG1,Y20-64,2015,45.1,percent of population,Eurostat lfst_r_lfp2actrc: 100 - participation rate,VERIFIED
inactive_share_from_published_rate,IT,ITG2,Y20-64,2015,35.2,percent of population,Eurostat lfst_r_lfp2actrc: 100 - participation rate,VERIFIED
inactive_share_from_published_rate,IT,ITH1,Y20-64,2015,20.3,percent of population,Eurostat lfst_r_lfp2actrc: 100 - participation rate,VERIFIED
inactive_share_from_published_rate,IT,ITH2,Y20-64,2015,23.5,percent of population,Eurostat lfst_r_lfp2actrc: 100 - participation rate,VERIFIED
inactive_share_from_published_rate,IT,ITH3,Y20-64,2015,26.5,percent of population,Eurostat lfst_r_lfp2actrc: 100 - participation rate,VERIFIED
inactive_share_from_published_rate,IT,ITH4,Y20-64,2015,26.1,percent of population,Eurostat lfst_r_lfp2actrc: 100 - participation rate,VERIFIED
inactive_share_from_published_rate,IT,ITH5,Y20-64,2015,22.9,percent of population,Eurostat lfst_r_lfp2actrc: 100 - participation rate,VERIFIED
inactive_share_from_published_rate,IT,ITI1,Y20-64,2015,23.8,percent of population,Eurostat lfst_r_lfp2actrc: 100 - participation rate,VERIFIED
inactive_share_from_published_rate,IT,ITI2,Y20-64,2015,24.7,percent of population,Eurostat lfst_r_lfp2actrc: 100 - participation rate,VERIFIED
inactive_share_from_published_rate,IT,ITI3,Y20-64,2015,26.1,percent of population,Eurostat lfst_r_lfp2actrc: 100 - participation rate,VERIFIED
inactive_share_from_published_rate,IT,ITI4,Y20-64,2015,28.4,percent of population,Eurostat lfst_r_lfp2actrc: 100 - participation rate,VERIFIED
inactive_share_from_published_rate,IT,IT,Y_GE15,2015,51.0,percent of population,Eurostat lfst_r_lfp2actrt: 100 - participation rate,VERIFIED
inactive_share_from_published_rate,IT,ITC1,Y_GE15,2015,47.5,percent of population,Eurostat lfst_r_lfp2actrt: 100 - participation rate,VERIFIED
inactive_share_from_published_rate,IT,ITC2,Y_GE15,2015,45.0,percent of population,Eurostat lfst_r_lfp2actrt: 100 - participation rate,VERIFIED
inactive_share_from_published_rate,IT,ITC3,Y_GE15,2015,51.5,percent of population,Eurostat lfst_r_lfp2actrt: 100 - participation rate,VERIFIED
inactive_share_from_published_rate,IT,ITC4,Y_GE15,2015,45.8,percent of population,Eurostat lfst_r_lfp2actrt: 100 - participation rate,VERIFIED
inactive_share_from_published_rate,IT,ITF1,Y_GE15,2015,52.6,percent of population,Eurostat lfst_r_lfp2actrt: 100 - participation rate,VERIFIED
inactive_share_from_published_rate,IT,ITF2,Y_GE15,2015,56.7,percent of population,Eurostat lfst_r_lfp2actrt: 100 - participation rate,VERIFIED
inactive_share_from_published_rate,IT,ITF3,Y_GE15,2015,60.3,percent of population,Eurostat lfst_r_lfp2actrt: 100 - participation rate,VERIFIED
inactive_share_from_published_rate,IT,ITF4,Y_GE15,2015,58.4,percent of population,Eurostat lfst_r_lfp2actrt: 100 - participation rate,VERIFIED
inactive_share_from_published_rate,IT,ITF5,Y_GE15,2015,56.4,percent of population,Eurostat lfst_r_lfp2actrt: 100 - participation rate,VERIFIED
inactive_share_from_published_rate,IT,ITF6,Y_GE15,2015,60.6,percent of population,Eurostat lfst_r_lfp2actrt: 100 - participation rate,VERIFIED
inactive_share_from_published_rate,IT,ITG1,Y_GE15,2015,60.3,percent of population,Eurostat lfst_r_lfp2actrt: 100 - participation rate,VERIFIED
inactive_share_from_published_rate,IT,ITG2,Y_GE15,2015,53.1,percent of population,Eurostat lfst_r_lfp2actrt: 100 - participation rate,VERIFIED
inactive_share_from_published_rate,IT,ITH1,Y_GE15,2015,40.9,percent of population,Eurostat lfst_r_lfp2actrt: 100 - participation rate,VERIFIED
inactive_share_from_published_rate,IT,ITH2,Y_GE15,2015,44.7,percent of population,Eurostat lfst_r_lfp2actrt: 100 - participation rate,VERIFIED
inactive_share_from_published_rate,IT,ITH3,Y_GE15,2015,47.4,percent of population,Eurostat lfst_r_lfp2actrt: 100 - participation rate,VERIFIED
inactive_share_from_published_rate,IT,ITH4,Y_GE15,2015,49.3,percent of population,Eurostat lfst_r_lfp2actrt: 100 - participation rate,VERIFIED
inactive_share_from_published_rate,IT,ITH5,Y_GE15,2015,45.6,percent of population,Eurostat lfst_r_lfp2actrt: 100 - participation rate,VERIFIED
inactive_share_from_published_rate,IT,ITI1,Y_GE15,2015,47.2,percent of population,Eurostat lfst_r_lfp2actrt: 100 - participation rate,VERIFIED
inactive_share_from_published_rate,IT,ITI2,Y_GE15,2015,48.1,percent of population,Eurostat lfst_r_lfp2actrt: 100 - participation rate,VERIFIED
inactive_share_from_published_rate,IT,ITI3,Y_GE15,2015,48.1,percent of population,Eurostat lfst_r_lfp2actrt: 100 - participation rate,VERIFIED
inactive_share_from_published_rate,IT,ITI4,Y_GE15,2015,48.0,percent of population,Eurostat lfst_r_lfp2actrt: 100 - participation rate,VERIFIED
inactive_share_from_published_rate,IT,IT,Y15-64,2025,33.3,percent of population,Eurostat lfst_r_lfp2actrt: 100 - participation rate,VERIFIED
inactive_share_from_published_rate,IT,ITC1,Y15-64,2025,26.5,percent of population,Eurostat lfst_r_lfp2actrt: 100 - participation rate,VERIFIED
inactive_share_from_published_rate,IT,ITC2,Y15-64,2025,25.1,percent of population,Eurostat lfst_r_lfp2actrt: 100 - participation rate,VERIFIED
inactive_share_from_published_rate,IT,ITC3,Y15-64,2025,27.8,percent of population,Eurostat lfst_r_lfp2actrt: 100 - participation rate,VERIFIED
inactive_share_from_published_rate,IT,ITC4,Y15-64,2025,28.3,percent of population,Eurostat lfst_r_lfp2actrt: 100 - participation rate,VERIFIED
inactive_share_from_published_rate,IT,ITF1,Y15-64,2025,33.0,percent of population,Eurostat lfst_r_lfp2actrt: 100 - participation rate,VERIFIED
inactive_share_from_published_rate,IT,ITF2,Y15-64,2025,38.2,percent of population,Eurostat lfst_r_lfp2actrt: 100 - participation rate,VERIFIED
inactive_share_from_published_rate,IT,ITF3,Y15-64,2025,45.6,percent of population,Eurostat lfst_r_lfp2actrt: 100 - participation rate,VERIFIED
inactive_share_from_published_rate,IT,ITF4,Y15-64,2025,43.2,percent of population,Eurostat lfst_r_lfp2actrt: 100 - participation rate,VERIFIED
inactive_share_from_published_rate,IT,ITF5,Y15-64,2025,39.3,percent of population,Eurostat lfst_r_lfp2actrt: 100 - participation rate,VERIFIED
inactive_share_from_published_rate,IT,ITF6,Y15-64,2025,48.3,percent of population,Eurostat lfst_r_lfp2actrt: 100 - participation rate,VERIFIED
inactive_share_from_published_rate,IT,ITG1,Y15-64,2025,45.9,percent of population,Eurostat lfst_r_lfp2actrt: 100 - participation rate,VERIFIED
inactive_share_from_published_rate,IT,ITG2,Y15-64,2025,35.6,percent of population,Eurostat lfst_r_lfp2actrt: 100 - participation rate,VERIFIED
inactive_share_from_published_rate,IT,ITH1,Y15-64,2025,24.8,percent of population,Eurostat lfst_r_lfp2actrt: 100 - participation rate,VERIFIED
inactive_share_from_published_rate,IT,ITH2,Y15-64,2025,26.4,percent of population,Eurostat lfst_r_lfp2actrt: 100 - participation rate,VERIFIED
inactive_share_from_published_rate,IT,ITH3,Y15-64,2025,28.2,percent of population,Eurostat lfst_r_lfp2actrt: 100 - participation rate,VERIFIED
inactive_share_from_published_rate,IT,ITH4,Y15-64,2025,27.2,percent of population,Eurostat lfst_r_lfp2actrt: 100 - participation rate,VERIFIED
inactive_share_from_published_rate,IT,ITH5,Y15-64,2025,25.5,percent of population,Eurostat lfst_r_lfp2actrt: 100 - participation rate,VERIFIED
inactive_share_from_published_rate,IT,ITI1,Y15-64,2025,26.3,percent of population,Eurostat lfst_r_lfp2actrt: 100 - participation rate,VERIFIED
inactive_share_from_published_rate,IT,ITI2,Y15-64,2025,27.5,percent of population,Eurostat lfst_r_lfp2actrt: 100 - participation rate,VERIFIED
inactive_share_from_published_rate,IT,ITI3,Y15-64,2025,28.7,percent of population,Eurostat lfst_r_lfp2actrt: 100 - participation rate,VERIFIED
inactive_share_from_published_rate,IT,ITI4,Y15-64,2025,32.0,percent of population,Eurostat lfst_r_lfp2actrt: 100 - participation rate,VERIFIED
inactive_share_from_published_rate,IT,IT,Y15-74,2025,41.9,percent of population,Eurostat lfst_r_lfp2actrt: 100 - participation rate,VERIFIED
inactive_share_from_published_rate,IT,ITC1,Y15-74,2025,37.1,percent of population,Eurostat lfst_r_lfp2actrt: 100 - participation rate,VERIFIED
inactive_share_from_published_rate,IT,ITC2,Y15-74,2025,35.4,percent of population,Eurostat lfst_r_lfp2actrt: 100 - participation rate,VERIFIED
inactive_share_from_published_rate,IT,ITC3,Y15-74,2025,38.1,percent of population,Eurostat lfst_r_lfp2actrt: 100 - participation rate,VERIFIED
inactive_share_from_published_rate,IT,ITC4,Y15-74,2025,37.4,percent of population,Eurostat lfst_r_lfp2actrt: 100 - participation rate,VERIFIED
inactive_share_from_published_rate,IT,ITF1,Y15-74,2025,42.5,percent of population,Eurostat lfst_r_lfp2actrt: 100 - participation rate,VERIFIED
inactive_share_from_published_rate,IT,ITF2,Y15-74,2025,47.3,percent of population,Eurostat lfst_r_lfp2actrt: 100 - participation rate,VERIFIED
inactive_share_from_published_rate,IT,ITF3,Y15-74,2025,51.9,percent of population,Eurostat lfst_r_lfp2actrt: 100 - participation rate,VERIFIED
inactive_share_from_published_rate,IT,ITF4,Y15-74,2025,50.7,percent of population,Eurostat lfst_r_lfp2actrt: 100 - participation rate,VERIFIED
inactive_share_from_published_rate,IT,ITF5,Y15-74,2025,47.8,percent of population,Eurostat lfst_r_lfp2actrt: 100 - participation rate,VERIFIED
inactive_share_from_published_rate,IT,ITF6,Y15-74,2025,55.0,percent of population,Eurostat lfst_r_lfp2actrt: 100 - participation rate,VERIFIED
inactive_share_from_published_rate,IT,ITG1,Y15-74,2025,53.0,percent of population,Eurostat lfst_r_lfp2actrt: 100 - participation rate,VERIFIED
inactive_share_from_published_rate,IT,ITG2,Y15-74,2025,45.0,percent of population,Eurostat lfst_r_lfp2actrt: 100 - participation rate,VERIFIED
inactive_share_from_published_rate,IT,ITH1,Y15-74,2025,33.0,percent of population,Eurostat lfst_r_lfp2actrt: 100 - participation rate,VERIFIED
inactive_share_from_published_rate,IT,ITH2,Y15-74,2025,36.1,percent of population,Eurostat lfst_r_lfp2actrt: 100 - participation rate,VERIFIED
inactive_share_from_published_rate,IT,ITH3,Y15-74,2025,37.4,percent of population,Eurostat lfst_r_lfp2actrt: 100 - participation rate,VERIFIED
inactive_share_from_published_rate,IT,ITH4,Y15-74,2025,37.3,percent of population,Eurostat lfst_r_lfp2actrt: 100 - participation rate,VERIFIED
inactive_share_from_published_rate,IT,ITH5,Y15-74,2025,34.9,percent of population,Eurostat lfst_r_lfp2actrt: 100 - participation rate,VERIFIED
inactive_share_from_published_rate,IT,ITI1,Y15-74,2025,35.8,percent of population,Eurostat lfst_r_lfp2actrt: 100 - participation rate,VERIFIED
inactive_share_from_published_rate,IT,ITI2,Y15-74,2025,37.1,percent of population,Eurostat lfst_r_lfp2actrt: 100 - participation rate,VERIFIED
inactive_share_from_published_rate,IT,ITI3,Y15-74,2025,37.9,percent of population,Eurostat lfst_r_lfp2actrt: 100 - participation rate,VERIFIED
inactive_share_from_published_rate,IT,ITI4,Y15-74,2025,40.3,percent of population,Eurostat lfst_r_lfp2actrt: 100 - participation rate,VERIFIED
inactive_share_from_published_rate,IT,IT,Y20-64,2025,28.0,percent of population,Eurostat lfst_r_lfp2actrc: 100 - participation rate,VERIFIED
inactive_share_from_published_rate,IT,ITC1,Y20-64,2025,21.0,percent of population,Eurostat lfst_r_lfp2actrc: 100 - participation rate,VERIFIED
inactive_share_from_published_rate,IT,ITC2,Y20-64,2025,19.1,percent of population,Eurostat lfst_r_lfp2actrc: 100 - participation rate,VERIFIED
inactive_share_from_published_rate,IT,ITC3,Y20-64,2025,22.7,percent of population,Eurostat lfst_r_lfp2actrc: 100 - participation rate,VERIFIED
inactive_share_from_published_rate,IT,ITC4,Y20-64,2025,22.7,percent of population,Eurostat lfst_r_lfp2actrc: 100 - participation rate,VERIFIED
inactive_share_from_published_rate,IT,ITF1,Y20-64,2025,28.1,percent of population,Eurostat lfst_r_lfp2actrc: 100 - participation rate,VERIFIED
inactive_share_from_published_rate,IT,ITF2,Y20-64,2025,33.5,percent of population,Eurostat lfst_r_lfp2actrc: 100 - participation rate,VERIFIED
inactive_share_from_published_rate,IT,ITF3,Y20-64,2025,41.0,percent of population,Eurostat lfst_r_lfp2actrc: 100 - participation rate,VERIFIED
inactive_share_from_published_rate,IT,ITF4,Y20-64,2025,38.7,percent of population,Eurostat lfst_r_lfp2actrc: 100 - participation rate,VERIFIED
inactive_share_from_published_rate,IT,ITF5,Y20-64,2025,34.7,percent of population,Eurostat lfst_r_lfp2actrc: 100 - participation rate,VERIFIED
inactive_share_from_published_rate,IT,ITF6,Y20-64,2025,44.0,percent of population,Eurostat lfst_r_lfp2actrc: 100 - participation rate,VERIFIED
inactive_share_from_published_rate,IT,ITG1,Y20-64,2025,41.4,percent of population,Eurostat lfst_r_lfp2actrc: 100 - participation rate,VERIFIED
inactive_share_from_published_rate,IT,ITG2,Y20-64,2025,31.3,percent of population,Eurostat lfst_r_lfp2actrc: 100 - participation rate,VERIFIED
inactive_share_from_published_rate,IT,ITH1,Y20-64,2025,18.7,percent of population,Eurostat lfst_r_lfp2actrc: 100 - participation rate,VERIFIED
inactive_share_from_published_rate,IT,ITH2,Y20-64,2025,20.6,percent of population,Eurostat lfst_r_lfp2actrc: 100 - participation rate,VERIFIED
inactive_share_from_published_rate,IT,ITH3,Y20-64,2025,22.6,percent of population,Eurostat lfst_r_lfp2actrc: 100 - participation rate,VERIFIED
inactive_share_from_published_rate,IT,ITH4,Y20-64,2025,21.7,percent of population,Eurostat lfst_r_lfp2actrc: 100 - participation rate,VERIFIED
inactive_share_from_published_rate,IT,ITH5,Y20-64,2025,19.8,percent of population,Eurostat lfst_r_lfp2actrc: 100 - participation rate,VERIFIED
inactive_share_from_published_rate,IT,ITI1,Y20-64,2025,20.6,percent of population,Eurostat lfst_r_lfp2actrc: 100 - participation rate,VERIFIED
inactive_share_from_published_rate,IT,ITI2,Y20-64,2025,21.9,percent of population,Eurostat lfst_r_lfp2actrc: 100 - participation rate,VERIFIED
inactive_share_from_published_rate,IT,ITI3,Y20-64,2025,23.1,percent of population,Eurostat lfst_r_lfp2actrc: 100 - participation rate,VERIFIED
inactive_share_from_published_rate,IT,ITI4,Y20-64,2025,26.6,percent of population,Eurostat lfst_r_lfp2actrc: 100 - participation rate,VERIFIED
inactive_share_from_published_rate,IT,IT,Y_GE15,2025,50.1,percent of population,Eurostat lfst_r_lfp2actrt: 100 - participation rate,VERIFIED
inactive_share_from_published_rate,IT,ITC1,Y_GE15,2025,46.9,percent of population,Eurostat lfst_r_lfp2actrt: 100 - participation rate,VERIFIED
inactive_share_from_published_rate,IT,ITC2,Y_GE15,2025,44.8,percent of population,Eurostat lfst_r_lfp2actrt: 100 - participation rate,VERIFIED
inactive_share_from_published_rate,IT,ITC3,Y_GE15,2025,49.0,percent of population,Eurostat lfst_r_lfp2actrt: 100 - participation rate,VERIFIED
inactive_share_from_published_rate,IT,ITC4,Y_GE15,2025,46.1,percent of population,Eurostat lfst_r_lfp2actrt: 100 - participation rate,VERIFIED
inactive_share_from_published_rate,IT,ITF1,Y_GE15,2025,50.9,percent of population,Eurostat lfst_r_lfp2actrt: 100 - participation rate,VERIFIED
inactive_share_from_published_rate,IT,ITF2,Y_GE15,2025,55.3,percent of population,Eurostat lfst_r_lfp2actrt: 100 - participation rate,VERIFIED
inactive_share_from_published_rate,IT,ITF3,Y_GE15,2025,57.4,percent of population,Eurostat lfst_r_lfp2actrt: 100 - participation rate,VERIFIED
inactive_share_from_published_rate,IT,ITF4,Y_GE15,2025,57.6,percent of population,Eurostat lfst_r_lfp2actrt: 100 - participation rate,VERIFIED
inactive_share_from_published_rate,IT,ITF5,Y_GE15,2025,55.2,percent of population,Eurostat lfst_r_lfp2actrt: 100 - participation rate,VERIFIED
inactive_share_from_published_rate,IT,ITF6,Y_GE15,2025,61.0,percent of population,Eurostat lfst_r_lfp2actrt: 100 - participation rate,VERIFIED
inactive_share_from_published_rate,IT,ITG1,Y_GE15,2025,59.1,percent of population,Eurostat lfst_r_lfp2actrt: 100 - participation rate,VERIFIED
inactive_share_from_published_rate,IT,ITG2,Y_GE15,2025,53.1,percent of population,Eurostat lfst_r_lfp2actrt: 100 - participation rate,VERIFIED
inactive_share_from_published_rate,IT,ITH1,Y_GE15,2025,41.2,percent of population,Eurostat lfst_r_lfp2actrt: 100 - participation rate,VERIFIED
inactive_share_from_published_rate,IT,ITH2,Y_GE15,2025,44.6,percent of population,Eurostat lfst_r_lfp2actrt: 100 - participation rate,VERIFIED
inactive_share_from_published_rate,IT,ITH3,Y_GE15,2025,46.2,percent of population,Eurostat lfst_r_lfp2actrt: 100 - participation rate,VERIFIED
inactive_share_from_published_rate,IT,ITH4,Y_GE15,2025,47.5,percent of population,Eurostat lfst_r_lfp2actrt: 100 - participation rate,VERIFIED
inactive_share_from_published_rate,IT,ITH5,Y_GE15,2025,44.5,percent of population,Eurostat lfst_r_lfp2actrt: 100 - participation rate,VERIFIED
inactive_share_from_published_rate,IT,ITI1,Y_GE15,2025,46.0,percent of population,Eurostat lfst_r_lfp2actrt: 100 - participation rate,VERIFIED
inactive_share_from_published_rate,IT,ITI2,Y_GE15,2025,47.3,percent of population,Eurostat lfst_r_lfp2actrt: 100 - participation rate,VERIFIED
inactive_share_from_published_rate,IT,ITI3,Y_GE15,2025,47.4,percent of population,Eurostat lfst_r_lfp2actrt: 100 - participation rate,VERIFIED
inactive_share_from_published_rate,IT,ITI4,Y_GE15,2025,48.3,percent of population,Eurostat lfst_r_lfp2actrt: 100 - participation rate,VERIFIED
population,DE,DE,Y15-64,2015,52963.8,thousand persons,"Eurostat lfst_r_lfsd2pwc (LFS, private households)",VERIFIED
population,DE,DE1,Y15-64,2015,7090.1,thousand persons,"Eurostat lfst_r_lfsd2pwc (LFS, private households)",VERIFIED
population,DE,DE2,Y15-64,2015,8381.8,thousand persons,"Eurostat lfst_r_lfsd2pwc (LFS, private households)",VERIFIED
population,DE,DE3,Y15-64,2015,2342.4,thousand persons,"Eurostat lfst_r_lfsd2pwc (LFS, private households)",VERIFIED
population,DE,DE4,Y15-64,2015,1567.7,thousand persons,"Eurostat lfst_r_lfsd2pwc (LFS, private households)",VERIFIED
population,DE,DE5,Y15-64,2015,437.3,thousand persons,"Eurostat lfst_r_lfsd2pwc (LFS, private households)",VERIFIED
population,DE,DE6,Y15-64,2015,1188.7,thousand persons,"Eurostat lfst_r_lfsd2pwc (LFS, private households)",VERIFIED
population,DE,DE7,Y15-64,2015,4023.6,thousand persons,"Eurostat lfst_r_lfsd2pwc (LFS, private households)",VERIFIED
population,DE,DE8,Y15-64,2015,1020.0,thousand persons,"Eurostat lfst_r_lfsd2pwc (LFS, private households)",VERIFIED
population,DE,DE9,Y15-64,2015,5085.7,thousand persons,"Eurostat lfst_r_lfsd2pwc (LFS, private households)",VERIFIED
population,DE,DEA,Y15-64,2015,11536.2,thousand persons,"Eurostat lfst_r_lfsd2pwc (LFS, private households)",VERIFIED
population,DE,DEB,Y15-64,2015,2623.3,thousand persons,"Eurostat lfst_r_lfsd2pwc (LFS, private households)",VERIFIED
population,DE,DEC,Y15-64,2015,632.0,thousand persons,"Eurostat lfst_r_lfsd2pwc (LFS, private households)",VERIFIED
population,DE,DED,Y15-64,2015,2521.7,thousand persons,"Eurostat lfst_r_lfsd2pwc (LFS, private households)",VERIFIED
population,DE,DEE,Y15-64,2015,1388.3,thousand persons,"Eurostat lfst_r_lfsd2pwc (LFS, private households)",VERIFIED
population,DE,DEF,Y15-64,2015,1770.1,thousand persons,"Eurostat lfst_r_lfsd2pwc (LFS, private households)",VERIFIED
population,DE,DEG,Y15-64,2015,1355.0,thousand persons,"Eurostat lfst_r_lfsd2pwc (LFS, private households)",VERIFIED
population,DE,DE,Y15-74,2015,61544.1,thousand persons,"Eurostat lfst_r_lfsd2pwc (LFS, private households)",VERIFIED
population,DE,DE1,Y15-74,2015,8146.1,thousand persons,"Eurostat lfst_r_lfsd2pwc (LFS, private households)",VERIFIED
population,DE,DE2,Y15-74,2015,9690.0,thousand persons,"Eurostat lfst_r_lfsd2pwc (LFS, private households)",VERIFIED
population,DE,DE3,Y15-74,2015,2696.1,thousand persons,"Eurostat lfst_r_lfsd2pwc (LFS, private households)",VERIFIED
population,DE,DE4,Y15-74,2015,1844.1,thousand persons,"Eurostat lfst_r_lfsd2pwc (LFS, private households)",VERIFIED
population,DE,DE5,Y15-74,2015,512.1,thousand persons,"Eurostat lfst_r_lfsd2pwc (LFS, private households)",VERIFIED
population,DE,DE6,Y15-74,2015,1358.7,thousand persons,"Eurostat lfst_r_lfsd2pwc (LFS, private households)",VERIFIED
population,DE,DE7,Y15-74,2015,4640.1,thousand persons,"Eurostat lfst_r_lfsd2pwc (LFS, private households)",VERIFIED
population,DE,DE8,Y15-74,2015,1200.4,thousand persons,"Eurostat lfst_r_lfsd2pwc (LFS, private households)",VERIFIED
population,DE,DE9,Y15-74,2015,5921.3,thousand persons,"Eurostat lfst_r_lfsd2pwc (LFS, private households)",VERIFIED
population,DE,DEA,Y15-74,2015,13373.0,thousand persons,"Eurostat lfst_r_lfsd2pwc (LFS, private households)",VERIFIED
population,DE,DEB,Y15-74,2015,3028.1,thousand persons,"Eurostat lfst_r_lfsd2pwc (LFS, private households)",VERIFIED
population,DE,DEC,Y15-74,2015,745.8,thousand persons,"Eurostat lfst_r_lfsd2pwc (LFS, private households)",VERIFIED
population,DE,DED,Y15-74,2015,3001.4,thousand persons,"Eurostat lfst_r_lfsd2pwc (LFS, private households)",VERIFIED
population,DE,DEE,Y15-74,2015,1662.4,thousand persons,"Eurostat lfst_r_lfsd2pwc (LFS, private households)",VERIFIED
population,DE,DEF,Y15-74,2015,2106.4,thousand persons,"Eurostat lfst_r_lfsd2pwc (LFS, private households)",VERIFIED
population,DE,DEG,Y15-74,2015,1618.0,thousand persons,"Eurostat lfst_r_lfsd2pwc (LFS, private households)",VERIFIED
population,DE,DE,Y20-64,2015,48929.8,thousand persons,"Eurostat lfst_r_lfsd2pwc (LFS, private households)",VERIFIED
population,DE,DE1,Y20-64,2015,6477.3,thousand persons,"Eurostat lfst_r_lfsd2pwc (LFS, private households)",VERIFIED
population,DE,DE2,Y20-64,2015,7732.5,thousand persons,"Eurostat lfst_r_lfsd2pwc (LFS, private households)",VERIFIED
population,DE,DE3,Y20-64,2015,2201.6,thousand persons,"Eurostat lfst_r_lfsd2pwc (LFS, private households)",VERIFIED
population,DE,DE4,Y20-64,2015,1475.3,thousand persons,"Eurostat lfst_r_lfsd2pwc (LFS, private households)",VERIFIED
population,DE,DE5,Y20-64,2015,404.1,thousand persons,"Eurostat lfst_r_lfsd2pwc (LFS, private households)",VERIFIED
population,DE,DE6,Y20-64,2015,1116.4,thousand persons,"Eurostat lfst_r_lfsd2pwc (LFS, private households)",VERIFIED
population,DE,DE7,Y20-64,2015,3707.3,thousand persons,"Eurostat lfst_r_lfsd2pwc (LFS, private households)",VERIFIED
population,DE,DE8,Y20-64,2015,958.2,thousand persons,"Eurostat lfst_r_lfsd2pwc (LFS, private households)",VERIFIED
population,DE,DE9,Y20-64,2015,4667.1,thousand persons,"Eurostat lfst_r_lfsd2pwc (LFS, private households)",VERIFIED
population,DE,DEA,Y20-64,2015,10609.1,thousand persons,"Eurostat lfst_r_lfsd2pwc (LFS, private households)",VERIFIED
population,DE,DEB,Y20-64,2015,2409.0,thousand persons,"Eurostat lfst_r_lfsd2pwc (LFS, private households)",VERIFIED
population,DE,DEC,Y20-64,2015,583.3,thousand persons,"Eurostat lfst_r_lfsd2pwc (LFS, private households)",VERIFIED
population,DE,DED,Y20-64,2015,2376.1,thousand persons,"Eurostat lfst_r_lfsd2pwc (LFS, private households)",VERIFIED
population,DE,DEE,Y20-64,2015,1311.4,thousand persons,"Eurostat lfst_r_lfsd2pwc (LFS, private households)",VERIFIED
population,DE,DEF,Y20-64,2015,1623.9,thousand persons,"Eurostat lfst_r_lfsd2pwc (LFS, private households)",VERIFIED
population,DE,DEG,Y20-64,2015,1277.1,thousand persons,"Eurostat lfst_r_lfsd2pwc (LFS, private households)",VERIFIED
population,DE,DE,Y_GE15,2015,70070.0,thousand persons,"Eurostat lfst_r_lfsd2pwc (LFS, private households)",VERIFIED
population,DE,DE1,Y_GE15,2015,9216.1,thousand persons,"Eurostat lfst_r_lfsd2pwc (LFS, private households)",VERIFIED
population,DE,DE2,Y_GE15,2015,10931.8,thousand persons,"Eurostat lfst_r_lfsd2pwc (LFS, private households)",VERIFIED
population,DE,DE3,Y_GE15,2015,3007.3,thousand persons,"Eurostat lfst_r_lfsd2pwc (LFS, private households)",VERIFIED
population,DE,DE4,Y_GE15,2015,2128.9,thousand persons,"Eurostat lfst_r_lfsd2pwc (LFS, private households)",VERIFIED
population,DE,DE5,Y_GE15,2015,577.1,thousand persons,"Eurostat lfst_r_lfsd2pwc (LFS, private households)",VERIFIED
population,DE,DE6,Y_GE15,2015,1525.0,thousand persons,"Eurostat lfst_r_lfsd2pwc (LFS, private households)",VERIFIED
population,DE,DE7,Y_GE15,2015,5244.3,thousand persons,"Eurostat lfst_r_lfsd2pwc (LFS, private households)",VERIFIED
population,DE,DE8,Y_GE15,2015,1395.4,thousand persons,"Eurostat lfst_r_lfsd2pwc (LFS, private households)",VERIFIED
population,DE,DE9,Y_GE15,2015,6743.6,thousand persons,"Eurostat lfst_r_lfsd2pwc (LFS, private households)",VERIFIED
population,DE,DEA,Y_GE15,2015,15216.7,thousand persons,"Eurostat lfst_r_lfsd2pwc (LFS, private households)",VERIFIED
population,DE,DEB,Y_GE15,2015,3462.5,thousand persons,"Eurostat lfst_r_lfsd2pwc (LFS, private households)",VERIFIED
population,DE,DEC,Y_GE15,2015,862.4,thousand persons,"Eurostat lfst_r_lfsd2pwc (LFS, private households)",VERIFIED
population,DE,DED,Y_GE15,2015,3523.3,thousand persons,"Eurostat lfst_r_lfsd2pwc (LFS, private households)",VERIFIED
population,DE,DEE,Y_GE15,2015,1939.8,thousand persons,"Eurostat lfst_r_lfsd2pwc (LFS, private households)",VERIFIED
population,DE,DEF,Y_GE15,2015,2426.3,thousand persons,"Eurostat lfst_r_lfsd2pwc (LFS, private households)",VERIFIED
population,DE,DEG,Y_GE15,2015,1869.8,thousand persons,"Eurostat lfst_r_lfsd2pwc (LFS, private households)",VERIFIED
population,DE,DE,Y15-64,2019,53545.0,thousand persons,"Eurostat lfst_r_lfsd2pwc (LFS, private households)",VERIFIED
population,DE,DE1,Y15-64,2019,7285.1,thousand persons,"Eurostat lfst_r_lfsd2pwc (LFS, private households)",VERIFIED
population,DE,DE2,Y15-64,2019,8576.9,thousand persons,"Eurostat lfst_r_lfsd2pwc (LFS, private households)",VERIFIED
population,DE,DE3,Y15-64,2019,2424.0,thousand persons,"Eurostat lfst_r_lfsd2pwc (LFS, private households)",VERIFIED
population,DE,DE4,Y15-64,2019,1554.5,thousand persons,"Eurostat lfst_r_lfsd2pwc (LFS, private households)",VERIFIED
population,DE,DE5,Y15-64,2019,448.3,thousand persons,"Eurostat lfst_r_lfsd2pwc (LFS, private households)",VERIFIED
population,DE,DE6,Y15-64,2019,1239.2,thousand persons,"Eurostat lfst_r_lfsd2pwc (LFS, private households)",VERIFIED
population,DE,DE7,Y15-64,2019,4109.6,thousand persons,"Eurostat lfst_r_lfsd2pwc (LFS, private households)",VERIFIED
population,DE,DE8,Y15-64,2019,989.7,thousand persons,"Eurostat lfst_r_lfsd2pwc (LFS, private households)",VERIFIED
population,DE,DE9,Y15-64,2019,5115.9,thousand persons,"Eurostat lfst_r_lfsd2pwc (LFS, private households)",VERIFIED
population,DE,DEA,Y15-64,2019,11635.4,thousand persons,"Eurostat lfst_r_lfsd2pwc (LFS, private households)",VERIFIED
population,DE,DEB,Y15-64,2019,2638.5,thousand persons,"Eurostat lfst_r_lfsd2pwc (LFS, private households)",VERIFIED
population,DE,DEC,Y15-64,2019,626.4,thousand persons,"Eurostat lfst_r_lfsd2pwc (LFS, private households)",VERIFIED
population,DE,DED,Y15-64,2019,2449.3,thousand persons,"Eurostat lfst_r_lfsd2pwc (LFS, private households)",VERIFIED
population,DE,DEE,Y15-64,2019,1326.6,thousand persons,"Eurostat lfst_r_lfsd2pwc (LFS, private households)",VERIFIED
population,DE,DEF,Y15-64,2019,1823.6,thousand persons,"Eurostat lfst_r_lfsd2pwc (LFS, private households)",VERIFIED
population,DE,DEG,Y15-64,2019,1302.1,thousand persons,"Eurostat lfst_r_lfsd2pwc (LFS, private households)",VERIFIED
population,DE,DE,Y15-74,2019,61929.9,thousand persons,"Eurostat lfst_r_lfsd2pwc (LFS, private households)",VERIFIED
population,DE,DE1,Y15-74,2019,8332.4,thousand persons,"Eurostat lfst_r_lfsd2pwc (LFS, private households)",VERIFIED
population,DE,DE2,Y15-74,2019,9871.2,thousand persons,"Eurostat lfst_r_lfsd2pwc (LFS, private households)",VERIFIED
population,DE,DE3,Y15-74,2019,2756.6,thousand persons,"Eurostat lfst_r_lfsd2pwc (LFS, private households)",VERIFIED
population,DE,DE4,Y15-74,2019,1827.1,thousand persons,"Eurostat lfst_r_lfsd2pwc (LFS, private households)",VERIFIED
population,DE,DE5,Y15-74,2019,510.8,thousand persons,"Eurostat lfst_r_lfsd2pwc (LFS, private households)",VERIFIED
population,DE,DE6,Y15-74,2019,1393.5,thousand persons,"Eurostat lfst_r_lfsd2pwc (LFS, private households)",VERIFIED
population,DE,DE7,Y15-74,2019,4732.1,thousand persons,"Eurostat lfst_r_lfsd2pwc (LFS, private households)",VERIFIED
population,DE,DE8,Y15-74,2019,1180.5,thousand persons,"Eurostat lfst_r_lfsd2pwc (LFS, private households)",VERIFIED
population,DE,DE9,Y15-74,2019,5934.3,thousand persons,"Eurostat lfst_r_lfsd2pwc (LFS, private households)",VERIFIED
population,DE,DEA,Y15-74,2019,13375.4,thousand persons,"Eurostat lfst_r_lfsd2pwc (LFS, private households)",VERIFIED
population,DE,DEB,Y15-74,2019,3066.9,thousand persons,"Eurostat lfst_r_lfsd2pwc (LFS, private households)",VERIFIED
population,DE,DEC,Y15-74,2019,733.8,thousand persons,"Eurostat lfst_r_lfsd2pwc (LFS, private households)",VERIFIED
population,DE,DED,Y15-74,2019,2913.1,thousand persons,"Eurostat lfst_r_lfsd2pwc (LFS, private households)",VERIFIED
population,DE,DEE,Y15-74,2019,1602.7,thousand persons,"Eurostat lfst_r_lfsd2pwc (LFS, private households)",VERIFIED
population,DE,DEF,Y15-74,2019,2143.2,thousand persons,"Eurostat lfst_r_lfsd2pwc (LFS, private households)",VERIFIED
population,DE,DEG,Y15-74,2019,1556.4,thousand persons,"Eurostat lfst_r_lfsd2pwc (LFS, private households)",VERIFIED
population,DE,DE,Y20-64,2019,49543.4,thousand persons,"Eurostat lfst_r_lfsd2pwc (LFS, private households)",VERIFIED
population,DE,DE1,Y20-64,2019,6713.3,thousand persons,"Eurostat lfst_r_lfsd2pwc (LFS, private households)",VERIFIED
population,DE,DE2,Y20-64,2019,7937.1,thousand persons,"Eurostat lfst_r_lfsd2pwc (LFS, private households)",VERIFIED
population,DE,DE3,Y20-64,2019,2282.6,thousand persons,"Eurostat lfst_r_lfsd2pwc (LFS, private households)",VERIFIED
population,DE,DE4,Y20-64,2019,1449.5,thousand persons,"Eurostat lfst_r_lfsd2pwc (LFS, private households)",VERIFIED
population,DE,DE5,Y20-64,2019,414.6,thousand persons,"Eurostat lfst_r_lfsd2pwc (LFS, private households)",VERIFIED
population,DE,DE6,Y20-64,2019,1157.2,thousand persons,"Eurostat lfst_r_lfsd2pwc (LFS, private households)",VERIFIED
population,DE,DE7,Y20-64,2019,3788.2,thousand persons,"Eurostat lfst_r_lfsd2pwc (LFS, private households)",VERIFIED
population,DE,DE8,Y20-64,2019,924.8,thousand persons,"Eurostat lfst_r_lfsd2pwc (LFS, private households)",VERIFIED
population,DE,DE9,Y20-64,2019,4719.2,thousand persons,"Eurostat lfst_r_lfsd2pwc (LFS, private households)",VERIFIED
population,DE,DEA,Y20-64,2019,10724.0,thousand persons,"Eurostat lfst_r_lfsd2pwc (LFS, private households)",VERIFIED
population,DE,DEB,Y20-64,2019,2440.3,thousand persons,"Eurostat lfst_r_lfsd2pwc (LFS, private households)",VERIFIED
population,DE,DEC,Y20-64,2019,583.8,thousand persons,"Eurostat lfst_r_lfsd2pwc (LFS, private households)",VERIFIED
population,DE,DED,Y20-64,2019,2284.8,thousand persons,"Eurostat lfst_r_lfsd2pwc (LFS, private households)",VERIFIED
population,DE,DEE,Y20-64,2019,1238.3,thousand persons,"Eurostat lfst_r_lfsd2pwc (LFS, private households)",VERIFIED
population,DE,DEF,Y20-64,2019,1674.8,thousand persons,"Eurostat lfst_r_lfsd2pwc (LFS, private households)",VERIFIED
population,DE,DEG,Y20-64,2019,1210.9,thousand persons,"Eurostat lfst_r_lfsd2pwc (LFS, private households)",VERIFIED
population,DE,DE,Y_GE15,2019,70694.4,thousand persons,"Eurostat lfst_r_lfsd2pwc (LFS, private households)",VERIFIED
population,DE,DE1,Y_GE15,2019,9435.9,thousand persons,"Eurostat lfst_r_lfsd2pwc (LFS, private households)",VERIFIED
population,DE,DE2,Y_GE15,2019,11153.6,thousand persons,"Eurostat lfst_r_lfsd2pwc (LFS, private households)",VERIFIED
population,DE,DE3,Y_GE15,2019,3099.7,thousand persons,"Eurostat lfst_r_lfsd2pwc (LFS, private households)",VERIFIED
population,DE,DE4,Y_GE15,2019,2143.9,thousand persons,"Eurostat lfst_r_lfsd2pwc (LFS, private households)",VERIFIED
population,DE,DE5,Y_GE15,2019,585.0,thousand persons,"Eurostat lfst_r_lfsd2pwc (LFS, private households)",VERIFIED
population,DE,DE6,Y_GE15,2019,1567.5,thousand persons,"Eurostat lfst_r_lfsd2pwc (LFS, private households)",VERIFIED
population,DE,DE7,Y_GE15,2019,5340.2,thousand persons,"Eurostat lfst_r_lfsd2pwc (LFS, private households)",VERIFIED
population,DE,DE8,Y_GE15,2019,1377.3,thousand persons,"Eurostat lfst_r_lfsd2pwc (LFS, private households)",VERIFIED
population,DE,DE9,Y_GE15,2019,6767.6,thousand persons,"Eurostat lfst_r_lfsd2pwc (LFS, private households)",VERIFIED
population,DE,DEA,Y_GE15,2019,15224.1,thousand persons,"Eurostat lfst_r_lfsd2pwc (LFS, private households)",VERIFIED
population,DE,DEB,Y_GE15,2019,3476.9,thousand persons,"Eurostat lfst_r_lfsd2pwc (LFS, private households)",VERIFIED
population,DE,DEC,Y_GE15,2019,853.2,thousand persons,"Eurostat lfst_r_lfsd2pwc (LFS, private households)",VERIFIED
population,DE,DED,Y_GE15,2019,3470.6,thousand persons,"Eurostat lfst_r_lfsd2pwc (LFS, private households)",VERIFIED
population,DE,DEE,Y_GE15,2019,1892.5,thousand persons,"Eurostat lfst_r_lfsd2pwc (LFS, private households)",VERIFIED
population,DE,DEF,Y_GE15,2019,2472.4,thousand persons,"Eurostat lfst_r_lfsd2pwc (LFS, private households)",VERIFIED
population,DE,DEG,Y_GE15,2019,1833.8,thousand persons,"Eurostat lfst_r_lfsd2pwc (LFS, private households)",VERIFIED
population,DE,DE,Y15-64,2024,52839.3,thousand persons,"Eurostat lfst_r_lfsd2pwc (LFS, private households)",VERIFIED
population,DE,DE1,Y15-64,2024,7221.4,thousand persons,"Eurostat lfst_r_lfsd2pwc (LFS, private households)",VERIFIED
population,DE,DE2,Y15-64,2024,8508.7,thousand persons,"Eurostat lfst_r_lfsd2pwc (LFS, private households)",VERIFIED
population,DE,DE3,Y15-64,2024,2451.7,thousand persons,"Eurostat lfst_r_lfsd2pwc (LFS, private households)",VERIFIED
population,DE,DE4,Y15-64,2024,1535.1,thousand persons,"Eurostat lfst_r_lfsd2pwc (LFS, private households)",VERIFIED
population,DE,DE5,Y15-64,2024,451.9,thousand persons,"Eurostat lfst_r_lfsd2pwc (LFS, private households)",VERIFIED
population,DE,DE6,Y15-64,2024,1255.7,thousand persons,"Eurostat lfst_r_lfsd2pwc (LFS, private households)",VERIFIED
population,DE,DE7,Y15-64,2024,4024.3,thousand persons,"Eurostat lfst_r_lfsd2pwc (LFS, private households)",VERIFIED
population,DE,DE8,Y15-64,2024,932.8,thousand persons,"Eurostat lfst_r_lfsd2pwc (LFS, private households)",VERIFIED
population,DE,DE9,Y15-64,2024,5026.9,thousand persons,"Eurostat lfst_r_lfsd2pwc (LFS, private households)",VERIFIED
population,DE,DEA,Y15-64,2024,11466.0,thousand persons,"Eurostat lfst_r_lfsd2pwc (LFS, private households)",VERIFIED
population,DE,DEB,Y15-64,2024,2591.3,thousand persons,"Eurostat lfst_r_lfsd2pwc (LFS, private households)",VERIFIED
population,DE,DEC,Y15-64,2024,625.0,thousand persons,"Eurostat lfst_r_lfsd2pwc (LFS, private households)",VERIFIED
population,DE,DED,Y15-64,2024,2400.8,thousand persons,"Eurostat lfst_r_lfsd2pwc (LFS, private households)",VERIFIED
population,DE,DEE,Y15-64,2024,1258.7,thousand persons,"Eurostat lfst_r_lfsd2pwc (LFS, private households)",VERIFIED
population,DE,DEF,Y15-64,2024,1842.7,thousand persons,"Eurostat lfst_r_lfsd2pwc (LFS, private households)",VERIFIED
population,DE,DEG,Y15-64,2024,1246.3,thousand persons,"Eurostat lfst_r_lfsd2pwc (LFS, private households)",VERIFIED
population,DE,DE,Y15-74,2024,62599.7,thousand persons,"Eurostat lfst_r_lfsd2pwc (LFS, private households)",VERIFIED
population,DE,DE1,Y15-74,2024,8462.0,thousand persons,"Eurostat lfst_r_lfsd2pwc (LFS, private households)",VERIFIED
population,DE,DE2,Y15-74,2024,9975.8,thousand persons,"Eurostat lfst_r_lfsd2pwc (LFS, private households)",VERIFIED
population,DE,DE3,Y15-74,2024,2796.6,thousand persons,"Eurostat lfst_r_lfsd2pwc (LFS, private households)",VERIFIED
population,DE,DE4,Y15-74,2024,1896.4,thousand persons,"Eurostat lfst_r_lfsd2pwc (LFS, private households)",VERIFIED
population,DE,DE5,Y15-74,2024,524.3,thousand persons,"Eurostat lfst_r_lfsd2pwc (LFS, private households)",VERIFIED
population,DE,DE6,Y15-74,2024,1417.2,thousand persons,"Eurostat lfst_r_lfsd2pwc (LFS, private households)",VERIFIED
population,DE,DE7,Y15-74,2024,4719.4,thousand persons,"Eurostat lfst_r_lfsd2pwc (LFS, private households)",VERIFIED
population,DE,DE8,Y15-74,2024,1175.9,thousand persons,"Eurostat lfst_r_lfsd2pwc (LFS, private households)",VERIFIED
population,DE,DE9,Y15-74,2024,5975.5,thousand persons,"Eurostat lfst_r_lfsd2pwc (LFS, private households)",VERIFIED
population,DE,DEA,Y15-74,2024,13525.9,thousand persons,"Eurostat lfst_r_lfsd2pwc (LFS, private households)",VERIFIED
population,DE,DEB,Y15-74,2024,3106.6,thousand persons,"Eurostat lfst_r_lfsd2pwc (LFS, private households)",VERIFIED
population,DE,DEC,Y15-74,2024,765.0,thousand persons,"Eurostat lfst_r_lfsd2pwc (LFS, private households)",VERIFIED
population,DE,DED,Y15-74,2024,2946.1,thousand persons,"Eurostat lfst_r_lfsd2pwc (LFS, private households)",VERIFIED
population,DE,DEE,Y15-74,2024,1569.9,thousand persons,"Eurostat lfst_r_lfsd2pwc (LFS, private households)",VERIFIED
population,DE,DEF,Y15-74,2024,2188.1,thousand persons,"Eurostat lfst_r_lfsd2pwc (LFS, private households)",VERIFIED
population,DE,DEG,Y15-74,2024,1555.0,thousand persons,"Eurostat lfst_r_lfsd2pwc (LFS, private households)",VERIFIED
population,DE,DE,Y20-64,2024,48947.5,thousand persons,"Eurostat lfst_r_lfsd2pwc (LFS, private households)",VERIFIED
population,DE,DE1,Y20-64,2024,6687.6,thousand persons,"Eurostat lfst_r_lfsd2pwc (LFS, private households)",VERIFIED
population,DE,DE2,Y20-64,2024,7896.0,thousand persons,"Eurostat lfst_r_lfsd2pwc (LFS, private households)",VERIFIED
population,DE,DE3,Y20-64,2024,2290.1,thousand persons,"Eurostat lfst_r_lfsd2pwc (LFS, private households)",VERIFIED
population,DE,DE4,Y20-64,2024,1418.6,thousand persons,"Eurostat lfst_r_lfsd2pwc (LFS, private households)",VERIFIED
population,DE,DE5,Y20-64,2024,422.0,thousand persons,"Eurostat lfst_r_lfsd2pwc (LFS, private households)",VERIFIED
population,DE,DE6,Y20-64,2024,1169.0,thousand persons,"Eurostat lfst_r_lfsd2pwc (LFS, private households)",VERIFIED
population,DE,DE7,Y20-64,2024,3721.2,thousand persons,"Eurostat lfst_r_lfsd2pwc (LFS, private households)",VERIFIED
population,DE,DE8,Y20-64,2024,866.1,thousand persons,"Eurostat lfst_r_lfsd2pwc (LFS, private households)",VERIFIED
population,DE,DE9,Y20-64,2024,4640.3,thousand persons,"Eurostat lfst_r_lfsd2pwc (LFS, private households)",VERIFIED
population,DE,DEA,Y20-64,2024,10621.0,thousand persons,"Eurostat lfst_r_lfsd2pwc (LFS, private households)",VERIFIED
population,DE,DEB,Y20-64,2024,2401.7,thousand persons,"Eurostat lfst_r_lfsd2pwc (LFS, private households)",VERIFIED
population,DE,DEC,Y20-64,2024,578.0,thousand persons,"Eurostat lfst_r_lfsd2pwc (LFS, private households)",VERIFIED
population,DE,DED,Y20-64,2024,2212.2,thousand persons,"Eurostat lfst_r_lfsd2pwc (LFS, private households)",VERIFIED
population,DE,DEE,Y20-64,2024,1168.2,thousand persons,"Eurostat lfst_r_lfsd2pwc (LFS, private households)",VERIFIED
population,DE,DEF,Y20-64,2024,1702.3,thousand persons,"Eurostat lfst_r_lfsd2pwc (LFS, private households)",VERIFIED
population,DE,DEG,Y20-64,2024,1153.3,thousand persons,"Eurostat lfst_r_lfsd2pwc (LFS, private households)",VERIFIED
population,DE,DE,Y_GE15,2024,71655.2,thousand persons,"Eurostat lfst_r_lfsd2pwc (LFS, private households)",VERIFIED
population,DE,DE1,Y_GE15,2024,9635.1,thousand persons,"Eurostat lfst_r_lfsd2pwc (LFS, private households)",VERIFIED
population,DE,DE2,Y_GE15,2024,11361.4,thousand persons,"Eurostat lfst_r_lfsd2pwc (LFS, private households)",VERIFIED
population,DE,DE3,Y_GE15,2024,3160.0,thousand persons,"Eurostat lfst_r_lfsd2pwc (LFS, private households)",VERIFIED
population,DE,DE4,Y_GE15,2024,2206.2,thousand persons,"Eurostat lfst_r_lfsd2pwc (LFS, private households)",VERIFIED
population,DE,DE5,Y_GE15,2024,597.5,thousand persons,"Eurostat lfst_r_lfsd2pwc (LFS, private households)",VERIFIED
population,DE,DE6,Y_GE15,2024,1587.1,thousand persons,"Eurostat lfst_r_lfsd2pwc (LFS, private households)",VERIFIED
population,DE,DE7,Y_GE15,2024,5381.2,thousand persons,"Eurostat lfst_r_lfsd2pwc (LFS, private households)",VERIFIED
population,DE,DE8,Y_GE15,2024,1370.6,thousand persons,"Eurostat lfst_r_lfsd2pwc (LFS, private households)",VERIFIED
population,DE,DE9,Y_GE15,2024,6852.0,thousand persons,"Eurostat lfst_r_lfsd2pwc (LFS, private households)",VERIFIED
population,DE,DEA,Y_GE15,2024,15395.5,thousand persons,"Eurostat lfst_r_lfsd2pwc (LFS, private households)",VERIFIED
population,DE,DEB,Y_GE15,2024,3531.2,thousand persons,"Eurostat lfst_r_lfsd2pwc (LFS, private households)",VERIFIED
population,DE,DEC,Y_GE15,2024,885.2,thousand persons,"Eurostat lfst_r_lfsd2pwc (LFS, private households)",VERIFIED
population,DE,DED,Y_GE15,2024,3479.8,thousand persons,"Eurostat lfst_r_lfsd2pwc (LFS, private households)",VERIFIED
population,DE,DEE,Y_GE15,2024,1848.4,thousand persons,"Eurostat lfst_r_lfsd2pwc (LFS, private households)",VERIFIED
population,DE,DEF,Y_GE15,2024,2537.7,thousand persons,"Eurostat lfst_r_lfsd2pwc (LFS, private households)",VERIFIED
population,DE,DEG,Y_GE15,2024,1826.2,thousand persons,"Eurostat lfst_r_lfsd2pwc (LFS, private households)",VERIFIED
population,DE,DE,Y15-64,2025,52604.7,thousand persons,"Eurostat lfst_r_lfsd2pwc (LFS, private households)",VERIFIED
population,DE,DE1,Y15-64,2025,7181.5,thousand persons,"Eurostat lfst_r_lfsd2pwc (LFS, private households)",VERIFIED
population,DE,DE2,Y15-64,2025,8494.8,thousand persons,"Eurostat lfst_r_lfsd2pwc (LFS, private households)",VERIFIED
population,DE,DE3,Y15-64,2025,2472.7,thousand persons,"Eurostat lfst_r_lfsd2pwc (LFS, private households)",VERIFIED
population,DE,DE4,Y15-64,2025,1525.7,thousand persons,"Eurostat lfst_r_lfsd2pwc (LFS, private households)",VERIFIED
population,DE,DE5,Y15-64,2025,456.0,thousand persons,"Eurostat lfst_r_lfsd2pwc (LFS, private households)",VERIFIED
population,DE,DE6,Y15-64,2025,1264.0,thousand persons,"Eurostat lfst_r_lfsd2pwc (LFS, private households)",VERIFIED
population,DE,DE7,Y15-64,2025,4010.7,thousand persons,"Eurostat lfst_r_lfsd2pwc (LFS, private households)",VERIFIED
population,DE,DE8,Y15-64,2025,925.1,thousand persons,"Eurostat lfst_r_lfsd2pwc (LFS, private households)",VERIFIED
population,DE,DE9,Y15-64,2025,4993.8,thousand persons,"Eurostat lfst_r_lfsd2pwc (LFS, private households)",VERIFIED
population,DE,DEA,Y15-64,2025,11399.9,thousand persons,"Eurostat lfst_r_lfsd2pwc (LFS, private households)",VERIFIED
population,DE,DEB,Y15-64,2025,2566.9,thousand persons,"Eurostat lfst_r_lfsd2pwc (LFS, private households)",VERIFIED
population,DE,DEC,Y15-64,2025,618.2,thousand persons,"Eurostat lfst_r_lfsd2pwc (LFS, private households)",VERIFIED
population,DE,DED,Y15-64,2025,2385.6,thousand persons,"Eurostat lfst_r_lfsd2pwc (LFS, private households)",VERIFIED
population,DE,DEE,Y15-64,2025,1245.7,thousand persons,"Eurostat lfst_r_lfsd2pwc (LFS, private households)",VERIFIED
population,DE,DEF,Y15-64,2025,1839.3,thousand persons,"Eurostat lfst_r_lfsd2pwc (LFS, private households)",VERIFIED
population,DE,DEG,Y15-64,2025,1225.0,thousand persons,"Eurostat lfst_r_lfsd2pwc (LFS, private households)",VERIFIED
population,DE,DE,Y15-74,2025,62576.6,thousand persons,"Eurostat lfst_r_lfsd2pwc (LFS, private households)",VERIFIED
population,DE,DE1,Y15-74,2025,8456.2,thousand persons,"Eurostat lfst_r_lfsd2pwc (LFS, private households)",VERIFIED
population,DE,DE2,Y15-74,2025,10005.3,thousand persons,"Eurostat lfst_r_lfsd2pwc (LFS, private households)",VERIFIED
population,DE,DE3,Y15-74,2025,2820.5,thousand persons,"Eurostat lfst_r_lfsd2pwc (LFS, private households)",VERIFIED
population,DE,DE4,Y15-74,2025,1896.1,thousand persons,"Eurostat lfst_r_lfsd2pwc (LFS, private households)",VERIFIED
population,DE,DE5,Y15-74,2025,529.0,thousand persons,"Eurostat lfst_r_lfsd2pwc (LFS, private households)",VERIFIED
population,DE,DE6,Y15-74,2025,1427.7,thousand persons,"Eurostat lfst_r_lfsd2pwc (LFS, private households)",VERIFIED
population,DE,DE7,Y15-74,2025,4719.4,thousand persons,"Eurostat lfst_r_lfsd2pwc (LFS, private households)",VERIFIED
population,DE,DE8,Y15-74,2025,1174.9,thousand persons,"Eurostat lfst_r_lfsd2pwc (LFS, private households)",VERIFIED
population,DE,DE9,Y15-74,2025,5962.4,thousand persons,"Eurostat lfst_r_lfsd2pwc (LFS, private households)",VERIFIED
population,DE,DEA,Y15-74,2025,13513.6,thousand persons,"Eurostat lfst_r_lfsd2pwc (LFS, private households)",VERIFIED
population,DE,DEB,Y15-74,2025,3091.8,thousand persons,"Eurostat lfst_r_lfsd2pwc (LFS, private households)",VERIFIED
population,DE,DEC,Y15-74,2025,760.7,thousand persons,"Eurostat lfst_r_lfsd2pwc (LFS, private households)",VERIFIED
population,DE,DED,Y15-74,2025,2929.2,thousand persons,"Eurostat lfst_r_lfsd2pwc (LFS, private households)",VERIFIED
population,DE,DEE,Y15-74,2025,1562.3,thousand persons,"Eurostat lfst_r_lfsd2pwc (LFS, private households)",VERIFIED
population,DE,DEF,Y15-74,2025,2191.4,thousand persons,"Eurostat lfst_r_lfsd2pwc (LFS, private households)",VERIFIED
population,DE,DEG,Y15-74,2025,1536.1,thousand persons,"Eurostat lfst_r_lfsd2pwc (LFS, private households)",VERIFIED
population,DE,DE,Y20-64,2025,48626.8,thousand persons,"Eurostat lfst_r_lfsd2pwc (LFS, private households)",VERIFIED
population,DE,DE1,Y20-64,2025,6640.3,thousand persons,"Eurostat lfst_r_lfsd2pwc (LFS, private households)",VERIFIED
population,DE,DE2,Y20-64,2025,7872.3,thousand persons,"Eurostat lfst_r_lfsd2pwc (LFS, private households)",VERIFIED
population,DE,DE3,Y20-64,2025,2300.0,thousand persons,"Eurostat lfst_r_lfsd2pwc (LFS, private households)",VERIFIED
population,DE,DE4,Y20-64,2025,1399.5,thousand persons,"Eurostat lfst_r_lfsd2pwc (LFS, private households)",VERIFIED
population,DE,DE5,Y20-64,2025,424.8,thousand persons,"Eurostat lfst_r_lfsd2pwc (LFS, private households)",VERIFIED
population,DE,DE6,Y20-64,2025,1168.2,thousand persons,"Eurostat lfst_r_lfsd2pwc (LFS, private households)",VERIFIED
population,DE,DE7,Y20-64,2025,3702.2,thousand persons,"Eurostat lfst_r_lfsd2pwc (LFS, private households)",VERIFIED
population,DE,DE8,Y20-64,2025,849.8,thousand persons,"Eurostat lfst_r_lfsd2pwc (LFS, private households)",VERIFIED
population,DE,DE9,Y20-64,2025,4602.0,thousand persons,"Eurostat lfst_r_lfsd2pwc (LFS, private households)",VERIFIED
population,DE,DEA,Y20-64,2025,10540.4,thousand persons,"Eurostat lfst_r_lfsd2pwc (LFS, private households)",VERIFIED
population,DE,DEB,Y20-64,2025,2377.9,thousand persons,"Eurostat lfst_r_lfsd2pwc (LFS, private households)",VERIFIED
population,DE,DEC,Y20-64,2025,572.1,thousand persons,"Eurostat lfst_r_lfsd2pwc (LFS, private households)",VERIFIED
population,DE,DED,Y20-64,2025,2190.7,thousand persons,"Eurostat lfst_r_lfsd2pwc (LFS, private households)",VERIFIED
population,DE,DEE,Y20-64,2025,1153.1,thousand persons,"Eurostat lfst_r_lfsd2pwc (LFS, private households)",VERIFIED
population,DE,DEF,Y20-64,2025,1702.5,thousand persons,"Eurostat lfst_r_lfsd2pwc (LFS, private households)",VERIFIED
population,DE,DEG,Y20-64,2025,1130.9,thousand persons,"Eurostat lfst_r_lfsd2pwc (LFS, private households)",VERIFIED
population,DE,DE,Y_GE15,2025,71748.7,thousand persons,"Eurostat lfst_r_lfsd2pwc (LFS, private households)",VERIFIED
population,DE,DE1,Y_GE15,2025,9644.7,thousand persons,"Eurostat lfst_r_lfsd2pwc (LFS, private households)",VERIFIED
population,DE,DE2,Y_GE15,2025,11421.4,thousand persons,"Eurostat lfst_r_lfsd2pwc (LFS, private households)",VERIFIED
population,DE,DE3,Y_GE15,2025,3188.8,thousand persons,"Eurostat lfst_r_lfsd2pwc (LFS, private households)",VERIFIED
population,DE,DE4,Y_GE15,2025,2213.0,thousand persons,"Eurostat lfst_r_lfsd2pwc (LFS, private households)",VERIFIED
population,DE,DE5,Y_GE15,2025,602.4,thousand persons,"Eurostat lfst_r_lfsd2pwc (LFS, private households)",VERIFIED
population,DE,DE6,Y_GE15,2025,1598.3,thousand persons,"Eurostat lfst_r_lfsd2pwc (LFS, private households)",VERIFIED
population,DE,DE7,Y_GE15,2025,5388.0,thousand persons,"Eurostat lfst_r_lfsd2pwc (LFS, private households)",VERIFIED
population,DE,DE8,Y_GE15,2025,1371.9,thousand persons,"Eurostat lfst_r_lfsd2pwc (LFS, private households)",VERIFIED
population,DE,DE9,Y_GE15,2025,6847.9,thousand persons,"Eurostat lfst_r_lfsd2pwc (LFS, private households)",VERIFIED
population,DE,DEA,Y_GE15,2025,15397.5,thousand persons,"Eurostat lfst_r_lfsd2pwc (LFS, private households)",VERIFIED
population,DE,DEB,Y_GE15,2025,3524.0,thousand persons,"Eurostat lfst_r_lfsd2pwc (LFS, private households)",VERIFIED
population,DE,DEC,Y_GE15,2025,882.3,thousand persons,"Eurostat lfst_r_lfsd2pwc (LFS, private households)",VERIFIED
population,DE,DED,Y_GE15,2025,3470.9,thousand persons,"Eurostat lfst_r_lfsd2pwc (LFS, private households)",VERIFIED
population,DE,DEE,Y_GE15,2025,1843.4,thousand persons,"Eurostat lfst_r_lfsd2pwc (LFS, private households)",VERIFIED
population,DE,DEF,Y_GE15,2025,2541.8,thousand persons,"Eurostat lfst_r_lfsd2pwc (LFS, private households)",VERIFIED
population,DE,DEG,Y_GE15,2025,1812.3,thousand persons,"Eurostat lfst_r_lfsd2pwc (LFS, private households)",VERIFIED
population,FR,FR,Y15-64,2015,41083.2,thousand persons,"Eurostat lfst_r_lfsd2pwc (LFS, private households)",VERIFIED
population,FR,FR1,Y15-64,2015,7857.1,thousand persons,"Eurostat lfst_r_lfsd2pwc (LFS, private households)",VERIFIED
population,FR,FRB,Y15-64,2015,1551.2,thousand persons,"Eurostat lfst_r_lfsd2pwc (LFS, private households)",VERIFIED
population,FR,FRC,Y15-64,2015,1712.0,thousand persons,"Eurostat lfst_r_lfsd2pwc (LFS, private households)",VERIFIED
population,FR,FRD,Y15-64,2015,2046.2,thousand persons,"Eurostat lfst_r_lfsd2pwc (LFS, private households)",VERIFIED
population,FR,FRE,Y15-64,2015,3757.7,thousand persons,"Eurostat lfst_r_lfsd2pwc (LFS, private households)",VERIFIED
population,FR,FRF,Y15-64,2015,3505.3,thousand persons,"Eurostat lfst_r_lfsd2pwc (LFS, private households)",VERIFIED
population,FR,FRG,Y15-64,2015,2248.6,thousand persons,"Eurostat lfst_r_lfsd2pwc (LFS, private households)",VERIFIED
population,FR,FRH,Y15-64,2015,1987.1,thousand persons,"Eurostat lfst_r_lfsd2pwc (LFS, private households)",VERIFIED
population,FR,FRI,Y15-64,2015,3540.8,thousand persons,"Eurostat lfst_r_lfsd2pwc (LFS, private households)",VERIFIED
population,FR,FRJ,Y15-64,2015,3504.5,thousand persons,"Eurostat lfst_r_lfsd2pwc (LFS, private households)",VERIFIED
population,FR,FRK,Y15-64,2015,4864.2,thousand persons,"Eurostat lfst_r_lfsd2pwc (LFS, private households)",VERIFIED
population,FR,FRL,Y15-64,2015,3009.1,thousand persons,"Eurostat lfst_r_lfsd2pwc (LFS, private households)",VERIFIED
population,FR,FRM,Y15-64,2015,188.4,thousand persons,"Eurostat lfst_r_lfsd2pwc (LFS, private households)",VERIFIED (low reliability flag)
population,FR,FRY,Y15-64,2015,1311.0,thousand persons,"Eurostat lfst_r_lfsd2pwc (LFS, private households)",VERIFIED
population,FR,FR,Y15-74,2015,47296.3,thousand persons,"Eurostat lfst_r_lfsd2pwc (LFS, private households)",VERIFIED
population,FR,FR1,Y15-74,2015,8751.8,thousand persons,"Eurostat lfst_r_lfsd2pwc (LFS, private households)",VERIFIED
population,FR,FRB,Y15-74,2015,1833.3,thousand persons,"Eurostat lfst_r_lfsd2pwc (LFS, private households)",VERIFIED
population,FR,FRC,Y15-74,2015,1999.0,thousand persons,"Eurostat lfst_r_lfsd2pwc (LFS, private households)",VERIFIED
population,FR,FRD,Y15-74,2015,2360.0,thousand persons,"Eurostat lfst_r_lfsd2pwc (LFS, private households)",VERIFIED
population,FR,FRE,Y15-74,2015,4276.0,thousand persons,"Eurostat lfst_r_lfsd2pwc (LFS, private households)",VERIFIED
population,FR,FRF,Y15-74,2015,4005.5,thousand persons,"Eurostat lfst_r_lfsd2pwc (LFS, private households)",VERIFIED
population,FR,FRG,Y15-74,2015,2588.9,thousand persons,"Eurostat lfst_r_lfsd2pwc (LFS, private households)",VERIFIED
population,FR,FRH,Y15-74,2015,2295.6,thousand persons,"Eurostat lfst_r_lfsd2pwc (LFS, private households)",VERIFIED
population,FR,FRI,Y15-74,2015,4193.1,thousand persons,"Eurostat lfst_r_lfsd2pwc (LFS, private households)",VERIFIED
population,FR,FRJ,Y15-74,2015,4137.6,thousand persons,"Eurostat lfst_r_lfsd2pwc (LFS, private households)",VERIFIED
population,FR,FRK,Y15-74,2015,5609.2,thousand persons,"Eurostat lfst_r_lfsd2pwc (LFS, private households)",VERIFIED
population,FR,FRL,Y15-74,2015,3547.6,thousand persons,"Eurostat lfst_r_lfsd2pwc (LFS, private households)",VERIFIED
population,FR,FRM,Y15-74,2015,250.9,thousand persons,"Eurostat lfst_r_lfsd2pwc (LFS, private households)",VERIFIED (low reliability flag)
population,FR,FRY,Y15-74,2015,1447.9,thousand persons,"Eurostat lfst_r_lfsd2pwc (LFS, private households)",VERIFIED
population,FR,FR,Y20-64,2015,37178.6,thousand persons,"Eurostat lfst_r_lfsd2pwc (LFS, private households)",VERIFIED
population,FR,FR1,Y20-64,2015,7136.6,thousand persons,"Eurostat lfst_r_lfsd2pwc (LFS, private households)",VERIFIED
population,FR,FRB,Y20-64,2015,1398.3,thousand persons,"Eurostat lfst_r_lfsd2pwc (LFS, private households)",VERIFIED
population,FR,FRC,Y20-64,2015,1539.6,thousand persons,"Eurostat lfst_r_lfsd2pwc (LFS, private households)",VERIFIED
population,FR,FRD,Y20-64,2015,1846.6,thousand persons,"Eurostat lfst_r_lfsd2pwc (LFS, private households)",VERIFIED
population,FR,FRE,Y20-64,2015,3388.3,thousand persons,"Eurostat lfst_r_lfsd2pwc (LFS, private households)",VERIFIED
population,FR,FRF,Y20-64,2015,3181.1,thousand persons,"Eurostat lfst_r_lfsd2pwc (LFS, private households)",VERIFIED
population,FR,FRG,Y20-64,2015,2041.0,thousand persons,"Eurostat lfst_r_lfsd2pwc (LFS, private households)",VERIFIED
population,FR,FRH,Y20-64,2015,1794.9,thousand persons,"Eurostat lfst_r_lfsd2pwc (LFS, private households)",VERIFIED
population,FR,FRI,Y20-64,2015,3239.0,thousand persons,"Eurostat lfst_r_lfsd2pwc (LFS, private households)",VERIFIED
population,FR,FRJ,Y20-64,2015,3180.6,thousand persons,"Eurostat lfst_r_lfsd2pwc (LFS, private households)",VERIFIED
population,FR,FRK,Y20-64,2015,4393.2,thousand persons,"Eurostat lfst_r_lfsd2pwc (LFS, private households)",VERIFIED
population,FR,FRL,Y20-64,2015,2731.9,thousand persons,"Eurostat lfst_r_lfsd2pwc (LFS, private households)",VERIFIED
population,FR,FRM,Y20-64,2015,159.3,thousand persons,"Eurostat lfst_r_lfsd2pwc (LFS, private households)",VERIFIED (low reliability flag)
population,FR,FRY,Y20-64,2015,1148.2,thousand persons,"Eurostat lfst_r_lfsd2pwc (LFS, private households)",VERIFIED
population,FR,FR,Y_GE15,2015,52798.2,thousand persons,"Eurostat lfst_r_lfsd2pwc (LFS, private households)",VERIFIED
population,FR,FR1,Y_GE15,2015,9490.9,thousand persons,"Eurostat lfst_r_lfsd2pwc (LFS, private households)",VERIFIED
population,FR,FRB,Y_GE15,2015,2061.2,thousand persons,"Eurostat lfst_r_lfsd2pwc (LFS, private households)",VERIFIED
population,FR,FRC,Y_GE15,2015,2272.1,thousand persons,"Eurostat lfst_r_lfsd2pwc (LFS, private households)",VERIFIED
population,FR,FRD,Y_GE15,2015,2646.9,thousand persons,"Eurostat lfst_r_lfsd2pwc (LFS, private households)",VERIFIED
population,FR,FRE,Y_GE15,2015,4703.4,thousand persons,"Eurostat lfst_r_lfsd2pwc (LFS, private households)",VERIFIED
population,FR,FRF,Y_GE15,2015,4476.1,thousand persons,"Eurostat lfst_r_lfsd2pwc (LFS, private households)",VERIFIED
population,FR,FRG,Y_GE15,2015,2912.9,thousand persons,"Eurostat lfst_r_lfsd2pwc (LFS, private households)",VERIFIED
population,FR,FRH,Y_GE15,2015,2627.8,thousand persons,"Eurostat lfst_r_lfsd2pwc (LFS, private households)",VERIFIED
population,FR,FRI,Y_GE15,2015,4783.0,thousand persons,"Eurostat lfst_r_lfsd2pwc (LFS, private households)",VERIFIED
population,FR,FRJ,Y_GE15,2015,4675.2,thousand persons,"Eurostat lfst_r_lfsd2pwc (LFS, private households)",VERIFIED
population,FR,FRK,Y_GE15,2015,6260.2,thousand persons,"Eurostat lfst_r_lfsd2pwc (LFS, private households)",VERIFIED
population,FR,FRL,Y_GE15,2015,4043.8,thousand persons,"Eurostat lfst_r_lfsd2pwc (LFS, private households)",VERIFIED
population,FR,FRM,Y_GE15,2015,294.7,thousand persons,"Eurostat lfst_r_lfsd2pwc (LFS, private households)",VERIFIED (low reliability flag)
population,FR,FRY,Y_GE15,2015,1550.0,thousand persons,"Eurostat lfst_r_lfsd2pwc (LFS, private households)",VERIFIED
population,FR,FR,Y15-64,2019,40876.9,thousand persons,"Eurostat lfst_r_lfsd2pwc (LFS, private households)",VERIFIED
population,FR,FR1,Y15-64,2019,7916.5,thousand persons,"Eurostat lfst_r_lfsd2pwc (LFS, private households)",VERIFIED
population,FR,FRB,Y15-64,2019,1513.3,thousand persons,"Eurostat lfst_r_lfsd2pwc (LFS, private households)",VERIFIED
population,FR,FRC,Y15-64,2019,1631.2,thousand persons,"Eurostat lfst_r_lfsd2pwc (LFS, private households)",VERIFIED
population,FR,FRD,Y15-64,2019,1974.5,thousand persons,"Eurostat lfst_r_lfsd2pwc (LFS, private households)",VERIFIED
population,FR,FRE,Y15-64,2019,3704.0,thousand persons,"Eurostat lfst_r_lfsd2pwc (LFS, private households)",VERIFIED
population,FR,FRF,Y15-64,2019,3419.8,thousand persons,"Eurostat lfst_r_lfsd2pwc (LFS, private households)",VERIFIED
population,FR,FRG,Y15-64,2019,2276.8,thousand persons,"Eurostat lfst_r_lfsd2pwc (LFS, private households)",VERIFIED
population,FR,FRH,Y15-64,2019,1998.2,thousand persons,"Eurostat lfst_r_lfsd2pwc (LFS, private households)",VERIFIED
population,FR,FRI,Y15-64,2019,3531.2,thousand persons,"Eurostat lfst_r_lfsd2pwc (LFS, private households)",VERIFIED
population,FR,FRJ,Y15-64,2019,3519.1,thousand persons,"Eurostat lfst_r_lfsd2pwc (LFS, private households)",VERIFIED
population,FR,FRK,Y15-64,2019,4911.4,thousand persons,"Eurostat lfst_r_lfsd2pwc (LFS, private households)",VERIFIED
population,FR,FRL,Y15-64,2019,2984.1,thousand persons,"Eurostat lfst_r_lfsd2pwc (LFS, private households)",VERIFIED
population,FR,FRM,Y15-64,2019,189.8,thousand persons,"Eurostat lfst_r_lfsd2pwc (LFS, private households)",VERIFIED (low reliability flag)
population,FR,FRY,Y15-64,2019,1306.9,thousand persons,"Eurostat lfst_r_lfsd2pwc (LFS, private households)",VERIFIED
population,FR,FR,Y15-74,2019,48059.3,thousand persons,"Eurostat lfst_r_lfsd2pwc (LFS, private households)",VERIFIED
population,FR,FR1,Y15-74,2019,8937.0,thousand persons,"Eurostat lfst_r_lfsd2pwc (LFS, private households)",VERIFIED
population,FR,FRB,Y15-74,2019,1812.9,thousand persons,"Eurostat lfst_r_lfsd2pwc (LFS, private households)",VERIFIED
population,FR,FRC,Y15-74,2019,1978.8,thousand persons,"Eurostat lfst_r_lfsd2pwc (LFS, private households)",VERIFIED
population,FR,FRD,Y15-74,2019,2358.9,thousand persons,"Eurostat lfst_r_lfsd2pwc (LFS, private households)",VERIFIED
population,FR,FRE,Y15-74,2019,4319.5,thousand persons,"Eurostat lfst_r_lfsd2pwc (LFS, private households)",VERIFIED
population,FR,FRF,Y15-74,2019,4003.2,thousand persons,"Eurostat lfst_r_lfsd2pwc (LFS, private households)",VERIFIED
population,FR,FRG,Y15-74,2019,2704.3,thousand persons,"Eurostat lfst_r_lfsd2pwc (LFS, private households)",VERIFIED
population,FR,FRH,Y15-74,2019,2405.7,thousand persons,"Eurostat lfst_r_lfsd2pwc (LFS, private households)",VERIFIED
population,FR,FRI,Y15-74,2019,4290.3,thousand persons,"Eurostat lfst_r_lfsd2pwc (LFS, private households)",VERIFIED
population,FR,FRJ,Y15-74,2019,4226.3,thousand persons,"Eurostat lfst_r_lfsd2pwc (LFS, private households)",VERIFIED
population,FR,FRK,Y15-74,2019,5735.7,thousand persons,"Eurostat lfst_r_lfsd2pwc (LFS, private households)",VERIFIED
population,FR,FRL,Y15-74,2019,3577.2,thousand persons,"Eurostat lfst_r_lfsd2pwc (LFS, private households)",VERIFIED
population,FR,FRM,Y15-74,2019,237.1,thousand persons,"Eurostat lfst_r_lfsd2pwc (LFS, private households)",VERIFIED (low reliability flag)
population,FR,FRY,Y15-74,2019,1472.6,thousand persons,"Eurostat lfst_r_lfsd2pwc (LFS, private households)",VERIFIED
population,FR,FR,Y20-64,2019,36808.0,thousand persons,"Eurostat lfst_r_lfsd2pwc (LFS, private households)",VERIFIED
population,FR,FR1,Y20-64,2019,7154.0,thousand persons,"Eurostat lfst_r_lfsd2pwc (LFS, private households)",VERIFIED
population,FR,FRB,Y20-64,2019,1357.2,thousand persons,"Eurostat lfst_r_lfsd2pwc (LFS, private households)",VERIFIED
population,FR,FRC,Y20-64,2019,1472.2,thousand persons,"Eurostat lfst_r_lfsd2pwc (LFS, private households)",VERIFIED
population,FR,FRD,Y20-64,2019,1764.3,thousand persons,"Eurostat lfst_r_lfsd2pwc (LFS, private households)",VERIFIED
population,FR,FRE,Y20-64,2019,3290.0,thousand persons,"Eurostat lfst_r_lfsd2pwc (LFS, private households)",VERIFIED
population,FR,FRF,Y20-64,2019,3110.5,thousand persons,"Eurostat lfst_r_lfsd2pwc (LFS, private households)",VERIFIED
population,FR,FRG,Y20-64,2019,2039.2,thousand persons,"Eurostat lfst_r_lfsd2pwc (LFS, private households)",VERIFIED
population,FR,FRH,Y20-64,2019,1782.2,thousand persons,"Eurostat lfst_r_lfsd2pwc (LFS, private households)",VERIFIED
population,FR,FRI,Y20-64,2019,3208.6,thousand persons,"Eurostat lfst_r_lfsd2pwc (LFS, private households)",VERIFIED
population,FR,FRJ,Y20-64,2019,3194.9,thousand persons,"Eurostat lfst_r_lfsd2pwc (LFS, private households)",VERIFIED
population,FR,FRK,Y20-64,2019,4439.1,thousand persons,"Eurostat lfst_r_lfsd2pwc (LFS, private households)",VERIFIED
population,FR,FRL,Y20-64,2019,2670.8,thousand persons,"Eurostat lfst_r_lfsd2pwc (LFS, private households)",VERIFIED
population,FR,FRM,Y20-64,2019,181.6,thousand persons,"Eurostat lfst_r_lfsd2pwc (LFS, private households)",VERIFIED (low reliability flag)
population,FR,FRY,Y20-64,2019,1143.3,thousand persons,"Eurostat lfst_r_lfsd2pwc (LFS, private households)",VERIFIED
population,FR,FR,Y_GE15,2019,53753.6,thousand persons,"Eurostat lfst_r_lfsd2pwc (LFS, private households)",VERIFIED
population,FR,FR1,Y_GE15,2019,9695.5,thousand persons,"Eurostat lfst_r_lfsd2pwc (LFS, private households)",VERIFIED
population,FR,FRB,Y_GE15,2019,2066.1,thousand persons,"Eurostat lfst_r_lfsd2pwc (LFS, private households)",VERIFIED
population,FR,FRC,Y_GE15,2019,2260.6,thousand persons,"Eurostat lfst_r_lfsd2pwc (LFS, private households)",VERIFIED
population,FR,FRD,Y_GE15,2019,2660.9,thousand persons,"Eurostat lfst_r_lfsd2pwc (LFS, private households)",VERIFIED
population,FR,FRE,Y_GE15,2019,4748.9,thousand persons,"Eurostat lfst_r_lfsd2pwc (LFS, private households)",VERIFIED
population,FR,FRF,Y_GE15,2019,4472.9,thousand persons,"Eurostat lfst_r_lfsd2pwc (LFS, private households)",VERIFIED
population,FR,FRG,Y_GE15,2019,3020.6,thousand persons,"Eurostat lfst_r_lfsd2pwc (LFS, private households)",VERIFIED
population,FR,FRH,Y_GE15,2019,2705.8,thousand persons,"Eurostat lfst_r_lfsd2pwc (LFS, private households)",VERIFIED
population,FR,FRI,Y_GE15,2019,4917.9,thousand persons,"Eurostat lfst_r_lfsd2pwc (LFS, private households)",VERIFIED
population,FR,FRJ,Y_GE15,2019,4802.2,thousand persons,"Eurostat lfst_r_lfsd2pwc (LFS, private households)",VERIFIED
population,FR,FRK,Y_GE15,2019,6426.4,thousand persons,"Eurostat lfst_r_lfsd2pwc (LFS, private households)",VERIFIED
population,FR,FRL,Y_GE15,2019,4102.4,thousand persons,"Eurostat lfst_r_lfsd2pwc (LFS, private households)",VERIFIED
population,FR,FRM,Y_GE15,2019,283.0,thousand persons,"Eurostat lfst_r_lfsd2pwc (LFS, private households)",VERIFIED (low reliability flag)
population,FR,FRY,Y_GE15,2019,1590.3,thousand persons,"Eurostat lfst_r_lfsd2pwc (LFS, private households)",VERIFIED
population,FR,FR,Y15-64,2024,41301.8,thousand persons,"Eurostat lfst_r_lfsd2pwc (LFS, private households)",VERIFIED (flag bd)
population,FR,FR1,Y15-64,2024,8012.0,thousand persons,"Eurostat lfst_r_lfsd2pwc (LFS, private households)",VERIFIED (flag bd)
population,FR,FRB,Y15-64,2024,1500.7,thousand persons,"Eurostat lfst_r_lfsd2pwc (LFS, private households)",VERIFIED (flag bd)
population,FR,FRC,Y15-64,2024,1616.0,thousand persons,"Eurostat lfst_r_lfsd2pwc (LFS, private households)",VERIFIED (flag bd)
population,FR,FRD,Y15-64,2024,1927.6,thousand persons,"Eurostat lfst_r_lfsd2pwc (LFS, private households)",VERIFIED (flag bd)
population,FR,FRE,Y15-64,2024,3650.1,thousand persons,"Eurostat lfst_r_lfsd2pwc (LFS, private households)",VERIFIED (flag bd)
population,FR,FRF,Y15-64,2024,3328.6,thousand persons,"Eurostat lfst_r_lfsd2pwc (LFS, private households)",VERIFIED (flag bd)
population,FR,FRG,Y15-64,2024,2349.2,thousand persons,"Eurostat lfst_r_lfsd2pwc (LFS, private households)",VERIFIED (flag bd)
population,FR,FRH,Y15-64,2024,2071.4,thousand persons,"Eurostat lfst_r_lfsd2pwc (LFS, private households)",VERIFIED (flag bd)
population,FR,FRI,Y15-64,2024,3589.1,thousand persons,"Eurostat lfst_r_lfsd2pwc (LFS, private households)",VERIFIED (flag bd)
population,FR,FRJ,Y15-64,2024,3672.4,thousand persons,"Eurostat lfst_r_lfsd2pwc (LFS, private households)",VERIFIED (flag bd)
population,FR,FRK,Y15-64,2024,5007.1,thousand persons,"Eurostat lfst_r_lfsd2pwc (LFS, private households)",VERIFIED (flag bd)
population,FR,FRL,Y15-64,2024,3037.3,thousand persons,"Eurostat lfst_r_lfsd2pwc (LFS, private households)",VERIFIED (flag bd)
population,FR,FRM,Y15-64,2024,216.2,thousand persons,"Eurostat lfst_r_lfsd2pwc (LFS, private households)",VERIFIED (flag bdu)
population,FR,FRY,Y15-64,2024,1324.1,thousand persons,"Eurostat lfst_r_lfsd2pwc (LFS, private households)",VERIFIED (flag bd)
population,FR,FR,Y15-74,2024,48816.4,thousand persons,"Eurostat lfst_r_lfsd2pwc (LFS, private households)",VERIFIED (flag bd)
population,FR,FR1,Y15-74,2024,9072.4,thousand persons,"Eurostat lfst_r_lfsd2pwc (LFS, private households)",VERIFIED (flag bd)
population,FR,FRB,Y15-74,2024,1816.0,thousand persons,"Eurostat lfst_r_lfsd2pwc (LFS, private households)",VERIFIED (flag bd)
population,FR,FRC,Y15-74,2024,1967.1,thousand persons,"Eurostat lfst_r_lfsd2pwc (LFS, private households)",VERIFIED (flag bd)
population,FR,FRD,Y15-74,2024,2332.2,thousand persons,"Eurostat lfst_r_lfsd2pwc (LFS, private households)",VERIFIED (flag bd)
population,FR,FRE,Y15-74,2024,4265.3,thousand persons,"Eurostat lfst_r_lfsd2pwc (LFS, private households)",VERIFIED (flag bd)
population,FR,FRF,Y15-74,2024,3991.2,thousand persons,"Eurostat lfst_r_lfsd2pwc (LFS, private households)",VERIFIED (flag bd)
population,FR,FRG,Y15-74,2024,2783.1,thousand persons,"Eurostat lfst_r_lfsd2pwc (LFS, private households)",VERIFIED (flag bd)
population,FR,FRH,Y15-74,2024,2494.1,thousand persons,"Eurostat lfst_r_lfsd2pwc (LFS, private households)",VERIFIED (flag bd)
population,FR,FRI,Y15-74,2024,4378.3,thousand persons,"Eurostat lfst_r_lfsd2pwc (LFS, private households)",VERIFIED (flag bd)
population,FR,FRJ,Y15-74,2024,4427.3,thousand persons,"Eurostat lfst_r_lfsd2pwc (LFS, private households)",VERIFIED (flag bd)
population,FR,FRK,Y15-74,2024,5878.8,thousand persons,"Eurostat lfst_r_lfsd2pwc (LFS, private households)",VERIFIED (flag bd)
population,FR,FRL,Y15-74,2024,3638.6,thousand persons,"Eurostat lfst_r_lfsd2pwc (LFS, private households)",VERIFIED (flag bd)
population,FR,FRM,Y15-74,2024,259.7,thousand persons,"Eurostat lfst_r_lfsd2pwc (LFS, private households)",VERIFIED (flag bdu)
population,FR,FRY,Y15-74,2024,1512.2,thousand persons,"Eurostat lfst_r_lfsd2pwc (LFS, private households)",VERIFIED (flag bd)
population,FR,FR,Y20-64,2024,37144.5,thousand persons,"Eurostat lfst_r_lfsd2pwc (LFS, private households)",VERIFIED (flag bd)
population,FR,FR1,Y20-64,2024,7229.7,thousand persons,"Eurostat lfst_r_lfsd2pwc (LFS, private households)",VERIFIED (flag bd)
population,FR,FRB,Y20-64,2024,1343.0,thousand persons,"Eurostat lfst_r_lfsd2pwc (LFS, private households)",VERIFIED (flag bd)
population,FR,FRC,Y20-64,2024,1439.8,thousand persons,"Eurostat lfst_r_lfsd2pwc (LFS, private households)",VERIFIED (flag bd)
population,FR,FRD,Y20-64,2024,1725.9,thousand persons,"Eurostat lfst_r_lfsd2pwc (LFS, private households)",VERIFIED (flag bd)
population,FR,FRE,Y20-64,2024,3278.9,thousand persons,"Eurostat lfst_r_lfsd2pwc (LFS, private households)",VERIFIED (flag bd)
population,FR,FRF,Y20-64,2024,3014.1,thousand persons,"Eurostat lfst_r_lfsd2pwc (LFS, private households)",VERIFIED (flag bd)
population,FR,FRG,Y20-64,2024,2113.1,thousand persons,"Eurostat lfst_r_lfsd2pwc (LFS, private households)",VERIFIED (flag bd)
population,FR,FRH,Y20-64,2024,1854.8,thousand persons,"Eurostat lfst_r_lfsd2pwc (LFS, private households)",VERIFIED (flag bd)
population,FR,FRI,Y20-64,2024,3246.5,thousand persons,"Eurostat lfst_r_lfsd2pwc (LFS, private households)",VERIFIED (flag bd)
population,FR,FRJ,Y20-64,2024,3309.5,thousand persons,"Eurostat lfst_r_lfsd2pwc (LFS, private households)",VERIFIED (flag bd)
population,FR,FRK,Y20-64,2024,4547.3,thousand persons,"Eurostat lfst_r_lfsd2pwc (LFS, private households)",VERIFIED (flag bd)
population,FR,FRL,Y20-64,2024,2704.6,thousand persons,"Eurostat lfst_r_lfsd2pwc (LFS, private households)",VERIFIED (flag bd)
population,FR,FRM,Y20-64,2024,188.5,thousand persons,"Eurostat lfst_r_lfsd2pwc (LFS, private households)",VERIFIED (flag bdu)
population,FR,FRY,Y20-64,2024,1148.8,thousand persons,"Eurostat lfst_r_lfsd2pwc (LFS, private households)",VERIFIED (flag bd)
population,FR,FR,Y_GE15,2024,55436.0,thousand persons,"Eurostat lfst_r_lfsd2pwc (LFS, private households)",VERIFIED (flag bd)
population,FR,FR1,Y_GE15,2024,9952.5,thousand persons,"Eurostat lfst_r_lfsd2pwc (LFS, private households)",VERIFIED (flag bd)
population,FR,FRB,Y_GE15,2024,2086.0,thousand persons,"Eurostat lfst_r_lfsd2pwc (LFS, private households)",VERIFIED (flag bd)
population,FR,FRC,Y_GE15,2024,2278.7,thousand persons,"Eurostat lfst_r_lfsd2pwc (LFS, private households)",VERIFIED (flag bd)
population,FR,FRD,Y_GE15,2024,2702.3,thousand persons,"Eurostat lfst_r_lfsd2pwc (LFS, private households)",VERIFIED (flag bd)
population,FR,FRE,Y_GE15,2024,4802.9,thousand persons,"Eurostat lfst_r_lfsd2pwc (LFS, private households)",VERIFIED (flag bd)
population,FR,FRF,Y_GE15,2024,4551.0,thousand persons,"Eurostat lfst_r_lfsd2pwc (LFS, private households)",VERIFIED (flag bd)
population,FR,FRG,Y_GE15,2024,3176.5,thousand persons,"Eurostat lfst_r_lfsd2pwc (LFS, private households)",VERIFIED (flag bd)
population,FR,FRH,Y_GE15,2024,2825.7,thousand persons,"Eurostat lfst_r_lfsd2pwc (LFS, private households)",VERIFIED (flag bd)
population,FR,FRI,Y_GE15,2024,5104.3,thousand persons,"Eurostat lfst_r_lfsd2pwc (LFS, private households)",VERIFIED (flag bd)
population,FR,FRJ,Y_GE15,2024,5074.0,thousand persons,"Eurostat lfst_r_lfsd2pwc (LFS, private households)",VERIFIED (flag bd)
population,FR,FRK,Y_GE15,2024,6664.0,thousand persons,"Eurostat lfst_r_lfsd2pwc (LFS, private households)",VERIFIED (flag bd)
population,FR,FRL,Y_GE15,2024,4264.3,thousand persons,"Eurostat lfst_r_lfsd2pwc (LFS, private households)",VERIFIED (flag bd)
population,FR,FRM,Y_GE15,2024,297.3,thousand persons,"Eurostat lfst_r_lfsd2pwc (LFS, private households)",VERIFIED (flag bdu)
population,FR,FRY,Y_GE15,2024,1656.5,thousand persons,"Eurostat lfst_r_lfsd2pwc (LFS, private households)",VERIFIED (flag bd)
population,FR,FR,Y15-64,2025,41561.1,thousand persons,"Eurostat lfst_r_lfsd2pwc (LFS, private households)",VERIFIED (definition differs)
population,FR,FR1,Y15-64,2025,8078.6,thousand persons,"Eurostat lfst_r_lfsd2pwc (LFS, private households)",VERIFIED (definition differs)
population,FR,FRB,Y15-64,2025,1511.0,thousand persons,"Eurostat lfst_r_lfsd2pwc (LFS, private households)",VERIFIED (definition differs)
population,FR,FRC,Y15-64,2025,1620.3,thousand persons,"Eurostat lfst_r_lfsd2pwc (LFS, private households)",VERIFIED (definition differs)
population,FR,FRD,Y15-64,2025,1961.6,thousand persons,"Eurostat lfst_r_lfsd2pwc (LFS, private households)",VERIFIED (definition differs)
population,FR,FRE,Y15-64,2025,3658.0,thousand persons,"Eurostat lfst_r_lfsd2pwc (LFS, private households)",VERIFIED (definition differs)
population,FR,FRF,Y15-64,2025,3359.3,thousand persons,"Eurostat lfst_r_lfsd2pwc (LFS, private households)",VERIFIED (definition differs)
population,FR,FRG,Y15-64,2025,2364.0,thousand persons,"Eurostat lfst_r_lfsd2pwc (LFS, private households)",VERIFIED (definition differs)
population,FR,FRH,Y15-64,2025,2062.2,thousand persons,"Eurostat lfst_r_lfsd2pwc (LFS, private households)",VERIFIED (definition differs)
population,FR,FRI,Y15-64,2025,3611.9,thousand persons,"Eurostat lfst_r_lfsd2pwc (LFS, private households)",VERIFIED (definition differs)
population,FR,FRJ,Y15-64,2025,3677.0,thousand persons,"Eurostat lfst_r_lfsd2pwc (LFS, private households)",VERIFIED (definition differs)
population,FR,FRK,Y15-64,2025,5038.3,thousand persons,"Eurostat lfst_r_lfsd2pwc (LFS, private households)",VERIFIED (definition differs)
population,FR,FRL,Y15-64,2025,3075.9,thousand persons,"Eurostat lfst_r_lfsd2pwc (LFS, private households)",VERIFIED (definition differs)
population,FR,FRM,Y15-64,2025,214.4,thousand persons,"Eurostat lfst_r_lfsd2pwc (LFS, private households)",VERIFIED (flag du)
population,FR,FRY,Y15-64,2025,1328.7,thousand persons,"Eurostat lfst_r_lfsd2pwc (LFS, private households)",VERIFIED (definition differs)
population,FR,FR,Y15-74,2025,49066.0,thousand persons,"Eurostat lfst_r_lfsd2pwc (LFS, private households)",VERIFIED (definition differs)
population,FR,FR1,Y15-74,2025,9121.1,thousand persons,"Eurostat lfst_r_lfsd2pwc (LFS, private households)",VERIFIED (definition differs)
population,FR,FRB,Y15-74,2025,1808.9,thousand persons,"Eurostat lfst_r_lfsd2pwc (LFS, private households)",VERIFIED (definition differs)
population,FR,FRC,Y15-74,2025,1961.5,thousand persons,"Eurostat lfst_r_lfsd2pwc (LFS, private households)",VERIFIED (definition differs)
population,FR,FRD,Y15-74,2025,2362.2,thousand persons,"Eurostat lfst_r_lfsd2pwc (LFS, private households)",VERIFIED (definition differs)
population,FR,FRE,Y15-74,2025,4275.7,thousand persons,"Eurostat lfst_r_lfsd2pwc (LFS, private households)",VERIFIED (definition differs)
population,FR,FRF,Y15-74,2025,3983.8,thousand persons,"Eurostat lfst_r_lfsd2pwc (LFS, private households)",VERIFIED (definition differs)
population,FR,FRG,Y15-74,2025,2812.9,thousand persons,"Eurostat lfst_r_lfsd2pwc (LFS, private households)",VERIFIED (definition differs)
population,FR,FRH,Y15-74,2025,2509.3,thousand persons,"Eurostat lfst_r_lfsd2pwc (LFS, private households)",VERIFIED (definition differs)
population,FR,FRI,Y15-74,2025,4411.4,thousand persons,"Eurostat lfst_r_lfsd2pwc (LFS, private households)",VERIFIED (definition differs)
population,FR,FRJ,Y15-74,2025,4440.9,thousand persons,"Eurostat lfst_r_lfsd2pwc (LFS, private households)",VERIFIED (definition differs)
population,FR,FRK,Y15-74,2025,5897.9,thousand persons,"Eurostat lfst_r_lfsd2pwc (LFS, private households)",VERIFIED (definition differs)
population,FR,FRL,Y15-74,2025,3693.2,thousand persons,"Eurostat lfst_r_lfsd2pwc (LFS, private households)",VERIFIED (definition differs)
population,FR,FRM,Y15-74,2025,258.8,thousand persons,"Eurostat lfst_r_lfsd2pwc (LFS, private households)",VERIFIED (flag du)
population,FR,FRY,Y15-74,2025,1528.6,thousand persons,"Eurostat lfst_r_lfsd2pwc (LFS, private households)",VERIFIED (definition differs)
population,FR,FR,Y20-64,2025,37389.5,thousand persons,"Eurostat lfst_r_lfsd2pwc (LFS, private households)",VERIFIED (definition differs)
population,FR,FR1,Y20-64,2025,7268.8,thousand persons,"Eurostat lfst_r_lfsd2pwc (LFS, private households)",VERIFIED (definition differs)
population,FR,FRB,Y20-64,2025,1344.2,thousand persons,"Eurostat lfst_r_lfsd2pwc (LFS, private households)",VERIFIED (definition differs)
population,FR,FRC,Y20-64,2025,1444.7,thousand persons,"Eurostat lfst_r_lfsd2pwc (LFS, private households)",VERIFIED (definition differs)
population,FR,FRD,Y20-64,2025,1757.8,thousand persons,"Eurostat lfst_r_lfsd2pwc (LFS, private households)",VERIFIED (definition differs)
population,FR,FRE,Y20-64,2025,3304.4,thousand persons,"Eurostat lfst_r_lfsd2pwc (LFS, private households)",VERIFIED (definition differs)
population,FR,FRF,Y20-64,2025,3019.0,thousand persons,"Eurostat lfst_r_lfsd2pwc (LFS, private households)",VERIFIED (definition differs)
population,FR,FRG,Y20-64,2025,2130.4,thousand persons,"Eurostat lfst_r_lfsd2pwc (LFS, private households)",VERIFIED (definition differs)
population,FR,FRH,Y20-64,2025,1824.7,thousand persons,"Eurostat lfst_r_lfsd2pwc (LFS, private households)",VERIFIED (definition differs)
population,FR,FRI,Y20-64,2025,3289.8,thousand persons,"Eurostat lfst_r_lfsd2pwc (LFS, private households)",VERIFIED (definition differs)
population,FR,FRJ,Y20-64,2025,3316.8,thousand persons,"Eurostat lfst_r_lfsd2pwc (LFS, private households)",VERIFIED (definition differs)
population,FR,FRK,Y20-64,2025,4587.1,thousand persons,"Eurostat lfst_r_lfsd2pwc (LFS, private households)",VERIFIED (definition differs)
population,FR,FRL,Y20-64,2025,2761.4,thousand persons,"Eurostat lfst_r_lfsd2pwc (LFS, private households)",VERIFIED (definition differs)
population,FR,FRM,Y20-64,2025,184.5,thousand persons,"Eurostat lfst_r_lfsd2pwc (LFS, private households)",VERIFIED (flag du)
population,FR,FRY,Y20-64,2025,1155.8,thousand persons,"Eurostat lfst_r_lfsd2pwc (LFS, private households)",VERIFIED (definition differs)
population,FR,FR,Y_GE15,2025,55891.3,thousand persons,"Eurostat lfst_r_lfsd2pwc (LFS, private households)",VERIFIED (definition differs)
population,FR,FR1,Y_GE15,2025,10042.4,thousand persons,"Eurostat lfst_r_lfsd2pwc (LFS, private households)",VERIFIED (definition differs)
population,FR,FRB,Y_GE15,2025,2100.6,thousand persons,"Eurostat lfst_r_lfsd2pwc (LFS, private households)",VERIFIED (definition differs)
population,FR,FRC,Y_GE15,2025,2288.0,thousand persons,"Eurostat lfst_r_lfsd2pwc (LFS, private households)",VERIFIED (definition differs)
population,FR,FRD,Y_GE15,2025,2724.2,thousand persons,"Eurostat lfst_r_lfsd2pwc (LFS, private households)",VERIFIED (definition differs)
population,FR,FRE,Y_GE15,2025,4816.7,thousand persons,"Eurostat lfst_r_lfsd2pwc (LFS, private households)",VERIFIED (definition differs)
population,FR,FRF,Y_GE15,2025,4546.7,thousand persons,"Eurostat lfst_r_lfsd2pwc (LFS, private households)",VERIFIED (definition differs)
population,FR,FRG,Y_GE15,2025,3202.4,thousand persons,"Eurostat lfst_r_lfsd2pwc (LFS, private households)",VERIFIED (definition differs)
population,FR,FRH,Y_GE15,2025,2856.8,thousand persons,"Eurostat lfst_r_lfsd2pwc (LFS, private households)",VERIFIED (definition differs)
population,FR,FRI,Y_GE15,2025,5155.9,thousand persons,"Eurostat lfst_r_lfsd2pwc (LFS, private households)",VERIFIED (definition differs)
population,FR,FRJ,Y_GE15,2025,5135.6,thousand persons,"Eurostat lfst_r_lfsd2pwc (LFS, private households)",VERIFIED (definition differs)
population,FR,FRK,Y_GE15,2025,6714.5,thousand persons,"Eurostat lfst_r_lfsd2pwc (LFS, private households)",VERIFIED (definition differs)
population,FR,FRL,Y_GE15,2025,4326.3,thousand persons,"Eurostat lfst_r_lfsd2pwc (LFS, private households)",VERIFIED (definition differs)
population,FR,FRM,Y_GE15,2025,302.1,thousand persons,"Eurostat lfst_r_lfsd2pwc (LFS, private households)",VERIFIED (flag du)
population,FR,FRY,Y_GE15,2025,1679.0,thousand persons,"Eurostat lfst_r_lfsd2pwc (LFS, private households)",VERIFIED (definition differs)
population,IT,IT,Y15-64,2015,39034.8,thousand persons,"Eurostat lfst_r_lfsd2pwc (LFS, private households)",VERIFIED
population,IT,ITC1,Y15-64,2015,2757.4,thousand persons,"Eurostat lfst_r_lfsd2pwc (LFS, private households)",VERIFIED
population,IT,ITC2,Y15-64,2015,81.1,thousand persons,"Eurostat lfst_r_lfsd2pwc (LFS, private households)",VERIFIED
population,IT,ITC3,Y15-64,2015,952.4,thousand persons,"Eurostat lfst_r_lfsd2pwc (LFS, private households)",VERIFIED
population,IT,ITC4,Y15-64,2015,6400.5,thousand persons,"Eurostat lfst_r_lfsd2pwc (LFS, private households)",VERIFIED
population,IT,ITF1,Y15-64,2015,856.0,thousand persons,"Eurostat lfst_r_lfsd2pwc (LFS, private households)",VERIFIED
population,IT,ITF2,Y15-64,2015,202.2,thousand persons,"Eurostat lfst_r_lfsd2pwc (LFS, private households)",VERIFIED
population,IT,ITF3,Y15-64,2015,3920.4,thousand persons,"Eurostat lfst_r_lfsd2pwc (LFS, private households)",VERIFIED
population,IT,ITF4,Y15-64,2015,2668.9,thousand persons,"Eurostat lfst_r_lfsd2pwc (LFS, private households)",VERIFIED
population,IT,ITF5,Y15-64,2015,377.4,thousand persons,"Eurostat lfst_r_lfsd2pwc (LFS, private households)",VERIFIED
population,IT,ITF6,Y15-64,2015,1300.5,thousand persons,"Eurostat lfst_r_lfsd2pwc (LFS, private households)",VERIFIED
population,IT,ITG1,Y15-64,2015,3329.2,thousand persons,"Eurostat lfst_r_lfsd2pwc (LFS, private households)",VERIFIED
population,IT,ITG2,Y15-64,2015,1100.5,thousand persons,"Eurostat lfst_r_lfsd2pwc (LFS, private households)",VERIFIED
population,IT,ITH1,Y15-64,2015,334.8,thousand persons,"Eurostat lfst_r_lfsd2pwc (LFS, private households)",VERIFIED
population,IT,ITH2,Y15-64,2015,343.6,thousand persons,"Eurostat lfst_r_lfsd2pwc (LFS, private households)",VERIFIED
population,IT,ITH3,Y15-64,2015,3159.6,thousand persons,"Eurostat lfst_r_lfsd2pwc (LFS, private households)",VERIFIED
population,IT,ITH4,Y15-64,2015,761.2,thousand persons,"Eurostat lfst_r_lfsd2pwc (LFS, private households)",VERIFIED
population,IT,ITH5,Y15-64,2015,2793.7,thousand persons,"Eurostat lfst_r_lfsd2pwc (LFS, private households)",VERIFIED
population,IT,ITI1,Y15-64,2015,2331.3,thousand persons,"Eurostat lfst_r_lfsd2pwc (LFS, private households)",VERIFIED
population,IT,ITI2,Y15-64,2015,555.9,thousand persons,"Eurostat lfst_r_lfsd2pwc (LFS, private households)",VERIFIED
population,IT,ITI3,Y15-64,2015,974.1,thousand persons,"Eurostat lfst_r_lfsd2pwc (LFS, private households)",VERIFIED
population,IT,ITI4,Y15-64,2015,3833.9,thousand persons,"Eurostat lfst_r_lfsd2pwc (LFS, private households)",VERIFIED
population,IT,IT,Y15-74,2015,45520.1,thousand persons,"Eurostat lfst_r_lfsd2pwc (LFS, private households)",VERIFIED
population,IT,ITC1,Y15-74,2015,3273.1,thousand persons,"Eurostat lfst_r_lfsd2pwc (LFS, private households)",VERIFIED
population,IT,ITC2,Y15-74,2015,95.2,thousand persons,"Eurostat lfst_r_lfsd2pwc (LFS, private households)",VERIFIED
population,IT,ITC3,Y15-74,2015,1154.5,thousand persons,"Eurostat lfst_r_lfsd2pwc (LFS, private households)",VERIFIED
population,IT,ITC4,Y15-74,2015,7475.9,thousand persons,"Eurostat lfst_r_lfsd2pwc (LFS, private households)",VERIFIED
population,IT,ITF1,Y15-74,2015,997.0,thousand persons,"Eurostat lfst_r_lfsd2pwc (LFS, private households)",VERIFIED
population,IT,ITF2,Y15-74,2015,235.0,thousand persons,"Eurostat lfst_r_lfsd2pwc (LFS, private households)",VERIFIED
population,IT,ITF3,Y15-74,2015,4464.3,thousand persons,"Eurostat lfst_r_lfsd2pwc (LFS, private households)",VERIFIED
population,IT,ITF4,Y15-74,2015,3096.6,thousand persons,"Eurostat lfst_r_lfsd2pwc (LFS, private households)",VERIFIED
population,IT,ITF5,Y15-74,2015,434.0,thousand persons,"Eurostat lfst_r_lfsd2pwc (LFS, private households)",VERIFIED
population,IT,ITF6,Y15-74,2015,1494.2,thousand persons,"Eurostat lfst_r_lfsd2pwc (LFS, private households)",VERIFIED
population,IT,ITG1,Y15-74,2015,3838.2,thousand persons,"Eurostat lfst_r_lfsd2pwc (LFS, private households)",VERIFIED
population,IT,ITG2,Y15-74,2015,1286.4,thousand persons,"Eurostat lfst_r_lfsd2pwc (LFS, private households)",VERIFIED
population,IT,ITH1,Y15-74,2015,384.3,thousand persons,"Eurostat lfst_r_lfsd2pwc (LFS, private households)",VERIFIED
population,IT,ITH2,Y15-74,2015,398.6,thousand persons,"Eurostat lfst_r_lfsd2pwc (LFS, private households)",VERIFIED
population,IT,ITH3,Y15-74,2015,3688.5,thousand persons,"Eurostat lfst_r_lfsd2pwc (LFS, private households)",VERIFIED
population,IT,ITH4,Y15-74,2015,913.2,thousand persons,"Eurostat lfst_r_lfsd2pwc (LFS, private households)",VERIFIED
population,IT,ITH5,Y15-74,2015,3281.0,thousand persons,"Eurostat lfst_r_lfsd2pwc (LFS, private households)",VERIFIED
population,IT,ITI1,Y15-74,2015,2772.4,thousand persons,"Eurostat lfst_r_lfsd2pwc (LFS, private households)",VERIFIED
population,IT,ITI2,Y15-74,2015,657.3,thousand persons,"Eurostat lfst_r_lfsd2pwc (LFS, private households)",VERIFIED
population,IT,ITI3,Y15-74,2015,1140.5,thousand persons,"Eurostat lfst_r_lfsd2pwc (LFS, private households)",VERIFIED
population,IT,ITI4,Y15-74,2015,4439.7,thousand persons,"Eurostat lfst_r_lfsd2pwc (LFS, private households)",VERIFIED
population,IT,IT,Y20-64,2015,36169.8,thousand persons,"Eurostat lfst_r_lfsd2pwc (LFS, private households)",VERIFIED
population,IT,ITC1,Y20-64,2015,2568.7,thousand persons,"Eurostat lfst_r_lfsd2pwc (LFS, private households)",VERIFIED
population,IT,ITC2,Y20-64,2015,75.4,thousand persons,"Eurostat lfst_r_lfsd2pwc (LFS, private households)",VERIFIED
population,IT,ITC3,Y20-64,2015,889.2,thousand persons,"Eurostat lfst_r_lfsd2pwc (LFS, private households)",VERIFIED
population,IT,ITC4,Y20-64,2015,5948.6,thousand persons,"Eurostat lfst_r_lfsd2pwc (LFS, private households)",VERIFIED
population,IT,ITF1,Y20-64,2015,795.8,thousand persons,"Eurostat lfst_r_lfsd2pwc (LFS, private households)",VERIFIED
population,IT,ITF2,Y20-64,2015,187.4,thousand persons,"Eurostat lfst_r_lfsd2pwc (LFS, private households)",VERIFIED
population,IT,ITF3,Y20-64,2015,3581.0,thousand persons,"Eurostat lfst_r_lfsd2pwc (LFS, private households)",VERIFIED
population,IT,ITF4,Y20-64,2015,2452.1,thousand persons,"Eurostat lfst_r_lfsd2pwc (LFS, private households)",VERIFIED
population,IT,ITF5,Y20-64,2015,348.7,thousand persons,"Eurostat lfst_r_lfsd2pwc (LFS, private households)",VERIFIED
population,IT,ITF6,Y20-64,2015,1198.4,thousand persons,"Eurostat lfst_r_lfsd2pwc (LFS, private households)",VERIFIED
population,IT,ITG1,Y20-64,2015,3056.0,thousand persons,"Eurostat lfst_r_lfsd2pwc (LFS, private households)",VERIFIED
population,IT,ITG2,Y20-64,2015,1029.5,thousand persons,"Eurostat lfst_r_lfsd2pwc (LFS, private households)",VERIFIED
population,IT,ITH1,Y20-64,2015,305.8,thousand persons,"Eurostat lfst_r_lfsd2pwc (LFS, private households)",VERIFIED
population,IT,ITH2,Y20-64,2015,316.3,thousand persons,"Eurostat lfst_r_lfsd2pwc (LFS, private households)",VERIFIED
population,IT,ITH3,Y20-64,2015,2930.4,thousand persons,"Eurostat lfst_r_lfsd2pwc (LFS, private households)",VERIFIED
population,IT,ITH4,Y20-64,2015,710.5,thousand persons,"Eurostat lfst_r_lfsd2pwc (LFS, private households)",VERIFIED
population,IT,ITH5,Y20-64,2015,2608.0,thousand persons,"Eurostat lfst_r_lfsd2pwc (LFS, private households)",VERIFIED
population,IT,ITI1,Y20-64,2015,2175.9,thousand persons,"Eurostat lfst_r_lfsd2pwc (LFS, private households)",VERIFIED
population,IT,ITI2,Y20-64,2015,517.9,thousand persons,"Eurostat lfst_r_lfsd2pwc (LFS, private households)",VERIFIED
population,IT,ITI3,Y20-64,2015,904.7,thousand persons,"Eurostat lfst_r_lfsd2pwc (LFS, private households)",VERIFIED
population,IT,ITI4,Y20-64,2015,3569.6,thousand persons,"Eurostat lfst_r_lfsd2pwc (LFS, private households)",VERIFIED
population,IT,IT,Y_GE15,2015,52070.2,thousand persons,"Eurostat lfst_r_lfsd2pwc (LFS, private households)",VERIFIED
population,IT,ITC1,Y_GE15,2015,3816.4,thousand persons,"Eurostat lfst_r_lfsd2pwc (LFS, private households)",VERIFIED
population,IT,ITC2,Y_GE15,2015,109.4,thousand persons,"Eurostat lfst_r_lfsd2pwc (LFS, private households)",VERIFIED
population,IT,ITC3,Y_GE15,2015,1387.4,thousand persons,"Eurostat lfst_r_lfsd2pwc (LFS, private households)",VERIFIED
population,IT,ITC4,Y_GE15,2015,8528.8,thousand persons,"Eurostat lfst_r_lfsd2pwc (LFS, private households)",VERIFIED
population,IT,ITF1,Y_GE15,2015,1155.1,thousand persons,"Eurostat lfst_r_lfsd2pwc (LFS, private households)",VERIFIED
population,IT,ITF2,Y_GE15,2015,274.7,thousand persons,"Eurostat lfst_r_lfsd2pwc (LFS, private households)",VERIFIED
population,IT,ITF3,Y_GE15,2015,4946.6,thousand persons,"Eurostat lfst_r_lfsd2pwc (LFS, private households)",VERIFIED
population,IT,ITF4,Y_GE15,2015,3502.4,thousand persons,"Eurostat lfst_r_lfsd2pwc (LFS, private households)",VERIFIED
population,IT,ITF5,Y_GE15,2015,501.2,thousand persons,"Eurostat lfst_r_lfsd2pwc (LFS, private households)",VERIFIED
population,IT,ITF6,Y_GE15,2015,1697.7,thousand persons,"Eurostat lfst_r_lfsd2pwc (LFS, private households)",VERIFIED
population,IT,ITG1,Y_GE15,2015,4334.6,thousand persons,"Eurostat lfst_r_lfsd2pwc (LFS, private households)",VERIFIED
population,IT,ITG2,Y_GE15,2015,1456.7,thousand persons,"Eurostat lfst_r_lfsd2pwc (LFS, private households)",VERIFIED
population,IT,ITH1,Y_GE15,2015,430.0,thousand persons,"Eurostat lfst_r_lfsd2pwc (LFS, private households)",VERIFIED
population,IT,ITH2,Y_GE15,2015,451.0,thousand persons,"Eurostat lfst_r_lfsd2pwc (LFS, private households)",VERIFIED
population,IT,ITH3,Y_GE15,2015,4199.6,thousand persons,"Eurostat lfst_r_lfsd2pwc (LFS, private households)",VERIFIED
population,IT,ITH4,Y_GE15,2015,1062.1,thousand persons,"Eurostat lfst_r_lfsd2pwc (LFS, private households)",VERIFIED
population,IT,ITH5,Y_GE15,2015,3820.0,thousand persons,"Eurostat lfst_r_lfsd2pwc (LFS, private households)",VERIFIED
population,IT,ITI1,Y_GE15,2015,3249.8,thousand persons,"Eurostat lfst_r_lfsd2pwc (LFS, private households)",VERIFIED
population,IT,ITI2,Y_GE15,2015,773.0,thousand persons,"Eurostat lfst_r_lfsd2pwc (LFS, private households)",VERIFIED
population,IT,ITI3,Y_GE15,2015,1337.2,thousand persons,"Eurostat lfst_r_lfsd2pwc (LFS, private households)",VERIFIED
population,IT,ITI4,Y_GE15,2015,5036.6,thousand persons,"Eurostat lfst_r_lfsd2pwc (LFS, private households)",VERIFIED
population,IT,IT,Y15-64,2019,38006.8,thousand persons,"Eurostat lfst_r_lfsd2pwc (LFS, private households)",VERIFIED
population,IT,ITC1,Y15-64,2019,2663.8,thousand persons,"Eurostat lfst_r_lfsd2pwc (LFS, private households)",VERIFIED
population,IT,ITC2,Y15-64,2019,78.6,thousand persons,"Eurostat lfst_r_lfsd2pwc (LFS, private households)",VERIFIED
population,IT,ITC3,Y15-64,2019,915.9,thousand persons,"Eurostat lfst_r_lfsd2pwc (LFS, private households)",VERIFIED
population,IT,ITC4,Y15-64,2019,6349.6,thousand persons,"Eurostat lfst_r_lfsd2pwc (LFS, private households)",VERIFIED
population,IT,ITF1,Y15-64,2019,823.8,thousand persons,"Eurostat lfst_r_lfsd2pwc (LFS, private households)",VERIFIED
population,IT,ITF2,Y15-64,2019,191.8,thousand persons,"Eurostat lfst_r_lfsd2pwc (LFS, private households)",VERIFIED
population,IT,ITF3,Y15-64,2019,3809.6,thousand persons,"Eurostat lfst_r_lfsd2pwc (LFS, private households)",VERIFIED
population,IT,ITF4,Y15-64,2019,2565.6,thousand persons,"Eurostat lfst_r_lfsd2pwc (LFS, private households)",VERIFIED
population,IT,ITF5,Y15-64,2019,360.7,thousand persons,"Eurostat lfst_r_lfsd2pwc (LFS, private households)",VERIFIED
population,IT,ITF6,Y15-64,2019,1236.3,thousand persons,"Eurostat lfst_r_lfsd2pwc (LFS, private households)",VERIFIED
population,IT,ITG1,Y15-64,2019,3170.7,thousand persons,"Eurostat lfst_r_lfsd2pwc (LFS, private households)",VERIFIED
population,IT,ITG2,Y15-64,2019,1048.1,thousand persons,"Eurostat lfst_r_lfsd2pwc (LFS, private households)",VERIFIED
population,IT,ITH1,Y15-64,2019,339.1,thousand persons,"Eurostat lfst_r_lfsd2pwc (LFS, private households)",VERIFIED
population,IT,ITH2,Y15-64,2019,343.4,thousand persons,"Eurostat lfst_r_lfsd2pwc (LFS, private households)",VERIFIED
population,IT,ITH3,Y15-64,2019,3100.5,thousand persons,"Eurostat lfst_r_lfsd2pwc (LFS, private households)",VERIFIED
population,IT,ITH4,Y15-64,2019,742.0,thousand persons,"Eurostat lfst_r_lfsd2pwc (LFS, private households)",VERIFIED
population,IT,ITH5,Y15-64,2019,2786.0,thousand persons,"Eurostat lfst_r_lfsd2pwc (LFS, private households)",VERIFIED
population,IT,ITI1,Y15-64,2019,2284.1,thousand persons,"Eurostat lfst_r_lfsd2pwc (LFS, private households)",VERIFIED
population,IT,ITI2,Y15-64,2019,537.1,thousand persons,"Eurostat lfst_r_lfsd2pwc (LFS, private households)",VERIFIED
population,IT,ITI3,Y15-64,2019,945.5,thousand persons,"Eurostat lfst_r_lfsd2pwc (LFS, private households)",VERIFIED
population,IT,ITI4,Y15-64,2019,3714.6,thousand persons,"Eurostat lfst_r_lfsd2pwc (LFS, private households)",VERIFIED
population,IT,IT,Y15-74,2019,44671.5,thousand persons,"Eurostat lfst_r_lfsd2pwc (LFS, private households)",VERIFIED
population,IT,ITC1,Y15-74,2019,3183.6,thousand persons,"Eurostat lfst_r_lfsd2pwc (LFS, private households)",VERIFIED
population,IT,ITC2,Y15-74,2019,93.1,thousand persons,"Eurostat lfst_r_lfsd2pwc (LFS, private households)",VERIFIED
population,IT,ITC3,Y15-74,2019,1110.2,thousand persons,"Eurostat lfst_r_lfsd2pwc (LFS, private households)",VERIFIED
population,IT,ITC4,Y15-74,2019,7441.5,thousand persons,"Eurostat lfst_r_lfsd2pwc (LFS, private households)",VERIFIED
population,IT,ITF1,Y15-74,2019,973.7,thousand persons,"Eurostat lfst_r_lfsd2pwc (LFS, private households)",VERIFIED
population,IT,ITF2,Y15-74,2019,227.7,thousand persons,"Eurostat lfst_r_lfsd2pwc (LFS, private households)",VERIFIED
population,IT,ITF3,Y15-74,2019,4387.7,thousand persons,"Eurostat lfst_r_lfsd2pwc (LFS, private households)",VERIFIED
population,IT,ITF4,Y15-74,2019,3014.5,thousand persons,"Eurostat lfst_r_lfsd2pwc (LFS, private households)",VERIFIED
population,IT,ITF5,Y15-74,2019,422.9,thousand persons,"Eurostat lfst_r_lfsd2pwc (LFS, private households)",VERIFIED
population,IT,ITF6,Y15-74,2019,1445.3,thousand persons,"Eurostat lfst_r_lfsd2pwc (LFS, private households)",VERIFIED
population,IT,ITG1,Y15-74,2019,3704.0,thousand persons,"Eurostat lfst_r_lfsd2pwc (LFS, private households)",VERIFIED
population,IT,ITG2,Y15-74,2019,1244.4,thousand persons,"Eurostat lfst_r_lfsd2pwc (LFS, private households)",VERIFIED
population,IT,ITH1,Y15-74,2019,388.0,thousand persons,"Eurostat lfst_r_lfsd2pwc (LFS, private households)",VERIFIED
population,IT,ITH2,Y15-74,2019,401.9,thousand persons,"Eurostat lfst_r_lfsd2pwc (LFS, private households)",VERIFIED
population,IT,ITH3,Y15-74,2019,3641.7,thousand persons,"Eurostat lfst_r_lfsd2pwc (LFS, private households)",VERIFIED
population,IT,ITH4,Y15-74,2019,891.5,thousand persons,"Eurostat lfst_r_lfsd2pwc (LFS, private households)",VERIFIED
population,IT,ITH5,Y15-74,2019,3282.4,thousand persons,"Eurostat lfst_r_lfsd2pwc (LFS, private households)",VERIFIED
population,IT,ITI1,Y15-74,2019,2726.4,thousand persons,"Eurostat lfst_r_lfsd2pwc (LFS, private households)",VERIFIED
population,IT,ITI2,Y15-74,2019,640.3,thousand persons,"Eurostat lfst_r_lfsd2pwc (LFS, private households)",VERIFIED
population,IT,ITI3,Y15-74,2019,1119.6,thousand persons,"Eurostat lfst_r_lfsd2pwc (LFS, private households)",VERIFIED
population,IT,ITI4,Y15-74,2019,4331.1,thousand persons,"Eurostat lfst_r_lfsd2pwc (LFS, private households)",VERIFIED
population,IT,IT,Y20-64,2019,35149.4,thousand persons,"Eurostat lfst_r_lfsd2pwc (LFS, private households)",VERIFIED
population,IT,ITC1,Y20-64,2019,2473.1,thousand persons,"Eurostat lfst_r_lfsd2pwc (LFS, private households)",VERIFIED
population,IT,ITC2,Y20-64,2019,72.7,thousand persons,"Eurostat lfst_r_lfsd2pwc (LFS, private households)",VERIFIED
population,IT,ITC3,Y20-64,2019,852.6,thousand persons,"Eurostat lfst_r_lfsd2pwc (LFS, private households)",VERIFIED
population,IT,ITC4,Y20-64,2019,5880.8,thousand persons,"Eurostat lfst_r_lfsd2pwc (LFS, private households)",VERIFIED
population,IT,ITF1,Y20-64,2019,765.6,thousand persons,"Eurostat lfst_r_lfsd2pwc (LFS, private households)",VERIFIED
population,IT,ITF2,Y20-64,2019,178.2,thousand persons,"Eurostat lfst_r_lfsd2pwc (LFS, private households)",VERIFIED
population,IT,ITF3,Y20-64,2019,3482.3,thousand persons,"Eurostat lfst_r_lfsd2pwc (LFS, private households)",VERIFIED
population,IT,ITF4,Y20-64,2019,2357.3,thousand persons,"Eurostat lfst_r_lfsd2pwc (LFS, private households)",VERIFIED
population,IT,ITF5,Y20-64,2019,333.1,thousand persons,"Eurostat lfst_r_lfsd2pwc (LFS, private households)",VERIFIED
population,IT,ITF6,Y20-64,2019,1140.3,thousand persons,"Eurostat lfst_r_lfsd2pwc (LFS, private households)",VERIFIED
population,IT,ITG1,Y20-64,2019,2912.8,thousand persons,"Eurostat lfst_r_lfsd2pwc (LFS, private households)",VERIFIED
population,IT,ITG2,Y20-64,2019,978.8,thousand persons,"Eurostat lfst_r_lfsd2pwc (LFS, private households)",VERIFIED
population,IT,ITH1,Y20-64,2019,310.2,thousand persons,"Eurostat lfst_r_lfsd2pwc (LFS, private households)",VERIFIED
population,IT,ITH2,Y20-64,2019,315.5,thousand persons,"Eurostat lfst_r_lfsd2pwc (LFS, private households)",VERIFIED
population,IT,ITH3,Y20-64,2019,2868.3,thousand persons,"Eurostat lfst_r_lfsd2pwc (LFS, private households)",VERIFIED
population,IT,ITH4,Y20-64,2019,689.5,thousand persons,"Eurostat lfst_r_lfsd2pwc (LFS, private households)",VERIFIED
population,IT,ITH5,Y20-64,2019,2588.9,thousand persons,"Eurostat lfst_r_lfsd2pwc (LFS, private households)",VERIFIED
population,IT,ITI1,Y20-64,2019,2122.6,thousand persons,"Eurostat lfst_r_lfsd2pwc (LFS, private households)",VERIFIED
population,IT,ITI2,Y20-64,2019,498.9,thousand persons,"Eurostat lfst_r_lfsd2pwc (LFS, private households)",VERIFIED
population,IT,ITI3,Y20-64,2019,876.7,thousand persons,"Eurostat lfst_r_lfsd2pwc (LFS, private households)",VERIFIED
population,IT,ITI4,Y20-64,2019,3451.0,thousand persons,"Eurostat lfst_r_lfsd2pwc (LFS, private households)",VERIFIED
population,IT,IT,Y_GE15,2019,51534.7,thousand persons,"Eurostat lfst_r_lfsd2pwc (LFS, private households)",VERIFIED
population,IT,ITC1,Y_GE15,2019,3749.3,thousand persons,"Eurostat lfst_r_lfsd2pwc (LFS, private households)",VERIFIED
population,IT,ITC2,Y_GE15,2019,108.1,thousand persons,"Eurostat lfst_r_lfsd2pwc (LFS, private households)",VERIFIED
population,IT,ITC3,Y_GE15,2019,1346.4,thousand persons,"Eurostat lfst_r_lfsd2pwc (LFS, private households)",VERIFIED
population,IT,ITC4,Y_GE15,2019,8582.6,thousand persons,"Eurostat lfst_r_lfsd2pwc (LFS, private households)",VERIFIED
population,IT,ITF1,Y_GE15,2019,1132.6,thousand persons,"Eurostat lfst_r_lfsd2pwc (LFS, private households)",VERIFIED
population,IT,ITF2,Y_GE15,2019,266.3,thousand persons,"Eurostat lfst_r_lfsd2pwc (LFS, private households)",VERIFIED
population,IT,ITF3,Y_GE15,2019,4885.0,thousand persons,"Eurostat lfst_r_lfsd2pwc (LFS, private households)",VERIFIED
population,IT,ITF4,Y_GE15,2019,3439.9,thousand persons,"Eurostat lfst_r_lfsd2pwc (LFS, private households)",VERIFIED
population,IT,ITF5,Y_GE15,2019,488.7,thousand persons,"Eurostat lfst_r_lfsd2pwc (LFS, private households)",VERIFIED
population,IT,ITF6,Y_GE15,2019,1648.2,thousand persons,"Eurostat lfst_r_lfsd2pwc (LFS, private households)",VERIFIED
population,IT,ITG1,Y_GE15,2019,4204.7,thousand persons,"Eurostat lfst_r_lfsd2pwc (LFS, private households)",VERIFIED
population,IT,ITG2,Y_GE15,2019,1431.4,thousand persons,"Eurostat lfst_r_lfsd2pwc (LFS, private households)",VERIFIED
population,IT,ITH1,Y_GE15,2019,440.4,thousand persons,"Eurostat lfst_r_lfsd2pwc (LFS, private households)",VERIFIED
population,IT,ITH2,Y_GE15,2019,459.8,thousand persons,"Eurostat lfst_r_lfsd2pwc (LFS, private households)",VERIFIED
population,IT,ITH3,Y_GE15,2019,4195.9,thousand persons,"Eurostat lfst_r_lfsd2pwc (LFS, private households)",VERIFIED
population,IT,ITH4,Y_GE15,2019,1053.1,thousand persons,"Eurostat lfst_r_lfsd2pwc (LFS, private households)",VERIFIED
population,IT,ITH5,Y_GE15,2019,3841.9,thousand persons,"Eurostat lfst_r_lfsd2pwc (LFS, private households)",VERIFIED
population,IT,ITI1,Y_GE15,2019,3219.1,thousand persons,"Eurostat lfst_r_lfsd2pwc (LFS, private households)",VERIFIED
population,IT,ITI2,Y_GE15,2019,759.0,thousand persons,"Eurostat lfst_r_lfsd2pwc (LFS, private households)",VERIFIED
population,IT,ITI3,Y_GE15,2019,1319.6,thousand persons,"Eurostat lfst_r_lfsd2pwc (LFS, private households)",VERIFIED
population,IT,ITI4,Y_GE15,2019,4962.6,thousand persons,"Eurostat lfst_r_lfsd2pwc (LFS, private households)",VERIFIED
population,IT,IT,Y15-64,2024,37230.4,thousand persons,"Eurostat lfst_r_lfsd2pwc (LFS, private households)",VERIFIED
population,IT,ITC1,Y15-64,2024,2612.8,thousand persons,"Eurostat lfst_r_lfsd2pwc (LFS, private households)",VERIFIED
population,IT,ITC2,Y15-64,2024,76.9,thousand persons,"Eurostat lfst_r_lfsd2pwc (LFS, private households)",VERIFIED
population,IT,ITC3,Y15-64,2024,904.4,thousand persons,"Eurostat lfst_r_lfsd2pwc (LFS, private households)",VERIFIED
population,IT,ITC4,Y15-64,2024,6359.1,thousand persons,"Eurostat lfst_r_lfsd2pwc (LFS, private households)",VERIFIED
population,IT,ITF1,Y15-64,2024,794.1,thousand persons,"Eurostat lfst_r_lfsd2pwc (LFS, private households)",VERIFIED
population,IT,ITF2,Y15-64,2024,180.4,thousand persons,"Eurostat lfst_r_lfsd2pwc (LFS, private households)",VERIFIED
population,IT,ITF3,Y15-64,2024,3658.2,thousand persons,"Eurostat lfst_r_lfsd2pwc (LFS, private households)",VERIFIED
population,IT,ITF4,Y15-64,2024,2477.6,thousand persons,"Eurostat lfst_r_lfsd2pwc (LFS, private households)",VERIFIED
population,IT,ITF5,Y15-64,2024,339.0,thousand persons,"Eurostat lfst_r_lfsd2pwc (LFS, private households)",VERIFIED
population,IT,ITF6,Y15-64,2024,1162.9,thousand persons,"Eurostat lfst_r_lfsd2pwc (LFS, private households)",VERIFIED
population,IT,ITG1,Y15-64,2024,3046.2,thousand persons,"Eurostat lfst_r_lfsd2pwc (LFS, private households)",VERIFIED
population,IT,ITG2,Y15-64,2024,990.5,thousand persons,"Eurostat lfst_r_lfsd2pwc (LFS, private households)",VERIFIED
population,IT,ITH1,Y15-64,2024,341.4,thousand persons,"Eurostat lfst_r_lfsd2pwc (LFS, private households)",VERIFIED
population,IT,ITH2,Y15-64,2024,341.7,thousand persons,"Eurostat lfst_r_lfsd2pwc (LFS, private households)",VERIFIED
population,IT,ITH3,Y15-64,2024,3066.2,thousand persons,"Eurostat lfst_r_lfsd2pwc (LFS, private households)",VERIFIED
population,IT,ITH4,Y15-64,2024,733.1,thousand persons,"Eurostat lfst_r_lfsd2pwc (LFS, private households)",VERIFIED
population,IT,ITH5,Y15-64,2024,2790.5,thousand persons,"Eurostat lfst_r_lfsd2pwc (LFS, private households)",VERIFIED
population,IT,ITI1,Y15-64,2024,2265.3,thousand persons,"Eurostat lfst_r_lfsd2pwc (LFS, private households)",VERIFIED
population,IT,ITI2,Y15-64,2024,523.5,thousand persons,"Eurostat lfst_r_lfsd2pwc (LFS, private households)",VERIFIED
population,IT,ITI3,Y15-64,2024,919.3,thousand persons,"Eurostat lfst_r_lfsd2pwc (LFS, private households)",VERIFIED
population,IT,ITI4,Y15-64,2024,3647.2,thousand persons,"Eurostat lfst_r_lfsd2pwc (LFS, private households)",VERIFIED
population,IT,IT,Y15-74,2024,44112.5,thousand persons,"Eurostat lfst_r_lfsd2pwc (LFS, private households)",VERIFIED
population,IT,ITC1,Y15-74,2024,3137.0,thousand persons,"Eurostat lfst_r_lfsd2pwc (LFS, private households)",VERIFIED
population,IT,ITC2,Y15-74,2024,91.8,thousand persons,"Eurostat lfst_r_lfsd2pwc (LFS, private households)",VERIFIED
population,IT,ITC3,Y15-74,2024,1096.3,thousand persons,"Eurostat lfst_r_lfsd2pwc (LFS, private households)",VERIFIED
population,IT,ITC4,Y15-74,2024,7467.7,thousand persons,"Eurostat lfst_r_lfsd2pwc (LFS, private households)",VERIFIED
population,IT,ITF1,Y15-74,2024,952.7,thousand persons,"Eurostat lfst_r_lfsd2pwc (LFS, private households)",VERIFIED
population,IT,ITF2,Y15-74,2024,218.5,thousand persons,"Eurostat lfst_r_lfsd2pwc (LFS, private households)",VERIFIED
population,IT,ITF3,Y15-74,2024,4272.8,thousand persons,"Eurostat lfst_r_lfsd2pwc (LFS, private households)",VERIFIED
population,IT,ITF4,Y15-74,2024,2944.2,thousand persons,"Eurostat lfst_r_lfsd2pwc (LFS, private households)",VERIFIED
population,IT,ITF5,Y15-74,2024,407.1,thousand persons,"Eurostat lfst_r_lfsd2pwc (LFS, private households)",VERIFIED
population,IT,ITF6,Y15-74,2024,1388.5,thousand persons,"Eurostat lfst_r_lfsd2pwc (LFS, private households)",VERIFIED
population,IT,ITG1,Y15-74,2024,3612.9,thousand persons,"Eurostat lfst_r_lfsd2pwc (LFS, private households)",VERIFIED
population,IT,ITG2,Y15-74,2024,1200.5,thousand persons,"Eurostat lfst_r_lfsd2pwc (LFS, private households)",VERIFIED
population,IT,ITH1,Y15-74,2024,393.0,thousand persons,"Eurostat lfst_r_lfsd2pwc (LFS, private households)",VERIFIED
population,IT,ITH2,Y15-74,2024,403.6,thousand persons,"Eurostat lfst_r_lfsd2pwc (LFS, private households)",VERIFIED
population,IT,ITH3,Y15-74,2024,3626.6,thousand persons,"Eurostat lfst_r_lfsd2pwc (LFS, private households)",VERIFIED
population,IT,ITH4,Y15-74,2024,879.5,thousand persons,"Eurostat lfst_r_lfsd2pwc (LFS, private households)",VERIFIED
population,IT,ITH5,Y15-74,2024,3295.5,thousand persons,"Eurostat lfst_r_lfsd2pwc (LFS, private households)",VERIFIED
population,IT,ITI1,Y15-74,2024,2703.6,thousand persons,"Eurostat lfst_r_lfsd2pwc (LFS, private households)",VERIFIED
population,IT,ITI2,Y15-74,2024,628.6,thousand persons,"Eurostat lfst_r_lfsd2pwc (LFS, private households)",VERIFIED
population,IT,ITI3,Y15-74,2024,1100.1,thousand persons,"Eurostat lfst_r_lfsd2pwc (LFS, private households)",VERIFIED
population,IT,ITI4,Y15-74,2024,4292.1,thousand persons,"Eurostat lfst_r_lfsd2pwc (LFS, private households)",VERIFIED
population,IT,IT,Y20-64,2024,34332.2,thousand persons,"Eurostat lfst_r_lfsd2pwc (LFS, private households)",VERIFIED
population,IT,ITC1,Y20-64,2024,2417.0,thousand persons,"Eurostat lfst_r_lfsd2pwc (LFS, private households)",VERIFIED
population,IT,ITC2,Y20-64,2024,70.8,thousand persons,"Eurostat lfst_r_lfsd2pwc (LFS, private households)",VERIFIED
population,IT,ITC3,Y20-64,2024,839.2,thousand persons,"Eurostat lfst_r_lfsd2pwc (LFS, private households)",VERIFIED
population,IT,ITC4,Y20-64,2024,5864.5,thousand persons,"Eurostat lfst_r_lfsd2pwc (LFS, private households)",VERIFIED
population,IT,ITF1,Y20-64,2024,735.5,thousand persons,"Eurostat lfst_r_lfsd2pwc (LFS, private households)",VERIFIED
population,IT,ITF2,Y20-64,2024,167.7,thousand persons,"Eurostat lfst_r_lfsd2pwc (LFS, private households)",VERIFIED
population,IT,ITF3,Y20-64,2024,3345.0,thousand persons,"Eurostat lfst_r_lfsd2pwc (LFS, private households)",VERIFIED
population,IT,ITF4,Y20-64,2024,2280.3,thousand persons,"Eurostat lfst_r_lfsd2pwc (LFS, private households)",VERIFIED
population,IT,ITF5,Y20-64,2024,313.7,thousand persons,"Eurostat lfst_r_lfsd2pwc (LFS, private households)",VERIFIED
population,IT,ITF6,Y20-64,2024,1070.7,thousand persons,"Eurostat lfst_r_lfsd2pwc (LFS, private households)",VERIFIED
population,IT,ITG1,Y20-64,2024,2795.9,thousand persons,"Eurostat lfst_r_lfsd2pwc (LFS, private households)",VERIFIED
population,IT,ITG2,Y20-64,2024,922.7,thousand persons,"Eurostat lfst_r_lfsd2pwc (LFS, private households)",VERIFIED
population,IT,ITH1,Y20-64,2024,312.2,thousand persons,"Eurostat lfst_r_lfsd2pwc (LFS, private households)",VERIFIED
population,IT,ITH2,Y20-64,2024,313.6,thousand persons,"Eurostat lfst_r_lfsd2pwc (LFS, private households)",VERIFIED
population,IT,ITH3,Y20-64,2024,2827.5,thousand persons,"Eurostat lfst_r_lfsd2pwc (LFS, private households)",VERIFIED
population,IT,ITH4,Y20-64,2024,679.0,thousand persons,"Eurostat lfst_r_lfsd2pwc (LFS, private households)",VERIFIED
population,IT,ITH5,Y20-64,2024,2580.9,thousand persons,"Eurostat lfst_r_lfsd2pwc (LFS, private households)",VERIFIED
population,IT,ITI1,Y20-64,2024,2094.0,thousand persons,"Eurostat lfst_r_lfsd2pwc (LFS, private households)",VERIFIED
population,IT,ITI2,Y20-64,2024,483.1,thousand persons,"Eurostat lfst_r_lfsd2pwc (LFS, private households)",VERIFIED
population,IT,ITI3,Y20-64,2024,849.4,thousand persons,"Eurostat lfst_r_lfsd2pwc (LFS, private households)",VERIFIED
population,IT,ITI4,Y20-64,2024,3369.4,thousand persons,"Eurostat lfst_r_lfsd2pwc (LFS, private households)",VERIFIED
population,IT,IT,Y_GE15,2024,51357.5,thousand persons,"Eurostat lfst_r_lfsd2pwc (LFS, private households)",VERIFIED
population,IT,ITC1,Y_GE15,2024,3721.1,thousand persons,"Eurostat lfst_r_lfsd2pwc (LFS, private households)",VERIFIED
population,IT,ITC2,Y_GE15,2024,107.5,thousand persons,"Eurostat lfst_r_lfsd2pwc (LFS, private households)",VERIFIED
population,IT,ITC3,Y_GE15,2024,1334.7,thousand persons,"Eurostat lfst_r_lfsd2pwc (LFS, private households)",VERIFIED
population,IT,ITC4,Y_GE15,2024,8672.7,thousand persons,"Eurostat lfst_r_lfsd2pwc (LFS, private households)",VERIFIED
population,IT,ITF1,Y_GE15,2024,1115.9,thousand persons,"Eurostat lfst_r_lfsd2pwc (LFS, private households)",VERIFIED
population,IT,ITF2,Y_GE15,2024,256.9,thousand persons,"Eurostat lfst_r_lfsd2pwc (LFS, private households)",VERIFIED
population,IT,ITF3,Y_GE15,2024,4813.9,thousand persons,"Eurostat lfst_r_lfsd2pwc (LFS, private households)",VERIFIED
population,IT,ITF4,Y_GE15,2024,3409.8,thousand persons,"Eurostat lfst_r_lfsd2pwc (LFS, private households)",VERIFIED
population,IT,ITF5,Y_GE15,2024,472.9,thousand persons,"Eurostat lfst_r_lfsd2pwc (LFS, private households)",VERIFIED
population,IT,ITF6,Y_GE15,2024,1599.0,thousand persons,"Eurostat lfst_r_lfsd2pwc (LFS, private households)",VERIFIED
population,IT,ITG1,Y_GE15,2024,4146.6,thousand persons,"Eurostat lfst_r_lfsd2pwc (LFS, private households)",VERIFIED
population,IT,ITG2,Y_GE15,2024,1405.5,thousand persons,"Eurostat lfst_r_lfsd2pwc (LFS, private households)",VERIFIED
population,IT,ITH1,Y_GE15,2024,448.2,thousand persons,"Eurostat lfst_r_lfsd2pwc (LFS, private households)",VERIFIED
population,IT,ITH2,Y_GE15,2024,465.8,thousand persons,"Eurostat lfst_r_lfsd2pwc (LFS, private households)",VERIFIED
population,IT,ITH3,Y_GE15,2024,4223.4,thousand persons,"Eurostat lfst_r_lfsd2pwc (LFS, private households)",VERIFIED
population,IT,ITH4,Y_GE15,2024,1050.8,thousand persons,"Eurostat lfst_r_lfsd2pwc (LFS, private households)",VERIFIED
population,IT,ITH5,Y_GE15,2024,3870.1,thousand persons,"Eurostat lfst_r_lfsd2pwc (LFS, private households)",VERIFIED
population,IT,ITI1,Y_GE15,2024,3221.4,thousand persons,"Eurostat lfst_r_lfsd2pwc (LFS, private households)",VERIFIED
population,IT,ITI2,Y_GE15,2024,751.2,thousand persons,"Eurostat lfst_r_lfsd2pwc (LFS, private households)",VERIFIED
population,IT,ITI3,Y_GE15,2024,1302.7,thousand persons,"Eurostat lfst_r_lfsd2pwc (LFS, private households)",VERIFIED
population,IT,ITI4,Y_GE15,2024,4967.4,thousand persons,"Eurostat lfst_r_lfsd2pwc (LFS, private households)",VERIFIED
population,IT,IT,Y15-64,2025,37186.2,thousand persons,"Eurostat lfst_r_lfsd2pwc (LFS, private households)",VERIFIED
population,IT,ITC1,Y15-64,2025,2614.0,thousand persons,"Eurostat lfst_r_lfsd2pwc (LFS, private households)",VERIFIED
population,IT,ITC2,Y15-64,2025,76.7,thousand persons,"Eurostat lfst_r_lfsd2pwc (LFS, private households)",VERIFIED
population,IT,ITC3,Y15-64,2025,905.4,thousand persons,"Eurostat lfst_r_lfsd2pwc (LFS, private households)",VERIFIED
population,IT,ITC4,Y15-64,2025,6382.9,thousand persons,"Eurostat lfst_r_lfsd2pwc (LFS, private households)",VERIFIED
population,IT,ITF1,Y15-64,2025,791.1,thousand persons,"Eurostat lfst_r_lfsd2pwc (LFS, private households)",VERIFIED
population,IT,ITF2,Y15-64,2025,178.9,thousand persons,"Eurostat lfst_r_lfsd2pwc (LFS, private households)",VERIFIED
population,IT,ITF3,Y15-64,2025,3643.4,thousand persons,"Eurostat lfst_r_lfsd2pwc (LFS, private households)",VERIFIED
population,IT,ITF4,Y15-64,2025,2460.5,thousand persons,"Eurostat lfst_r_lfsd2pwc (LFS, private households)",VERIFIED
population,IT,ITF5,Y15-64,2025,335.0,thousand persons,"Eurostat lfst_r_lfsd2pwc (LFS, private households)",VERIFIED
population,IT,ITF6,Y15-64,2025,1155.2,thousand persons,"Eurostat lfst_r_lfsd2pwc (LFS, private households)",VERIFIED
population,IT,ITG1,Y15-64,2025,3030.2,thousand persons,"Eurostat lfst_r_lfsd2pwc (LFS, private households)",VERIFIED
population,IT,ITG2,Y15-64,2025,982.3,thousand persons,"Eurostat lfst_r_lfsd2pwc (LFS, private households)",VERIFIED
population,IT,ITH1,Y15-64,2025,342.8,thousand persons,"Eurostat lfst_r_lfsd2pwc (LFS, private households)",VERIFIED
population,IT,ITH2,Y15-64,2025,342.4,thousand persons,"Eurostat lfst_r_lfsd2pwc (LFS, private households)",VERIFIED
population,IT,ITH3,Y15-64,2025,3064.5,thousand persons,"Eurostat lfst_r_lfsd2pwc (LFS, private households)",VERIFIED
population,IT,ITH4,Y15-64,2025,731.8,thousand persons,"Eurostat lfst_r_lfsd2pwc (LFS, private households)",VERIFIED
population,IT,ITH5,Y15-64,2025,2801.4,thousand persons,"Eurostat lfst_r_lfsd2pwc (LFS, private households)",VERIFIED
population,IT,ITI1,Y15-64,2025,2264.8,thousand persons,"Eurostat lfst_r_lfsd2pwc (LFS, private households)",VERIFIED
population,IT,ITI2,Y15-64,2025,521.9,thousand persons,"Eurostat lfst_r_lfsd2pwc (LFS, private households)",VERIFIED
population,IT,ITI3,Y15-64,2025,917.3,thousand persons,"Eurostat lfst_r_lfsd2pwc (LFS, private households)",VERIFIED
population,IT,ITI4,Y15-64,2025,3643.6,thousand persons,"Eurostat lfst_r_lfsd2pwc (LFS, private households)",VERIFIED
population,IT,IT,Y15-74,2025,44114.9,thousand persons,"Eurostat lfst_r_lfsd2pwc (LFS, private households)",VERIFIED
population,IT,ITC1,Y15-74,2025,3138.6,thousand persons,"Eurostat lfst_r_lfsd2pwc (LFS, private households)",VERIFIED
population,IT,ITC2,Y15-74,2025,91.8,thousand persons,"Eurostat lfst_r_lfsd2pwc (LFS, private households)",VERIFIED
population,IT,ITC3,Y15-74,2025,1098.4,thousand persons,"Eurostat lfst_r_lfsd2pwc (LFS, private households)",VERIFIED
population,IT,ITC4,Y15-74,2025,7496.0,thousand persons,"Eurostat lfst_r_lfsd2pwc (LFS, private households)",VERIFIED
population,IT,ITF1,Y15-74,2025,950.9,thousand persons,"Eurostat lfst_r_lfsd2pwc (LFS, private households)",VERIFIED
population,IT,ITF2,Y15-74,2025,217.1,thousand persons,"Eurostat lfst_r_lfsd2pwc (LFS, private households)",VERIFIED
population,IT,ITF3,Y15-74,2025,4265.4,thousand persons,"Eurostat lfst_r_lfsd2pwc (LFS, private households)",VERIFIED
population,IT,ITF4,Y15-74,2025,2929.5,thousand persons,"Eurostat lfst_r_lfsd2pwc (LFS, private households)",VERIFIED
population,IT,ITF5,Y15-74,2025,403.8,thousand persons,"Eurostat lfst_r_lfsd2pwc (LFS, private households)",VERIFIED
population,IT,ITF6,Y15-74,2025,1382.9,thousand persons,"Eurostat lfst_r_lfsd2pwc (LFS, private households)",VERIFIED
population,IT,ITG1,Y15-74,2025,3601.3,thousand persons,"Eurostat lfst_r_lfsd2pwc (LFS, private households)",VERIFIED
population,IT,ITG2,Y15-74,2025,1194.5,thousand persons,"Eurostat lfst_r_lfsd2pwc (LFS, private households)",VERIFIED
population,IT,ITH1,Y15-74,2025,395.6,thousand persons,"Eurostat lfst_r_lfsd2pwc (LFS, private households)",VERIFIED
population,IT,ITH2,Y15-74,2025,405.1,thousand persons,"Eurostat lfst_r_lfsd2pwc (LFS, private households)",VERIFIED
population,IT,ITH3,Y15-74,2025,3631.3,thousand persons,"Eurostat lfst_r_lfsd2pwc (LFS, private households)",VERIFIED
population,IT,ITH4,Y15-74,2025,878.4,thousand persons,"Eurostat lfst_r_lfsd2pwc (LFS, private households)",VERIFIED
population,IT,ITH5,Y15-74,2025,3309.5,thousand persons,"Eurostat lfst_r_lfsd2pwc (LFS, private households)",VERIFIED
population,IT,ITI1,Y15-74,2025,2704.2,thousand persons,"Eurostat lfst_r_lfsd2pwc (LFS, private households)",VERIFIED
population,IT,ITI2,Y15-74,2025,627.1,thousand persons,"Eurostat lfst_r_lfsd2pwc (LFS, private households)",VERIFIED
population,IT,ITI3,Y15-74,2025,1099.6,thousand persons,"Eurostat lfst_r_lfsd2pwc (LFS, private households)",VERIFIED
population,IT,ITI4,Y15-74,2025,4294.1,thousand persons,"Eurostat lfst_r_lfsd2pwc (LFS, private households)",VERIFIED
population,IT,IT,Y20-64,2025,34276.1,thousand persons,"Eurostat lfst_r_lfsd2pwc (LFS, private households)",VERIFIED
population,IT,ITC1,Y20-64,2025,2416.6,thousand persons,"Eurostat lfst_r_lfsd2pwc (LFS, private households)",VERIFIED
population,IT,ITC2,Y20-64,2025,70.6,thousand persons,"Eurostat lfst_r_lfsd2pwc (LFS, private households)",VERIFIED
population,IT,ITC3,Y20-64,2025,839.4,thousand persons,"Eurostat lfst_r_lfsd2pwc (LFS, private households)",VERIFIED
population,IT,ITC4,Y20-64,2025,5881.9,thousand persons,"Eurostat lfst_r_lfsd2pwc (LFS, private households)",VERIFIED
population,IT,ITF1,Y20-64,2025,732.0,thousand persons,"Eurostat lfst_r_lfsd2pwc (LFS, private households)",VERIFIED
population,IT,ITF2,Y20-64,2025,166.3,thousand persons,"Eurostat lfst_r_lfsd2pwc (LFS, private households)",VERIFIED
population,IT,ITF3,Y20-64,2025,3333.6,thousand persons,"Eurostat lfst_r_lfsd2pwc (LFS, private households)",VERIFIED
population,IT,ITF4,Y20-64,2025,2265.6,thousand persons,"Eurostat lfst_r_lfsd2pwc (LFS, private households)",VERIFIED
population,IT,ITF5,Y20-64,2025,310.0,thousand persons,"Eurostat lfst_r_lfsd2pwc (LFS, private households)",VERIFIED
population,IT,ITF6,Y20-64,2025,1063.6,thousand persons,"Eurostat lfst_r_lfsd2pwc (LFS, private households)",VERIFIED
population,IT,ITG1,Y20-64,2025,2781.3,thousand persons,"Eurostat lfst_r_lfsd2pwc (LFS, private households)",VERIFIED
population,IT,ITG2,Y20-64,2025,914.4,thousand persons,"Eurostat lfst_r_lfsd2pwc (LFS, private households)",VERIFIED
population,IT,ITH1,Y20-64,2025,313.6,thousand persons,"Eurostat lfst_r_lfsd2pwc (LFS, private households)",VERIFIED
population,IT,ITH2,Y20-64,2025,314.2,thousand persons,"Eurostat lfst_r_lfsd2pwc (LFS, private households)",VERIFIED
population,IT,ITH3,Y20-64,2025,2824.8,thousand persons,"Eurostat lfst_r_lfsd2pwc (LFS, private households)",VERIFIED
population,IT,ITH4,Y20-64,2025,677.2,thousand persons,"Eurostat lfst_r_lfsd2pwc (LFS, private households)",VERIFIED
population,IT,ITH5,Y20-64,2025,2588.6,thousand persons,"Eurostat lfst_r_lfsd2pwc (LFS, private households)",VERIFIED
population,IT,ITI1,Y20-64,2025,2091.9,thousand persons,"Eurostat lfst_r_lfsd2pwc (LFS, private households)",VERIFIED
population,IT,ITI2,Y20-64,2025,481.2,thousand persons,"Eurostat lfst_r_lfsd2pwc (LFS, private households)",VERIFIED
population,IT,ITI3,Y20-64,2025,846.5,thousand persons,"Eurostat lfst_r_lfsd2pwc (LFS, private households)",VERIFIED
population,IT,ITI4,Y20-64,2025,3363.0,thousand persons,"Eurostat lfst_r_lfsd2pwc (LFS, private households)",VERIFIED
population,IT,IT,Y_GE15,2025,51483.0,thousand persons,"Eurostat lfst_r_lfsd2pwc (LFS, private households)",VERIFIED
population,IT,ITC1,Y_GE15,2025,3731.0,thousand persons,"Eurostat lfst_r_lfsd2pwc (LFS, private households)",VERIFIED
population,IT,ITC2,Y_GE15,2025,107.7,thousand persons,"Eurostat lfst_r_lfsd2pwc (LFS, private households)",VERIFIED
population,IT,ITC3,Y_GE15,2025,1338.5,thousand persons,"Eurostat lfst_r_lfsd2pwc (LFS, private households)",VERIFIED
population,IT,ITC4,Y_GE15,2025,8722.2,thousand persons,"Eurostat lfst_r_lfsd2pwc (LFS, private households)",VERIFIED
population,IT,ITF1,Y_GE15,2025,1117.1,thousand persons,"Eurostat lfst_r_lfsd2pwc (LFS, private households)",VERIFIED
population,IT,ITF2,Y_GE15,2025,256.1,thousand persons,"Eurostat lfst_r_lfsd2pwc (LFS, private households)",VERIFIED
population,IT,ITF3,Y_GE15,2025,4818.6,thousand persons,"Eurostat lfst_r_lfsd2pwc (LFS, private households)",VERIFIED
population,IT,ITF4,Y_GE15,2025,3405.7,thousand persons,"Eurostat lfst_r_lfsd2pwc (LFS, private households)",VERIFIED
population,IT,ITF5,Y_GE15,2025,470.8,thousand persons,"Eurostat lfst_r_lfsd2pwc (LFS, private households)",VERIFIED
population,IT,ITF6,Y_GE15,2025,1597.5,thousand persons,"Eurostat lfst_r_lfsd2pwc (LFS, private households)",VERIFIED
population,IT,ITG1,Y_GE15,2025,4145.4,thousand persons,"Eurostat lfst_r_lfsd2pwc (LFS, private households)",VERIFIED
population,IT,ITG2,Y_GE15,2025,1404.0,thousand persons,"Eurostat lfst_r_lfsd2pwc (LFS, private households)",VERIFIED
population,IT,ITH1,Y_GE15,2025,451.8,thousand persons,"Eurostat lfst_r_lfsd2pwc (LFS, private households)",VERIFIED
population,IT,ITH2,Y_GE15,2025,468.8,thousand persons,"Eurostat lfst_r_lfsd2pwc (LFS, private households)",VERIFIED
population,IT,ITH3,Y_GE15,2025,4239.4,thousand persons,"Eurostat lfst_r_lfsd2pwc (LFS, private households)",VERIFIED
population,IT,ITH4,Y_GE15,2025,1052.5,thousand persons,"Eurostat lfst_r_lfsd2pwc (LFS, private households)",VERIFIED
population,IT,ITH5,Y_GE15,2025,3891.4,thousand persons,"Eurostat lfst_r_lfsd2pwc (LFS, private households)",VERIFIED
population,IT,ITI1,Y_GE15,2025,3229.7,thousand persons,"Eurostat lfst_r_lfsd2pwc (LFS, private households)",VERIFIED
population,IT,ITI2,Y_GE15,2025,751.6,thousand persons,"Eurostat lfst_r_lfsd2pwc (LFS, private households)",VERIFIED
population,IT,ITI3,Y_GE15,2025,1304.7,thousand persons,"Eurostat lfst_r_lfsd2pwc (LFS, private households)",VERIFIED
population,IT,ITI4,Y_GE15,2025,4978.6,thousand persons,"Eurostat lfst_r_lfsd2pwc (LFS, private households)",VERIFIED
unemployed_share,DE,DE,Y15-64,2015,3.66,percent of population,"Eurostat lfst_r_lfsd2pwc (LFS, private households): UNE / POP","VERIFIED, ratio DERIVED"
unemployed_share,DE,DE1,Y15-64,2015,2.54,percent of population,"Eurostat lfst_r_lfsd2pwc (LFS, private households): UNE / POP","VERIFIED, ratio DERIVED"
unemployed_share,DE,DE2,Y15-64,2015,2.35,percent of population,"Eurostat lfst_r_lfsd2pwc (LFS, private households): UNE / POP","VERIFIED, ratio DERIVED"
unemployed_share,DE,DE3,Y15-64,2015,7.33,percent of population,"Eurostat lfst_r_lfsd2pwc (LFS, private households): UNE / POP","VERIFIED, ratio DERIVED"
unemployed_share,DE,DE4,Y15-64,2015,4.64,percent of population,"Eurostat lfst_r_lfsd2pwc (LFS, private households): UNE / POP","VERIFIED, ratio DERIVED"
unemployed_share,DE,DE5,Y15-64,2015,4.09,percent of population,"Eurostat lfst_r_lfsd2pwc (LFS, private households): UNE / POP","VERIFIED, ratio DERIVED"
unemployed_share,DE,DE6,Y15-64,2015,3.43,percent of population,"Eurostat lfst_r_lfsd2pwc (LFS, private households): UNE / POP","VERIFIED, ratio DERIVED"
unemployed_share,DE,DE7,Y15-64,2015,3.12,percent of population,"Eurostat lfst_r_lfsd2pwc (LFS, private households): UNE / POP","VERIFIED, ratio DERIVED"
unemployed_share,DE,DE8,Y15-64,2015,6.15,percent of population,"Eurostat lfst_r_lfsd2pwc (LFS, private households): UNE / POP","VERIFIED, ratio DERIVED"
unemployed_share,DE,DE9,Y15-64,2015,3.34,percent of population,"Eurostat lfst_r_lfsd2pwc (LFS, private households): UNE / POP","VERIFIED, ratio DERIVED"
unemployed_share,DE,DEA,Y15-64,2015,3.96,percent of population,"Eurostat lfst_r_lfsd2pwc (LFS, private households): UNE / POP","VERIFIED, ratio DERIVED"
unemployed_share,DE,DEB,Y15-64,2015,2.9,percent of population,"Eurostat lfst_r_lfsd2pwc (LFS, private households): UNE / POP","VERIFIED, ratio DERIVED"
unemployed_share,DE,DEC,Y15-64,2015,4.3,percent of population,"Eurostat lfst_r_lfsd2pwc (LFS, private households): UNE / POP","VERIFIED, ratio DERIVED"
unemployed_share,DE,DED,Y15-64,2015,5.16,percent of population,"Eurostat lfst_r_lfsd2pwc (LFS, private households): UNE / POP","VERIFIED, ratio DERIVED"
unemployed_share,DE,DEE,Y15-64,2015,6.53,percent of population,"Eurostat lfst_r_lfsd2pwc (LFS, private households): UNE / POP","VERIFIED, ratio DERIVED"
unemployed_share,DE,DEF,Y15-64,2015,3.33,percent of population,"Eurostat lfst_r_lfsd2pwc (LFS, private households): UNE / POP","VERIFIED, ratio DERIVED"
unemployed_share,DE,DEG,Y15-64,2015,4.67,percent of population,"Eurostat lfst_r_lfsd2pwc (LFS, private households): UNE / POP","VERIFIED, ratio DERIVED"
unemployed_share,DE,DE,Y15-74,2015,3.17,percent of population,"Eurostat lfst_r_lfsd2pwc (LFS, private households): UNE / POP","VERIFIED, ratio DERIVED"
unemployed_share,DE,DE1,Y15-74,2015,2.22,percent of population,"Eurostat lfst_r_lfsd2pwc (LFS, private households): UNE / POP","VERIFIED, ratio DERIVED"
unemployed_share,DE,DE2,Y15-74,2015,2.05,percent of population,"Eurostat lfst_r_lfsd2pwc (LFS, private households): UNE / POP","VERIFIED, ratio DERIVED"
unemployed_share,DE,DE3,Y15-74,2015,6.4,percent of population,"Eurostat lfst_r_lfsd2pwc (LFS, private households): UNE / POP","VERIFIED, ratio DERIVED"
unemployed_share,DE,DE4,Y15-74,2015,3.96,percent of population,"Eurostat lfst_r_lfsd2pwc (LFS, private households): UNE / POP","VERIFIED, ratio DERIVED"
unemployed_share,DE,DE5,Y15-74,2015,3.5,percent of population,"Eurostat lfst_r_lfsd2pwc (LFS, private households): UNE / POP","VERIFIED, ratio DERIVED"
unemployed_share,DE,DE6,Y15-74,2015,3.03,percent of population,"Eurostat lfst_r_lfsd2pwc (LFS, private households): UNE / POP","VERIFIED, ratio DERIVED"
unemployed_share,DE,DE7,Y15-74,2015,2.72,percent of population,"Eurostat lfst_r_lfsd2pwc (LFS, private households): UNE / POP","VERIFIED, ratio DERIVED"
unemployed_share,DE,DE8,Y15-74,2015,5.24,percent of population,"Eurostat lfst_r_lfsd2pwc (LFS, private households): UNE / POP","VERIFIED, ratio DERIVED"
unemployed_share,DE,DE9,Y15-74,2015,2.88,percent of population,"Eurostat lfst_r_lfsd2pwc (LFS, private households): UNE / POP","VERIFIED, ratio DERIVED"
unemployed_share,DE,DEA,Y15-74,2015,3.43,percent of population,"Eurostat lfst_r_lfsd2pwc (LFS, private households): UNE / POP","VERIFIED, ratio DERIVED"
unemployed_share,DE,DEB,Y15-74,2015,2.52,percent of population,"Eurostat lfst_r_lfsd2pwc (LFS, private households): UNE / POP","VERIFIED, ratio DERIVED"
unemployed_share,DE,DEC,Y15-74,2015,3.66,percent of population,"Eurostat lfst_r_lfsd2pwc (LFS, private households): UNE / POP","VERIFIED, ratio DERIVED"
unemployed_share,DE,DED,Y15-74,2015,4.35,percent of population,"Eurostat lfst_r_lfsd2pwc (LFS, private households): UNE / POP","VERIFIED, ratio DERIVED"
unemployed_share,DE,DEE,Y15-74,2015,5.46,percent of population,"Eurostat lfst_r_lfsd2pwc (LFS, private households): UNE / POP","VERIFIED, ratio DERIVED"
unemployed_share,DE,DEF,Y15-74,2015,2.81,percent of population,"Eurostat lfst_r_lfsd2pwc (LFS, private households): UNE / POP","VERIFIED, ratio DERIVED"
unemployed_share,DE,DEG,Y15-74,2015,3.92,percent of population,"Eurostat lfst_r_lfsd2pwc (LFS, private households): UNE / POP","VERIFIED, ratio DERIVED"
unemployed_share,DE,DE,Y20-64,2015,3.79,percent of population,"Eurostat lfst_r_lfsd2pwc (LFS, private households): UNE / POP","VERIFIED, ratio DERIVED"
unemployed_share,DE,DE1,Y20-64,2015,2.58,percent of population,"Eurostat lfst_r_lfsd2pwc (LFS, private households): UNE / POP","VERIFIED, ratio DERIVED"
unemployed_share,DE,DE2,Y20-64,2015,2.41,percent of population,"Eurostat lfst_r_lfsd2pwc (LFS, private households): UNE / POP","VERIFIED, ratio DERIVED"
unemployed_share,DE,DE3,Y20-64,2015,7.56,percent of population,"Eurostat lfst_r_lfsd2pwc (LFS, private households): UNE / POP","VERIFIED, ratio DERIVED"
unemployed_share,DE,DE4,Y20-64,2015,4.81,percent of population,"Eurostat lfst_r_lfsd2pwc (LFS, private households): UNE / POP","VERIFIED, ratio DERIVED"
unemployed_share,DE,DE5,Y20-64,2015,4.23,percent of population,"Eurostat lfst_r_lfsd2pwc (LFS, private households): UNE / POP","VERIFIED, ratio DERIVED"
unemployed_share,DE,DE6,Y20-64,2015,3.54,percent of population,"Eurostat lfst_r_lfsd2pwc (LFS, private households): UNE / POP","VERIFIED, ratio DERIVED"
unemployed_share,DE,DE7,Y20-64,2015,3.22,percent of population,"Eurostat lfst_r_lfsd2pwc (LFS, private households): UNE / POP","VERIFIED, ratio DERIVED"
unemployed_share,DE,DE8,Y20-64,2015,6.3,percent of population,"Eurostat lfst_r_lfsd2pwc (LFS, private households): UNE / POP","VERIFIED, ratio DERIVED"
unemployed_share,DE,DE9,Y20-64,2015,3.46,percent of population,"Eurostat lfst_r_lfsd2pwc (LFS, private households): UNE / POP","VERIFIED, ratio DERIVED"
unemployed_share,DE,DEA,Y20-64,2015,4.12,percent of population,"Eurostat lfst_r_lfsd2pwc (LFS, private households): UNE / POP","VERIFIED, ratio DERIVED"
unemployed_share,DE,DEB,Y20-64,2015,2.91,percent of population,"Eurostat lfst_r_lfsd2pwc (LFS, private households): UNE / POP","VERIFIED, ratio DERIVED"
unemployed_share,DE,DEC,Y20-64,2015,4.53,percent of population,"Eurostat lfst_r_lfsd2pwc (LFS, private households): UNE / POP","VERIFIED, ratio DERIVED"
unemployed_share,DE,DED,Y20-64,2015,5.3,percent of population,"Eurostat lfst_r_lfsd2pwc (LFS, private households): UNE / POP","VERIFIED, ratio DERIVED"
unemployed_share,DE,DEE,Y20-64,2015,6.69,percent of population,"Eurostat lfst_r_lfsd2pwc (LFS, private households): UNE / POP","VERIFIED, ratio DERIVED"
unemployed_share,DE,DEF,Y20-64,2015,3.41,percent of population,"Eurostat lfst_r_lfsd2pwc (LFS, private households): UNE / POP","VERIFIED, ratio DERIVED"
unemployed_share,DE,DEG,Y20-64,2015,4.82,percent of population,"Eurostat lfst_r_lfsd2pwc (LFS, private households): UNE / POP","VERIFIED, ratio DERIVED"
unemployed_share,DE,DE,Y_GE15,2015,2.78,percent of population,"Eurostat lfst_r_lfsd2pwc (LFS, private households): UNE / POP","VERIFIED, ratio DERIVED"
unemployed_share,DE,DE1,Y_GE15,2015,1.97,percent of population,"Eurostat lfst_r_lfsd2pwc (LFS, private households): UNE / POP","VERIFIED, ratio DERIVED"
unemployed_share,DE,DE2,Y_GE15,2015,1.81,percent of population,"Eurostat lfst_r_lfsd2pwc (LFS, private households): UNE / POP","VERIFIED, ratio DERIVED"
unemployed_share,DE,DE3,Y_GE15,2015,5.74,percent of population,"Eurostat lfst_r_lfsd2pwc (LFS, private households): UNE / POP","VERIFIED, ratio DERIVED"
unemployed_share,DE,DE4,Y_GE15,2015,3.43,percent of population,"Eurostat lfst_r_lfsd2pwc (LFS, private households): UNE / POP","VERIFIED, ratio DERIVED"
unemployed_share,DE,DE5,Y_GE15,2015,3.1,percent of population,"Eurostat lfst_r_lfsd2pwc (LFS, private households): UNE / POP","VERIFIED, ratio DERIVED"
unemployed_share,DE,DE6,Y_GE15,2015,2.7,percent of population,"Eurostat lfst_r_lfsd2pwc (LFS, private households): UNE / POP","VERIFIED, ratio DERIVED"
unemployed_share,DE,DE7,Y_GE15,2015,2.4,percent of population,"Eurostat lfst_r_lfsd2pwc (LFS, private households): UNE / POP","VERIFIED, ratio DERIVED"
unemployed_share,DE,DE8,Y_GE15,2015,4.51,percent of population,"Eurostat lfst_r_lfsd2pwc (LFS, private households): UNE / POP","VERIFIED, ratio DERIVED"
unemployed_share,DE,DE9,Y_GE15,2015,2.53,percent of population,"Eurostat lfst_r_lfsd2pwc (LFS, private households): UNE / POP","VERIFIED, ratio DERIVED"
unemployed_share,DE,DEA,Y_GE15,2015,3.01,percent of population,"Eurostat lfst_r_lfsd2pwc (LFS, private households): UNE / POP","VERIFIED, ratio DERIVED"
unemployed_share,DE,DEB,Y_GE15,2015,2.2,percent of population,"Eurostat lfst_r_lfsd2pwc (LFS, private households): UNE / POP","VERIFIED, ratio DERIVED"
unemployed_share,DE,DEC,Y_GE15,2015,3.17,percent of population,"Eurostat lfst_r_lfsd2pwc (LFS, private households): UNE / POP","VERIFIED, ratio DERIVED"
unemployed_share,DE,DED,Y_GE15,2015,3.7,percent of population,"Eurostat lfst_r_lfsd2pwc (LFS, private households): UNE / POP","VERIFIED, ratio DERIVED"
unemployed_share,DE,DEE,Y_GE15,2015,4.68,percent of population,"Eurostat lfst_r_lfsd2pwc (LFS, private households): UNE / POP","VERIFIED, ratio DERIVED"
unemployed_share,DE,DEF,Y_GE15,2015,2.44,percent of population,"Eurostat lfst_r_lfsd2pwc (LFS, private households): UNE / POP","VERIFIED, ratio DERIVED"
unemployed_share,DE,DEG,Y_GE15,2015,3.4,percent of population,"Eurostat lfst_r_lfsd2pwc (LFS, private households): UNE / POP","VERIFIED, ratio DERIVED"
unemployed_share,DE,DE,Y15-64,2019,2.54,percent of population,"Eurostat lfst_r_lfsd2pwc (LFS, private households): UNE / POP","VERIFIED, ratio DERIVED"
unemployed_share,DE,DE1,Y15-64,2019,1.96,percent of population,"Eurostat lfst_r_lfsd2pwc (LFS, private households): UNE / POP","VERIFIED, ratio DERIVED"
unemployed_share,DE,DE2,Y15-64,2019,1.72,percent of population,"Eurostat lfst_r_lfsd2pwc (LFS, private households): UNE / POP","VERIFIED, ratio DERIVED"
unemployed_share,DE,DE3,Y15-64,2019,4.29,percent of population,"Eurostat lfst_r_lfsd2pwc (LFS, private households): UNE / POP","VERIFIED, ratio DERIVED"
unemployed_share,DE,DE4,Y15-64,2019,2.79,percent of population,"Eurostat lfst_r_lfsd2pwc (LFS, private households): UNE / POP","VERIFIED, ratio DERIVED"
unemployed_share,DE,DE5,Y15-64,2019,3.9,percent of population,"Eurostat lfst_r_lfsd2pwc (LFS, private households): UNE / POP","VERIFIED, ratio DERIVED"
unemployed_share,DE,DE6,Y15-64,2019,2.95,percent of population,"Eurostat lfst_r_lfsd2pwc (LFS, private households): UNE / POP","VERIFIED, ratio DERIVED"
unemployed_share,DE,DE7,Y15-64,2019,2.45,percent of population,"Eurostat lfst_r_lfsd2pwc (LFS, private households): UNE / POP","VERIFIED, ratio DERIVED"
unemployed_share,DE,DE8,Y15-64,2019,3.14,percent of population,"Eurostat lfst_r_lfsd2pwc (LFS, private households): UNE / POP","VERIFIED, ratio DERIVED"
unemployed_share,DE,DE9,Y15-64,2019,2.49,percent of population,"Eurostat lfst_r_lfsd2pwc (LFS, private households): UNE / POP","VERIFIED, ratio DERIVED"
unemployed_share,DE,DEA,Y15-64,2019,2.79,percent of population,"Eurostat lfst_r_lfsd2pwc (LFS, private households): UNE / POP","VERIFIED, ratio DERIVED"
unemployed_share,DE,DEB,Y15-64,2019,2.21,percent of population,"Eurostat lfst_r_lfsd2pwc (LFS, private households): UNE / POP","VERIFIED, ratio DERIVED"
unemployed_share,DE,DEC,Y15-64,2019,2.91,percent of population,"Eurostat lfst_r_lfsd2pwc (LFS, private households): UNE / POP","VERIFIED, ratio DERIVED"
unemployed_share,DE,DED,Y15-64,2019,3.25,percent of population,"Eurostat lfst_r_lfsd2pwc (LFS, private households): UNE / POP","VERIFIED, ratio DERIVED"
unemployed_share,DE,DEE,Y15-64,2019,3.71,percent of population,"Eurostat lfst_r_lfsd2pwc (LFS, private households): UNE / POP","VERIFIED, ratio DERIVED"
unemployed_share,DE,DEF,Y15-64,2019,2.3,percent of population,"Eurostat lfst_r_lfsd2pwc (LFS, private households): UNE / POP","VERIFIED, ratio DERIVED"
unemployed_share,DE,DEG,Y15-64,2019,3.07,percent of population,"Eurostat lfst_r_lfsd2pwc (LFS, private households): UNE / POP","VERIFIED, ratio DERIVED"
unemployed_share,DE,DE,Y15-74,2019,2.22,percent of population,"Eurostat lfst_r_lfsd2pwc (LFS, private households): UNE / POP","VERIFIED, ratio DERIVED"
unemployed_share,DE,DE1,Y15-74,2019,1.74,percent of population,"Eurostat lfst_r_lfsd2pwc (LFS, private households): UNE / POP","VERIFIED, ratio DERIVED"
unemployed_share,DE,DE2,Y15-74,2019,1.51,percent of population,"Eurostat lfst_r_lfsd2pwc (LFS, private households): UNE / POP","VERIFIED, ratio DERIVED"
unemployed_share,DE,DE3,Y15-74,2019,3.79,percent of population,"Eurostat lfst_r_lfsd2pwc (LFS, private households): UNE / POP","VERIFIED, ratio DERIVED"
unemployed_share,DE,DE4,Y15-74,2019,2.4,percent of population,"Eurostat lfst_r_lfsd2pwc (LFS, private households): UNE / POP","VERIFIED, ratio DERIVED"
unemployed_share,DE,DE5,Y15-74,2019,3.47,percent of population,"Eurostat lfst_r_lfsd2pwc (LFS, private households): UNE / POP","VERIFIED, ratio DERIVED"
unemployed_share,DE,DE6,Y15-74,2019,2.63,percent of population,"Eurostat lfst_r_lfsd2pwc (LFS, private households): UNE / POP","VERIFIED, ratio DERIVED"
unemployed_share,DE,DE7,Y15-74,2019,2.14,percent of population,"Eurostat lfst_r_lfsd2pwc (LFS, private households): UNE / POP","VERIFIED, ratio DERIVED"
unemployed_share,DE,DE8,Y15-74,2019,2.65,percent of population,"Eurostat lfst_r_lfsd2pwc (LFS, private households): UNE / POP","VERIFIED, ratio DERIVED"
unemployed_share,DE,DE9,Y15-74,2019,2.17,percent of population,"Eurostat lfst_r_lfsd2pwc (LFS, private households): UNE / POP","VERIFIED, ratio DERIVED"
unemployed_share,DE,DEA,Y15-74,2019,2.44,percent of population,"Eurostat lfst_r_lfsd2pwc (LFS, private households): UNE / POP","VERIFIED, ratio DERIVED"
unemployed_share,DE,DEB,Y15-74,2019,1.92,percent of population,"Eurostat lfst_r_lfsd2pwc (LFS, private households): UNE / POP","VERIFIED, ratio DERIVED"
unemployed_share,DE,DEC,Y15-74,2019,2.48,percent of population,"Eurostat lfst_r_lfsd2pwc (LFS, private households): UNE / POP","VERIFIED, ratio DERIVED"
unemployed_share,DE,DED,Y15-74,2019,2.74,percent of population,"Eurostat lfst_r_lfsd2pwc (LFS, private households): UNE / POP","VERIFIED, ratio DERIVED"
unemployed_share,DE,DEE,Y15-74,2019,3.08,percent of population,"Eurostat lfst_r_lfsd2pwc (LFS, private households): UNE / POP","VERIFIED, ratio DERIVED"
unemployed_share,DE,DEF,Y15-74,2019,2.01,percent of population,"Eurostat lfst_r_lfsd2pwc (LFS, private households): UNE / POP","VERIFIED, ratio DERIVED"
unemployed_share,DE,DEG,Y15-74,2019,2.59,percent of population,"Eurostat lfst_r_lfsd2pwc (LFS, private households): UNE / POP","VERIFIED, ratio DERIVED"
unemployed_share,DE,DE,Y20-64,2019,2.58,percent of population,"Eurostat lfst_r_lfsd2pwc (LFS, private households): UNE / POP","VERIFIED, ratio DERIVED"
unemployed_share,DE,DE1,Y20-64,2019,1.98,percent of population,"Eurostat lfst_r_lfsd2pwc (LFS, private households): UNE / POP","VERIFIED, ratio DERIVED"
unemployed_share,DE,DE2,Y20-64,2019,1.71,percent of population,"Eurostat lfst_r_lfsd2pwc (LFS, private households): UNE / POP","VERIFIED, ratio DERIVED"
unemployed_share,DE,DE3,Y20-64,2019,4.31,percent of population,"Eurostat lfst_r_lfsd2pwc (LFS, private households): UNE / POP","VERIFIED, ratio DERIVED"
unemployed_share,DE,DE4,Y20-64,2019,2.81,percent of population,"Eurostat lfst_r_lfsd2pwc (LFS, private households): UNE / POP","VERIFIED, ratio DERIVED"
unemployed_share,DE,DE5,Y20-64,2019,3.86,percent of population,"Eurostat lfst_r_lfsd2pwc (LFS, private households): UNE / POP","VERIFIED, ratio DERIVED"
unemployed_share,DE,DE6,Y20-64,2019,2.96,percent of population,"Eurostat lfst_r_lfsd2pwc (LFS, private households): UNE / POP","VERIFIED, ratio DERIVED"
unemployed_share,DE,DE7,Y20-64,2019,2.46,percent of population,"Eurostat lfst_r_lfsd2pwc (LFS, private households): UNE / POP","VERIFIED, ratio DERIVED"
unemployed_share,DE,DE8,Y20-64,2019,3.17,percent of population,"Eurostat lfst_r_lfsd2pwc (LFS, private households): UNE / POP","VERIFIED, ratio DERIVED"
unemployed_share,DE,DE9,Y20-64,2019,2.52,percent of population,"Eurostat lfst_r_lfsd2pwc (LFS, private households): UNE / POP","VERIFIED, ratio DERIVED"
unemployed_share,DE,DEA,Y20-64,2019,2.88,percent of population,"Eurostat lfst_r_lfsd2pwc (LFS, private households): UNE / POP","VERIFIED, ratio DERIVED"
unemployed_share,DE,DEB,Y20-64,2019,2.16,percent of population,"Eurostat lfst_r_lfsd2pwc (LFS, private households): UNE / POP","VERIFIED, ratio DERIVED"
unemployed_share,DE,DEC,Y20-64,2019,3.0,percent of population,"Eurostat lfst_r_lfsd2pwc (LFS, private households): UNE / POP","VERIFIED, ratio DERIVED"
unemployed_share,DE,DED,Y20-64,2019,3.35,percent of population,"Eurostat lfst_r_lfsd2pwc (LFS, private households): UNE / POP","VERIFIED, ratio DERIVED"
unemployed_share,DE,DEE,Y20-64,2019,3.85,percent of population,"Eurostat lfst_r_lfsd2pwc (LFS, private households): UNE / POP","VERIFIED, ratio DERIVED"
unemployed_share,DE,DEF,Y20-64,2019,2.28,percent of population,"Eurostat lfst_r_lfsd2pwc (LFS, private households): UNE / POP","VERIFIED, ratio DERIVED"
unemployed_share,DE,DEG,Y20-64,2019,3.08,percent of population,"Eurostat lfst_r_lfsd2pwc (LFS, private households): UNE / POP","VERIFIED, ratio DERIVED"
unemployed_share,DE,DE,Y_GE15,2019,1.94,percent of population,"Eurostat lfst_r_lfsd2pwc (LFS, private households): UNE / POP","VERIFIED, ratio DERIVED"
unemployed_share,DE,DE1,Y_GE15,2019,1.53,percent of population,"Eurostat lfst_r_lfsd2pwc (LFS, private households): UNE / POP","VERIFIED, ratio DERIVED"
unemployed_share,DE,DE2,Y_GE15,2019,1.33,percent of population,"Eurostat lfst_r_lfsd2pwc (LFS, private households): UNE / POP","VERIFIED, ratio DERIVED"
unemployed_share,DE,DE3,Y_GE15,2019,3.37,percent of population,"Eurostat lfst_r_lfsd2pwc (LFS, private households): UNE / POP","VERIFIED, ratio DERIVED"
unemployed_share,DE,DE4,Y_GE15,2019,2.04,percent of population,"Eurostat lfst_r_lfsd2pwc (LFS, private households): UNE / POP","VERIFIED, ratio DERIVED"
unemployed_share,DE,DE5,Y_GE15,2019,3.03,percent of population,"Eurostat lfst_r_lfsd2pwc (LFS, private households): UNE / POP","VERIFIED, ratio DERIVED"
unemployed_share,DE,DE6,Y_GE15,2019,2.34,percent of population,"Eurostat lfst_r_lfsd2pwc (LFS, private households): UNE / POP","VERIFIED, ratio DERIVED"
unemployed_share,DE,DE7,Y_GE15,2019,1.89,percent of population,"Eurostat lfst_r_lfsd2pwc (LFS, private households): UNE / POP","VERIFIED, ratio DERIVED"
unemployed_share,DE,DE8,Y_GE15,2019,2.27,percent of population,"Eurostat lfst_r_lfsd2pwc (LFS, private households): UNE / POP","VERIFIED, ratio DERIVED"
unemployed_share,DE,DE9,Y_GE15,2019,1.9,percent of population,"Eurostat lfst_r_lfsd2pwc (LFS, private households): UNE / POP","VERIFIED, ratio DERIVED"
unemployed_share,DE,DEA,Y_GE15,2019,2.14,percent of population,"Eurostat lfst_r_lfsd2pwc (LFS, private households): UNE / POP","VERIFIED, ratio DERIVED"
unemployed_share,DE,DEB,Y_GE15,2019,1.69,percent of population,"Eurostat lfst_r_lfsd2pwc (LFS, private households): UNE / POP","VERIFIED, ratio DERIVED"
unemployed_share,DE,DEC,Y_GE15,2019,2.13,percent of population,"Eurostat lfst_r_lfsd2pwc (LFS, private households): UNE / POP","VERIFIED, ratio DERIVED"
unemployed_share,DE,DED,Y_GE15,2019,2.3,percent of population,"Eurostat lfst_r_lfsd2pwc (LFS, private households): UNE / POP","VERIFIED, ratio DERIVED"
unemployed_share,DE,DEE,Y_GE15,2019,2.61,percent of population,"Eurostat lfst_r_lfsd2pwc (LFS, private households): UNE / POP","VERIFIED, ratio DERIVED"
unemployed_share,DE,DEF,Y_GE15,2019,1.74,percent of population,"Eurostat lfst_r_lfsd2pwc (LFS, private households): UNE / POP","VERIFIED, ratio DERIVED"
unemployed_share,DE,DEG,Y_GE15,2019,2.2,percent of population,"Eurostat lfst_r_lfsd2pwc (LFS, private households): UNE / POP","VERIFIED, ratio DERIVED"
unemployed_share,DE,DE,Y15-64,2024,2.83,percent of population,"Eurostat lfst_r_lfsd2pwc (LFS, private households): UNE / POP","VERIFIED, ratio DERIVED"
unemployed_share,DE,DE1,Y15-64,2024,2.55,percent of population,"Eurostat lfst_r_lfsd2pwc (LFS, private households): UNE / POP","VERIFIED, ratio DERIVED"
unemployed_share,DE,DE2,Y15-64,2024,2.24,percent of population,"Eurostat lfst_r_lfsd2pwc (LFS, private households): UNE / POP","VERIFIED, ratio DERIVED"
unemployed_share,DE,DE3,Y15-64,2024,4.44,percent of population,"Eurostat lfst_r_lfsd2pwc (LFS, private households): UNE / POP","VERIFIED, ratio DERIVED"
unemployed_share,DE,DE4,Y15-64,2024,2.6,percent of population,"Eurostat lfst_r_lfsd2pwc (LFS, private households): UNE / POP","VERIFIED, ratio DERIVED"
unemployed_share,DE,DE5,Y15-64,2024,3.81,percent of population,"Eurostat lfst_r_lfsd2pwc (LFS, private households): UNE / POP","VERIFIED (Eurostat flags: u), ratio DERIVED"
unemployed_share,DE,DE6,Y15-64,2024,3.9,percent of population,"Eurostat lfst_r_lfsd2pwc (LFS, private households): UNE / POP","VERIFIED, ratio DERIVED"
unemployed_share,DE,DE7,Y15-64,2024,2.58,percent of population,"Eurostat lfst_r_lfsd2pwc (LFS, private households): UNE / POP","VERIFIED, ratio DERIVED"
unemployed_share,DE,DE8,Y15-64,2024,2.93,percent of population,"Eurostat lfst_r_lfsd2pwc (LFS, private households): UNE / POP","VERIFIED, ratio DERIVED"
unemployed_share,DE,DE9,Y15-64,2024,2.53,percent of population,"Eurostat lfst_r_lfsd2pwc (LFS, private households): UNE / POP","VERIFIED, ratio DERIVED"
unemployed_share,DE,DEA,Y15-64,2024,3.08,percent of population,"Eurostat lfst_r_lfsd2pwc (LFS, private households): UNE / POP","VERIFIED, ratio DERIVED"
unemployed_share,DE,DEB,Y15-64,2024,2.62,percent of population,"Eurostat lfst_r_lfsd2pwc (LFS, private households): UNE / POP","VERIFIED, ratio DERIVED"
unemployed_share,DE,DEC,Y15-64,2024,2.86,percent of population,"Eurostat lfst_r_lfsd2pwc (LFS, private households): UNE / POP","VERIFIED (Eurostat flags: u), ratio DERIVED"
unemployed_share,DE,DED,Y15-64,2024,3.27,percent of population,"Eurostat lfst_r_lfsd2pwc (LFS, private households): UNE / POP","VERIFIED, ratio DERIVED"
unemployed_share,DE,DEE,Y15-64,2024,3.34,percent of population,"Eurostat lfst_r_lfsd2pwc (LFS, private households): UNE / POP","VERIFIED, ratio DERIVED"
unemployed_share,DE,DEF,Y15-64,2024,2.79,percent of population,"Eurostat lfst_r_lfsd2pwc (LFS, private households): UNE / POP","VERIFIED, ratio DERIVED"
unemployed_share,DE,DEG,Y15-64,2024,2.9,percent of population,"Eurostat lfst_r_lfsd2pwc (LFS, private households): UNE / POP","VERIFIED, ratio DERIVED"
unemployed_share,DE,DE,Y15-74,2024,2.42,percent of population,"Eurostat lfst_r_lfsd2pwc (LFS, private households): UNE / POP","VERIFIED, ratio DERIVED"
unemployed_share,DE,DE1,Y15-74,2024,2.21,percent of population,"Eurostat lfst_r_lfsd2pwc (LFS, private households): UNE / POP","VERIFIED, ratio DERIVED"
unemployed_share,DE,DE2,Y15-74,2024,1.93,percent of population,"Eurostat lfst_r_lfsd2pwc (LFS, private households): UNE / POP","VERIFIED, ratio DERIVED"
unemployed_share,DE,DE3,Y15-74,2024,3.95,percent of population,"Eurostat lfst_r_lfsd2pwc (LFS, private households): UNE / POP","VERIFIED, ratio DERIVED"
unemployed_share,DE,DE4,Y15-74,2024,2.13,percent of population,"Eurostat lfst_r_lfsd2pwc (LFS, private households): UNE / POP","VERIFIED, ratio DERIVED"
unemployed_share,DE,DE5,Y15-74,2024,3.32,percent of population,"Eurostat lfst_r_lfsd2pwc (LFS, private households): UNE / POP","VERIFIED (Eurostat flags: u), ratio DERIVED"
unemployed_share,DE,DE6,Y15-74,2024,3.5,percent of population,"Eurostat lfst_r_lfsd2pwc (LFS, private households): UNE / POP","VERIFIED, ratio DERIVED"
unemployed_share,DE,DE7,Y15-74,2024,2.24,percent of population,"Eurostat lfst_r_lfsd2pwc (LFS, private households): UNE / POP","VERIFIED, ratio DERIVED"
unemployed_share,DE,DE8,Y15-74,2024,2.37,percent of population,"Eurostat lfst_r_lfsd2pwc (LFS, private households): UNE / POP","VERIFIED, ratio DERIVED"
unemployed_share,DE,DE9,Y15-74,2024,2.17,percent of population,"Eurostat lfst_r_lfsd2pwc (LFS, private households): UNE / POP","VERIFIED, ratio DERIVED"
unemployed_share,DE,DEA,Y15-74,2024,2.65,percent of population,"Eurostat lfst_r_lfsd2pwc (LFS, private households): UNE / POP","VERIFIED, ratio DERIVED"
unemployed_share,DE,DEB,Y15-74,2024,2.23,percent of population,"Eurostat lfst_r_lfsd2pwc (LFS, private households): UNE / POP","VERIFIED, ratio DERIVED"
unemployed_share,DE,DEC,Y15-74,2024,2.35,percent of population,"Eurostat lfst_r_lfsd2pwc (LFS, private households): UNE / POP","VERIFIED (Eurostat flags: u), ratio DERIVED"
unemployed_share,DE,DED,Y15-74,2024,2.7,percent of population,"Eurostat lfst_r_lfsd2pwc (LFS, private households): UNE / POP","VERIFIED, ratio DERIVED"
unemployed_share,DE,DEE,Y15-74,2024,2.74,percent of population,"Eurostat lfst_r_lfsd2pwc (LFS, private households): UNE / POP","VERIFIED, ratio DERIVED"
unemployed_share,DE,DEF,Y15-74,2024,2.39,percent of population,"Eurostat lfst_r_lfsd2pwc (LFS, private households): UNE / POP","VERIFIED, ratio DERIVED"
unemployed_share,DE,DEG,Y15-74,2024,2.34,percent of population,"Eurostat lfst_r_lfsd2pwc (LFS, private households): UNE / POP","VERIFIED, ratio DERIVED"
unemployed_share,DE,DE,Y20-64,2024,2.84,percent of population,"Eurostat lfst_r_lfsd2pwc (LFS, private households): UNE / POP","VERIFIED, ratio DERIVED"
unemployed_share,DE,DE1,Y20-64,2024,2.5,percent of population,"Eurostat lfst_r_lfsd2pwc (LFS, private households): UNE / POP","VERIFIED, ratio DERIVED"
unemployed_share,DE,DE2,Y20-64,2024,2.23,percent of population,"Eurostat lfst_r_lfsd2pwc (LFS, private households): UNE / POP","VERIFIED, ratio DERIVED"
unemployed_share,DE,DE3,Y20-64,2024,4.54,percent of population,"Eurostat lfst_r_lfsd2pwc (LFS, private households): UNE / POP","VERIFIED, ratio DERIVED"
unemployed_share,DE,DE4,Y20-64,2024,2.65,percent of population,"Eurostat lfst_r_lfsd2pwc (LFS, private households): UNE / POP","VERIFIED, ratio DERIVED"
unemployed_share,DE,DE5,Y20-64,2024,3.91,percent of population,"Eurostat lfst_r_lfsd2pwc (LFS, private households): UNE / POP","VERIFIED (Eurostat flags: u), ratio DERIVED"
unemployed_share,DE,DE6,Y20-64,2024,3.99,percent of population,"Eurostat lfst_r_lfsd2pwc (LFS, private households): UNE / POP","VERIFIED, ratio DERIVED"
unemployed_share,DE,DE7,Y20-64,2024,2.56,percent of population,"Eurostat lfst_r_lfsd2pwc (LFS, private households): UNE / POP","VERIFIED, ratio DERIVED"
unemployed_share,DE,DE8,Y20-64,2024,3.01,percent of population,"Eurostat lfst_r_lfsd2pwc (LFS, private households): UNE / POP","VERIFIED, ratio DERIVED"
unemployed_share,DE,DE9,Y20-64,2024,2.53,percent of population,"Eurostat lfst_r_lfsd2pwc (LFS, private households): UNE / POP","VERIFIED, ratio DERIVED"
unemployed_share,DE,DEA,Y20-64,2024,3.1,percent of population,"Eurostat lfst_r_lfsd2pwc (LFS, private households): UNE / POP","VERIFIED, ratio DERIVED"
unemployed_share,DE,DEB,Y20-64,2024,2.55,percent of population,"Eurostat lfst_r_lfsd2pwc (LFS, private households): UNE / POP","VERIFIED, ratio DERIVED"
unemployed_share,DE,DEC,Y20-64,2024,2.94,percent of population,"Eurostat lfst_r_lfsd2pwc (LFS, private households): UNE / POP","VERIFIED (Eurostat flags: u), ratio DERIVED"
unemployed_share,DE,DED,Y20-64,2024,3.39,percent of population,"Eurostat lfst_r_lfsd2pwc (LFS, private households): UNE / POP","VERIFIED, ratio DERIVED"
unemployed_share,DE,DEE,Y20-64,2024,3.35,percent of population,"Eurostat lfst_r_lfsd2pwc (LFS, private households): UNE / POP","VERIFIED, ratio DERIVED"
unemployed_share,DE,DEF,Y20-64,2024,2.82,percent of population,"Eurostat lfst_r_lfsd2pwc (LFS, private households): UNE / POP","VERIFIED, ratio DERIVED"
unemployed_share,DE,DEG,Y20-64,2024,2.95,percent of population,"Eurostat lfst_r_lfsd2pwc (LFS, private households): UNE / POP","VERIFIED, ratio DERIVED"
unemployed_share,DE,DE,Y_GE15,2024,2.12,percent of population,"Eurostat lfst_r_lfsd2pwc (LFS, private households): UNE / POP","VERIFIED, ratio DERIVED"
unemployed_share,DE,DE1,Y_GE15,2024,1.94,percent of population,"Eurostat lfst_r_lfsd2pwc (LFS, private households): UNE / POP","VERIFIED, ratio DERIVED"
unemployed_share,DE,DE2,Y_GE15,2024,1.69,percent of population,"Eurostat lfst_r_lfsd2pwc (LFS, private households): UNE / POP","VERIFIED, ratio DERIVED"
unemployed_share,DE,DE3,Y_GE15,2024,3.5,percent of population,"Eurostat lfst_r_lfsd2pwc (LFS, private households): UNE / POP","VERIFIED, ratio DERIVED"
unemployed_share,DE,DE4,Y_GE15,2024,1.83,percent of population,"Eurostat lfst_r_lfsd2pwc (LFS, private households): UNE / POP","VERIFIED, ratio DERIVED"
unemployed_share,DE,DE5,Y_GE15,2024,2.91,percent of population,"Eurostat lfst_r_lfsd2pwc (LFS, private households): UNE / POP","VERIFIED (Eurostat flags: u), ratio DERIVED"
unemployed_share,DE,DE6,Y_GE15,2024,3.13,percent of population,"Eurostat lfst_r_lfsd2pwc (LFS, private households): UNE / POP","VERIFIED, ratio DERIVED"
unemployed_share,DE,DE7,Y_GE15,2024,1.96,percent of population,"Eurostat lfst_r_lfsd2pwc (LFS, private households): UNE / POP","VERIFIED, ratio DERIVED"
unemployed_share,DE,DE8,Y_GE15,2024,2.04,percent of population,"Eurostat lfst_r_lfsd2pwc (LFS, private households): UNE / POP","VERIFIED, ratio DERIVED"
unemployed_share,DE,DE9,Y_GE15,2024,1.9,percent of population,"Eurostat lfst_r_lfsd2pwc (LFS, private households): UNE / POP","VERIFIED, ratio DERIVED"
unemployed_share,DE,DEA,Y_GE15,2024,2.33,percent of population,"Eurostat lfst_r_lfsd2pwc (LFS, private households): UNE / POP","VERIFIED, ratio DERIVED"
unemployed_share,DE,DEB,Y_GE15,2024,1.96,percent of population,"Eurostat lfst_r_lfsd2pwc (LFS, private households): UNE / POP","VERIFIED, ratio DERIVED"
unemployed_share,DE,DEC,Y_GE15,2024,2.03,percent of population,"Eurostat lfst_r_lfsd2pwc (LFS, private households): UNE / POP","VERIFIED (Eurostat flags: u), ratio DERIVED"
unemployed_share,DE,DED,Y_GE15,2024,2.28,percent of population,"Eurostat lfst_r_lfsd2pwc (LFS, private households): UNE / POP","VERIFIED, ratio DERIVED"
unemployed_share,DE,DEE,Y_GE15,2024,2.33,percent of population,"Eurostat lfst_r_lfsd2pwc (LFS, private households): UNE / POP","VERIFIED, ratio DERIVED"
unemployed_share,DE,DEF,Y_GE15,2024,2.06,percent of population,"Eurostat lfst_r_lfsd2pwc (LFS, private households): UNE / POP","VERIFIED, ratio DERIVED"
unemployed_share,DE,DEG,Y_GE15,2024,1.99,percent of population,"Eurostat lfst_r_lfsd2pwc (LFS, private households): UNE / POP","VERIFIED, ratio DERIVED"
unemployed_share,DE,DE,Y15-64,2025,3.17,percent of population,"Eurostat lfst_r_lfsd2pwc (LFS, private households): UNE / POP","VERIFIED, ratio DERIVED"
unemployed_share,DE,DE1,Y15-64,2025,2.81,percent of population,"Eurostat lfst_r_lfsd2pwc (LFS, private households): UNE / POP","VERIFIED, ratio DERIVED"
unemployed_share,DE,DE2,Y15-64,2025,2.6,percent of population,"Eurostat lfst_r_lfsd2pwc (LFS, private households): UNE / POP","VERIFIED, ratio DERIVED"
unemployed_share,DE,DE3,Y15-64,2025,5.15,percent of population,"Eurostat lfst_r_lfsd2pwc (LFS, private households): UNE / POP","VERIFIED, ratio DERIVED"
unemployed_share,DE,DE4,Y15-64,2025,3.11,percent of population,"Eurostat lfst_r_lfsd2pwc (LFS, private households): UNE / POP","VERIFIED, ratio DERIVED"
unemployed_share,DE,DE5,Y15-64,2025,3.95,percent of population,"Eurostat lfst_r_lfsd2pwc (LFS, private households): UNE / POP","VERIFIED (Eurostat flags: u), ratio DERIVED"
unemployed_share,DE,DE6,Y15-64,2025,4.25,percent of population,"Eurostat lfst_r_lfsd2pwc (LFS, private households): UNE / POP","VERIFIED, ratio DERIVED"
unemployed_share,DE,DE7,Y15-64,2025,2.77,percent of population,"Eurostat lfst_r_lfsd2pwc (LFS, private households): UNE / POP","VERIFIED, ratio DERIVED"
unemployed_share,DE,DE8,Y15-64,2025,2.86,percent of population,"Eurostat lfst_r_lfsd2pwc (LFS, private households): UNE / POP","VERIFIED, ratio DERIVED"
unemployed_share,DE,DE9,Y15-64,2025,2.83,percent of population,"Eurostat lfst_r_lfsd2pwc (LFS, private households): UNE / POP","VERIFIED, ratio DERIVED"
unemployed_share,DE,DEA,Y15-64,2025,3.38,percent of population,"Eurostat lfst_r_lfsd2pwc (LFS, private households): UNE / POP","VERIFIED, ratio DERIVED"
unemployed_share,DE,DEB,Y15-64,2025,2.9,percent of population,"Eurostat lfst_r_lfsd2pwc (LFS, private households): UNE / POP","VERIFIED, ratio DERIVED"
unemployed_share,DE,DEC,Y15-64,2025,3.3,percent of population,"Eurostat lfst_r_lfsd2pwc (LFS, private households): UNE / POP","VERIFIED (Eurostat flags: u), ratio DERIVED"
unemployed_share,DE,DED,Y15-64,2025,3.99,percent of population,"Eurostat lfst_r_lfsd2pwc (LFS, private households): UNE / POP","VERIFIED, ratio DERIVED"
unemployed_share,DE,DEE,Y15-64,2025,3.89,percent of population,"Eurostat lfst_r_lfsd2pwc (LFS, private households): UNE / POP","VERIFIED, ratio DERIVED"
unemployed_share,DE,DEF,Y15-64,2025,3.0,percent of population,"Eurostat lfst_r_lfsd2pwc (LFS, private households): UNE / POP","VERIFIED, ratio DERIVED"
unemployed_share,DE,DEG,Y15-64,2025,3.09,percent of population,"Eurostat lfst_r_lfsd2pwc (LFS, private households): UNE / POP","VERIFIED, ratio DERIVED"
unemployed_share,DE,DE,Y15-74,2025,2.7,percent of population,"Eurostat lfst_r_lfsd2pwc (LFS, private households): UNE / POP","VERIFIED, ratio DERIVED"
unemployed_share,DE,DE1,Y15-74,2025,2.43,percent of population,"Eurostat lfst_r_lfsd2pwc (LFS, private households): UNE / POP","VERIFIED, ratio DERIVED"
unemployed_share,DE,DE2,Y15-74,2025,2.24,percent of population,"Eurostat lfst_r_lfsd2pwc (LFS, private households): UNE / POP","VERIFIED, ratio DERIVED"
unemployed_share,DE,DE3,Y15-74,2025,4.6,percent of population,"Eurostat lfst_r_lfsd2pwc (LFS, private households): UNE / POP","VERIFIED, ratio DERIVED"
unemployed_share,DE,DE4,Y15-74,2025,2.53,percent of population,"Eurostat lfst_r_lfsd2pwc (LFS, private households): UNE / POP","VERIFIED, ratio DERIVED"
unemployed_share,DE,DE5,Y15-74,2025,3.44,percent of population,"Eurostat lfst_r_lfsd2pwc (LFS, private households): UNE / POP","VERIFIED (Eurostat flags: u), ratio DERIVED"
unemployed_share,DE,DE6,Y15-74,2025,3.82,percent of population,"Eurostat lfst_r_lfsd2pwc (LFS, private households): UNE / POP","VERIFIED, ratio DERIVED"
unemployed_share,DE,DE7,Y15-74,2025,2.39,percent of population,"Eurostat lfst_r_lfsd2pwc (LFS, private households): UNE / POP","VERIFIED, ratio DERIVED"
unemployed_share,DE,DE8,Y15-74,2025,2.3,percent of population,"Eurostat lfst_r_lfsd2pwc (LFS, private households): UNE / POP","VERIFIED, ratio DERIVED"
unemployed_share,DE,DE9,Y15-74,2025,2.42,percent of population,"Eurostat lfst_r_lfsd2pwc (LFS, private households): UNE / POP","VERIFIED, ratio DERIVED"
unemployed_share,DE,DEA,Y15-74,2025,2.9,percent of population,"Eurostat lfst_r_lfsd2pwc (LFS, private households): UNE / POP","VERIFIED, ratio DERIVED"
unemployed_share,DE,DEB,Y15-74,2025,2.44,percent of population,"Eurostat lfst_r_lfsd2pwc (LFS, private households): UNE / POP","VERIFIED, ratio DERIVED"
unemployed_share,DE,DEC,Y15-74,2025,2.71,percent of population,"Eurostat lfst_r_lfsd2pwc (LFS, private households): UNE / POP","VERIFIED (Eurostat flags: u), ratio DERIVED"
unemployed_share,DE,DED,Y15-74,2025,3.28,percent of population,"Eurostat lfst_r_lfsd2pwc (LFS, private households): UNE / POP","VERIFIED, ratio DERIVED"
unemployed_share,DE,DEE,Y15-74,2025,3.16,percent of population,"Eurostat lfst_r_lfsd2pwc (LFS, private households): UNE / POP","VERIFIED, ratio DERIVED"
unemployed_share,DE,DEF,Y15-74,2025,2.57,percent of population,"Eurostat lfst_r_lfsd2pwc (LFS, private households): UNE / POP","VERIFIED, ratio DERIVED"
unemployed_share,DE,DEG,Y15-74,2025,2.47,percent of population,"Eurostat lfst_r_lfsd2pwc (LFS, private households): UNE / POP","VERIFIED, ratio DERIVED"
unemployed_share,DE,DE,Y20-64,2025,3.18,percent of population,"Eurostat lfst_r_lfsd2pwc (LFS, private households): UNE / POP","VERIFIED, ratio DERIVED"
unemployed_share,DE,DE1,Y20-64,2025,2.81,percent of population,"Eurostat lfst_r_lfsd2pwc (LFS, private households): UNE / POP","VERIFIED, ratio DERIVED"
unemployed_share,DE,DE2,Y20-64,2025,2.56,percent of population,"Eurostat lfst_r_lfsd2pwc (LFS, private households): UNE / POP","VERIFIED, ratio DERIVED"
unemployed_share,DE,DE3,Y20-64,2025,5.3,percent of population,"Eurostat lfst_r_lfsd2pwc (LFS, private households): UNE / POP","VERIFIED, ratio DERIVED"
unemployed_share,DE,DE4,Y20-64,2025,3.14,percent of population,"Eurostat lfst_r_lfsd2pwc (LFS, private households): UNE / POP","VERIFIED, ratio DERIVED"
unemployed_share,DE,DE5,Y20-64,2025,3.98,percent of population,"Eurostat lfst_r_lfsd2pwc (LFS, private households): UNE / POP","VERIFIED (Eurostat flags: u), ratio DERIVED"
unemployed_share,DE,DE6,Y20-64,2025,4.3,percent of population,"Eurostat lfst_r_lfsd2pwc (LFS, private households): UNE / POP","VERIFIED, ratio DERIVED"
unemployed_share,DE,DE7,Y20-64,2025,2.77,percent of population,"Eurostat lfst_r_lfsd2pwc (LFS, private households): UNE / POP","VERIFIED, ratio DERIVED"
unemployed_share,DE,DE8,Y20-64,2025,2.89,percent of population,"Eurostat lfst_r_lfsd2pwc (LFS, private households): UNE / POP","VERIFIED (Eurostat flags: u), ratio DERIVED"
unemployed_share,DE,DE9,Y20-64,2025,2.83,percent of population,"Eurostat lfst_r_lfsd2pwc (LFS, private households): UNE / POP","VERIFIED, ratio DERIVED"
unemployed_share,DE,DEA,Y20-64,2025,3.43,percent of population,"Eurostat lfst_r_lfsd2pwc (LFS, private households): UNE / POP","VERIFIED, ratio DERIVED"
unemployed_share,DE,DEB,Y20-64,2025,2.82,percent of population,"Eurostat lfst_r_lfsd2pwc (LFS, private households): UNE / POP","VERIFIED, ratio DERIVED"
unemployed_share,DE,DEC,Y20-64,2025,3.36,percent of population,"Eurostat lfst_r_lfsd2pwc (LFS, private households): UNE / POP","VERIFIED (Eurostat flags: u), ratio DERIVED"
unemployed_share,DE,DED,Y20-64,2025,4.01,percent of population,"Eurostat lfst_r_lfsd2pwc (LFS, private households): UNE / POP","VERIFIED, ratio DERIVED"
unemployed_share,DE,DEE,Y20-64,2025,3.94,percent of population,"Eurostat lfst_r_lfsd2pwc (LFS, private households): UNE / POP","VERIFIED, ratio DERIVED"
unemployed_share,DE,DEF,Y20-64,2025,3.06,percent of population,"Eurostat lfst_r_lfsd2pwc (LFS, private households): UNE / POP","VERIFIED, ratio DERIVED"
unemployed_share,DE,DEG,Y20-64,2025,3.16,percent of population,"Eurostat lfst_r_lfsd2pwc (LFS, private households): UNE / POP","VERIFIED, ratio DERIVED"
unemployed_share,DE,DE,Y_GE15,2025,2.36,percent of population,"Eurostat lfst_r_lfsd2pwc (LFS, private households): UNE / POP","VERIFIED, ratio DERIVED"
unemployed_share,DE,DE1,Y_GE15,2025,2.13,percent of population,"Eurostat lfst_r_lfsd2pwc (LFS, private households): UNE / POP","VERIFIED, ratio DERIVED"
unemployed_share,DE,DE2,Y_GE15,2025,1.96,percent of population,"Eurostat lfst_r_lfsd2pwc (LFS, private households): UNE / POP","VERIFIED, ratio DERIVED"
unemployed_share,DE,DE3,Y_GE15,2025,4.07,percent of population,"Eurostat lfst_r_lfsd2pwc (LFS, private households): UNE / POP","VERIFIED, ratio DERIVED"
unemployed_share,DE,DE4,Y_GE15,2025,2.17,percent of population,"Eurostat lfst_r_lfsd2pwc (LFS, private households): UNE / POP","VERIFIED, ratio DERIVED"
unemployed_share,DE,DE5,Y_GE15,2025,3.02,percent of population,"Eurostat lfst_r_lfsd2pwc (LFS, private households): UNE / POP","VERIFIED (Eurostat flags: u), ratio DERIVED"
unemployed_share,DE,DE6,Y_GE15,2025,3.41,percent of population,"Eurostat lfst_r_lfsd2pwc (LFS, private households): UNE / POP","VERIFIED, ratio DERIVED"
unemployed_share,DE,DE7,Y_GE15,2025,2.1,percent of population,"Eurostat lfst_r_lfsd2pwc (LFS, private households): UNE / POP","VERIFIED, ratio DERIVED"
unemployed_share,DE,DE8,Y_GE15,2025,1.97,percent of population,"Eurostat lfst_r_lfsd2pwc (LFS, private households): UNE / POP","VERIFIED, ratio DERIVED"
unemployed_share,DE,DE9,Y_GE15,2025,2.11,percent of population,"Eurostat lfst_r_lfsd2pwc (LFS, private households): UNE / POP","VERIFIED, ratio DERIVED"
unemployed_share,DE,DEA,Y_GE15,2025,2.54,percent of population,"Eurostat lfst_r_lfsd2pwc (LFS, private households): UNE / POP","VERIFIED, ratio DERIVED"
unemployed_share,DE,DEB,Y_GE15,2025,2.14,percent of population,"Eurostat lfst_r_lfsd2pwc (LFS, private households): UNE / POP","VERIFIED, ratio DERIVED"
unemployed_share,DE,DEC,Y_GE15,2025,2.33,percent of population,"Eurostat lfst_r_lfsd2pwc (LFS, private households): UNE / POP","VERIFIED (Eurostat flags: u), ratio DERIVED"
unemployed_share,DE,DED,Y_GE15,2025,2.77,percent of population,"Eurostat lfst_r_lfsd2pwc (LFS, private households): UNE / POP","VERIFIED, ratio DERIVED"
unemployed_share,DE,DEE,Y_GE15,2025,2.67,percent of population,"Eurostat lfst_r_lfsd2pwc (LFS, private households): UNE / POP","VERIFIED, ratio DERIVED"
unemployed_share,DE,DEF,Y_GE15,2025,2.22,percent of population,"Eurostat lfst_r_lfsd2pwc (LFS, private households): UNE / POP","VERIFIED, ratio DERIVED"
unemployed_share,DE,DEG,Y_GE15,2025,2.1,percent of population,"Eurostat lfst_r_lfsd2pwc (LFS, private households): UNE / POP","VERIFIED, ratio DERIVED"
unemployed_share,FR,FR,Y15-64,2015,7.45,percent of population,"Eurostat lfst_r_lfsd2pwc (LFS, private households): UNE / POP","VERIFIED, ratio DERIVED"
unemployed_share,FR,FR1,Y15-64,2015,7.07,percent of population,"Eurostat lfst_r_lfsd2pwc (LFS, private households): UNE / POP","VERIFIED, ratio DERIVED"
unemployed_share,FR,FRB,Y15-64,2015,7.58,percent of population,"Eurostat lfst_r_lfsd2pwc (LFS, private households): UNE / POP","VERIFIED, ratio DERIVED"
unemployed_share,FR,FRC,Y15-64,2015,6.44,percent of population,"Eurostat lfst_r_lfsd2pwc (LFS, private households): UNE / POP","VERIFIED, ratio DERIVED"
unemployed_share,FR,FRD,Y15-64,2015,6.8,percent of population,"Eurostat lfst_r_lfsd2pwc (LFS, private households): UNE / POP","VERIFIED, ratio DERIVED"
unemployed_share,FR,FRE,Y15-64,2015,8.67,percent of population,"Eurostat lfst_r_lfsd2pwc (LFS, private households): UNE / POP","VERIFIED, ratio DERIVED"
unemployed_share,FR,FRF,Y15-64,2015,8.03,percent of population,"Eurostat lfst_r_lfsd2pwc (LFS, private households): UNE / POP","VERIFIED, ratio DERIVED"
unemployed_share,FR,FRG,Y15-64,2015,6.84,percent of population,"Eurostat lfst_r_lfsd2pwc (LFS, private households): UNE / POP","VERIFIED, ratio DERIVED"
unemployed_share,FR,FRH,Y15-64,2015,5.76,percent of population,"Eurostat lfst_r_lfsd2pwc (LFS, private households): UNE / POP","VERIFIED, ratio DERIVED"
unemployed_share,FR,FRI,Y15-64,2015,7.06,percent of population,"Eurostat lfst_r_lfsd2pwc (LFS, private households): UNE / POP","VERIFIED, ratio DERIVED"
unemployed_share,FR,FRJ,Y15-64,2015,7.43,percent of population,"Eurostat lfst_r_lfsd2pwc (LFS, private households): UNE / POP","VERIFIED, ratio DERIVED"
unemployed_share,FR,FRK,Y15-64,2015,6.63,percent of population,"Eurostat lfst_r_lfsd2pwc (LFS, private households): UNE / POP","VERIFIED, ratio DERIVED"
unemployed_share,FR,FRL,Y15-64,2015,7.75,percent of population,"Eurostat lfst_r_lfsd2pwc (LFS, private households): UNE / POP","VERIFIED, ratio DERIVED"
unemployed_share,FR,FRM,Y15-64,2015,7.54,percent of population,"Eurostat lfst_r_lfsd2pwc (LFS, private households): UNE / POP","VERIFIED (Eurostat flags: u), ratio DERIVED"
unemployed_share,FR,FRY,Y15-64,2015,13.9,percent of population,"Eurostat lfst_r_lfsd2pwc (LFS, private households): UNE / POP","VERIFIED, ratio DERIVED"
unemployed_share,FR,FR,Y15-74,2015,6.49,percent of population,"Eurostat lfst_r_lfsd2pwc (LFS, private households): UNE / POP","VERIFIED, ratio DERIVED"
unemployed_share,FR,FR1,Y15-74,2015,6.37,percent of population,"Eurostat lfst_r_lfsd2pwc (LFS, private households): UNE / POP","VERIFIED, ratio DERIVED"
unemployed_share,FR,FRB,Y15-74,2015,6.43,percent of population,"Eurostat lfst_r_lfsd2pwc (LFS, private households): UNE / POP","VERIFIED, ratio DERIVED"
unemployed_share,FR,FRC,Y15-74,2015,5.53,percent of population,"Eurostat lfst_r_lfsd2pwc (LFS, private households): UNE / POP","VERIFIED, ratio DERIVED"
unemployed_share,FR,FRD,Y15-74,2015,5.91,percent of population,"Eurostat lfst_r_lfsd2pwc (LFS, private households): UNE / POP","VERIFIED, ratio DERIVED"
unemployed_share,FR,FRE,Y15-74,2015,7.62,percent of population,"Eurostat lfst_r_lfsd2pwc (LFS, private households): UNE / POP","VERIFIED, ratio DERIVED"
unemployed_share,FR,FRF,Y15-74,2015,7.05,percent of population,"Eurostat lfst_r_lfsd2pwc (LFS, private households): UNE / POP","VERIFIED, ratio DERIVED"
unemployed_share,FR,FRG,Y15-74,2015,5.95,percent of population,"Eurostat lfst_r_lfsd2pwc (LFS, private households): UNE / POP","VERIFIED, ratio DERIVED"
unemployed_share,FR,FRH,Y15-74,2015,5.01,percent of population,"Eurostat lfst_r_lfsd2pwc (LFS, private households): UNE / POP","VERIFIED, ratio DERIVED"
unemployed_share,FR,FRI,Y15-74,2015,6.0,percent of population,"Eurostat lfst_r_lfsd2pwc (LFS, private households): UNE / POP","VERIFIED, ratio DERIVED"
unemployed_share,FR,FRJ,Y15-74,2015,6.32,percent of population,"Eurostat lfst_r_lfsd2pwc (LFS, private households): UNE / POP","VERIFIED, ratio DERIVED"
unemployed_share,FR,FRK,Y15-74,2015,5.76,percent of population,"Eurostat lfst_r_lfsd2pwc (LFS, private households): UNE / POP","VERIFIED, ratio DERIVED"
unemployed_share,FR,FRL,Y15-74,2015,6.6,percent of population,"Eurostat lfst_r_lfsd2pwc (LFS, private households): UNE / POP","VERIFIED, ratio DERIVED"
unemployed_share,FR,FRM,Y15-74,2015,5.66,percent of population,"Eurostat lfst_r_lfsd2pwc (LFS, private households): UNE / POP","VERIFIED (Eurostat flags: u), ratio DERIVED"
unemployed_share,FR,FRY,Y15-74,2015,12.63,percent of population,"Eurostat lfst_r_lfsd2pwc (LFS, private households): UNE / POP","VERIFIED, ratio DERIVED"
unemployed_share,FR,FR,Y20-64,2015,7.76,percent of population,"Eurostat lfst_r_lfsd2pwc (LFS, private households): UNE / POP","VERIFIED, ratio DERIVED"
unemployed_share,FR,FR1,Y20-64,2015,7.46,percent of population,"Eurostat lfst_r_lfsd2pwc (LFS, private households): UNE / POP","VERIFIED, ratio DERIVED"
unemployed_share,FR,FRB,Y20-64,2015,7.95,percent of population,"Eurostat lfst_r_lfsd2pwc (LFS, private households): UNE / POP","VERIFIED, ratio DERIVED"
unemployed_share,FR,FRC,Y20-64,2015,6.57,percent of population,"Eurostat lfst_r_lfsd2pwc (LFS, private households): UNE / POP","VERIFIED, ratio DERIVED"
unemployed_share,FR,FRD,Y20-64,2015,7.03,percent of population,"Eurostat lfst_r_lfsd2pwc (LFS, private households): UNE / POP","VERIFIED, ratio DERIVED"
unemployed_share,FR,FRE,Y20-64,2015,9.11,percent of population,"Eurostat lfst_r_lfsd2pwc (LFS, private households): UNE / POP","VERIFIED, ratio DERIVED"
unemployed_share,FR,FRF,Y20-64,2015,8.31,percent of population,"Eurostat lfst_r_lfsd2pwc (LFS, private households): UNE / POP","VERIFIED, ratio DERIVED"
unemployed_share,FR,FRG,Y20-64,2015,6.88,percent of population,"Eurostat lfst_r_lfsd2pwc (LFS, private households): UNE / POP","VERIFIED, ratio DERIVED"
unemployed_share,FR,FRH,Y20-64,2015,5.91,percent of population,"Eurostat lfst_r_lfsd2pwc (LFS, private households): UNE / POP","VERIFIED, ratio DERIVED"
unemployed_share,FR,FRI,Y20-64,2015,7.27,percent of population,"Eurostat lfst_r_lfsd2pwc (LFS, private households): UNE / POP","VERIFIED, ratio DERIVED"
unemployed_share,FR,FRJ,Y20-64,2015,7.71,percent of population,"Eurostat lfst_r_lfsd2pwc (LFS, private households): UNE / POP","VERIFIED, ratio DERIVED"
unemployed_share,FR,FRK,Y20-64,2015,6.9,percent of population,"Eurostat lfst_r_lfsd2pwc (LFS, private households): UNE / POP","VERIFIED, ratio DERIVED"
unemployed_share,FR,FRL,Y20-64,2015,8.11,percent of population,"Eurostat lfst_r_lfsd2pwc (LFS, private households): UNE / POP","VERIFIED, ratio DERIVED"
unemployed_share,FR,FRM,Y20-64,2015,6.21,percent of population,"Eurostat lfst_r_lfsd2pwc (LFS, private households): UNE / POP","VERIFIED (Eurostat flags: u), ratio DERIVED"
unemployed_share,FR,FRY,Y20-64,2015,15.19,percent of population,"Eurostat lfst_r_lfsd2pwc (LFS, private households): UNE / POP","VERIFIED, ratio DERIVED"
unemployed_share,FR,FR,Y_GE15,2015,5.81,percent of population,"Eurostat lfst_r_lfsd2pwc (LFS, private households): UNE / POP","VERIFIED, ratio DERIVED"
unemployed_share,FR,FR1,Y_GE15,2015,5.87,percent of population,"Eurostat lfst_r_lfsd2pwc (LFS, private households): UNE / POP","VERIFIED, ratio DERIVED"
unemployed_share,FR,FRB,Y_GE15,2015,5.72,percent of population,"Eurostat lfst_r_lfsd2pwc (LFS, private households): UNE / POP","VERIFIED, ratio DERIVED"
unemployed_share,FR,FRC,Y_GE15,2015,4.87,percent of population,"Eurostat lfst_r_lfsd2pwc (LFS, private households): UNE / POP","VERIFIED, ratio DERIVED"
unemployed_share,FR,FRD,Y_GE15,2015,5.27,percent of population,"Eurostat lfst_r_lfsd2pwc (LFS, private households): UNE / POP","VERIFIED, ratio DERIVED"
unemployed_share,FR,FRE,Y_GE15,2015,6.93,percent of population,"Eurostat lfst_r_lfsd2pwc (LFS, private households): UNE / POP","VERIFIED, ratio DERIVED"
unemployed_share,FR,FRF,Y_GE15,2015,6.3,percent of population,"Eurostat lfst_r_lfsd2pwc (LFS, private households): UNE / POP","VERIFIED, ratio DERIVED"
unemployed_share,FR,FRG,Y_GE15,2015,5.29,percent of population,"Eurostat lfst_r_lfsd2pwc (LFS, private households): UNE / POP","VERIFIED, ratio DERIVED"
unemployed_share,FR,FRH,Y_GE15,2015,4.37,percent of population,"Eurostat lfst_r_lfsd2pwc (LFS, private households): UNE / POP","VERIFIED, ratio DERIVED"
unemployed_share,FR,FRI,Y_GE15,2015,5.26,percent of population,"Eurostat lfst_r_lfsd2pwc (LFS, private households): UNE / POP","VERIFIED, ratio DERIVED"
unemployed_share,FR,FRJ,Y_GE15,2015,5.59,percent of population,"Eurostat lfst_r_lfsd2pwc (LFS, private households): UNE / POP","VERIFIED, ratio DERIVED"
unemployed_share,FR,FRK,Y_GE15,2015,5.16,percent of population,"Eurostat lfst_r_lfsd2pwc (LFS, private households): UNE / POP","VERIFIED, ratio DERIVED"
unemployed_share,FR,FRL,Y_GE15,2015,5.79,percent of population,"Eurostat lfst_r_lfsd2pwc (LFS, private households): UNE / POP","VERIFIED, ratio DERIVED"
unemployed_share,FR,FRM,Y_GE15,2015,4.82,percent of population,"Eurostat lfst_r_lfsd2pwc (LFS, private households): UNE / POP","VERIFIED (Eurostat flags: u), ratio DERIVED"
unemployed_share,FR,FRY,Y_GE15,2015,11.79,percent of population,"Eurostat lfst_r_lfsd2pwc (LFS, private households): UNE / POP","VERIFIED, ratio DERIVED"
unemployed_share,FR,FR,Y15-64,2019,6.13,percent of population,"Eurostat lfst_r_lfsd2pwc (LFS, private households): UNE / POP","VERIFIED, ratio DERIVED"
unemployed_share,FR,FR1,Y15-64,2019,5.91,percent of population,"Eurostat lfst_r_lfsd2pwc (LFS, private households): UNE / POP","VERIFIED, ratio DERIVED"
unemployed_share,FR,FRB,Y15-64,2019,5.99,percent of population,"Eurostat lfst_r_lfsd2pwc (LFS, private households): UNE / POP","VERIFIED, ratio DERIVED"
unemployed_share,FR,FRC,Y15-64,2019,5.8,percent of population,"Eurostat lfst_r_lfsd2pwc (LFS, private households): UNE / POP","VERIFIED, ratio DERIVED"
unemployed_share,FR,FRD,Y15-64,2019,6.55,percent of population,"Eurostat lfst_r_lfsd2pwc (LFS, private households): UNE / POP","VERIFIED, ratio DERIVED"
unemployed_share,FR,FRE,Y15-64,2019,7.05,percent of population,"Eurostat lfst_r_lfsd2pwc (LFS, private households): UNE / POP","VERIFIED, ratio DERIVED"
unemployed_share,FR,FRF,Y15-64,2019,5.76,percent of population,"Eurostat lfst_r_lfsd2pwc (LFS, private households): UNE / POP","VERIFIED, ratio DERIVED"
unemployed_share,FR,FRG,Y15-64,2019,5.55,percent of population,"Eurostat lfst_r_lfsd2pwc (LFS, private households): UNE / POP","VERIFIED, ratio DERIVED"
unemployed_share,FR,FRH,Y15-64,2019,5.0,percent of population,"Eurostat lfst_r_lfsd2pwc (LFS, private households): UNE / POP","VERIFIED, ratio DERIVED"
unemployed_share,FR,FRI,Y15-64,2019,6.39,percent of population,"Eurostat lfst_r_lfsd2pwc (LFS, private households): UNE / POP","VERIFIED, ratio DERIVED"
unemployed_share,FR,FRJ,Y15-64,2019,5.89,percent of population,"Eurostat lfst_r_lfsd2pwc (LFS, private households): UNE / POP","VERIFIED, ratio DERIVED"
unemployed_share,FR,FRK,Y15-64,2019,5.06,percent of population,"Eurostat lfst_r_lfsd2pwc (LFS, private households): UNE / POP","VERIFIED, ratio DERIVED"
unemployed_share,FR,FRL,Y15-64,2019,6.19,percent of population,"Eurostat lfst_r_lfsd2pwc (LFS, private households): UNE / POP","VERIFIED, ratio DERIVED"
unemployed_share,FR,FRM,Y15-64,2019,4.58,percent of population,"Eurostat lfst_r_lfsd2pwc (LFS, private households): UNE / POP","VERIFIED (Eurostat flags: u), ratio DERIVED"
unemployed_share,FR,FRY,Y15-64,2019,12.42,percent of population,"Eurostat lfst_r_lfsd2pwc (LFS, private households): UNE / POP","VERIFIED, ratio DERIVED"
unemployed_share,FR,FR,Y15-74,2019,5.23,percent of population,"Eurostat lfst_r_lfsd2pwc (LFS, private households): UNE / POP","VERIFIED, ratio DERIVED"
unemployed_share,FR,FR1,Y15-74,2019,5.26,percent of population,"Eurostat lfst_r_lfsd2pwc (LFS, private households): UNE / POP","VERIFIED, ratio DERIVED"
unemployed_share,FR,FRB,Y15-74,2019,5.04,percent of population,"Eurostat lfst_r_lfsd2pwc (LFS, private households): UNE / POP","VERIFIED, ratio DERIVED"
unemployed_share,FR,FRC,Y15-74,2019,4.79,percent of population,"Eurostat lfst_r_lfsd2pwc (LFS, private households): UNE / POP","VERIFIED, ratio DERIVED"
unemployed_share,FR,FRD,Y15-74,2019,5.5,percent of population,"Eurostat lfst_r_lfsd2pwc (LFS, private households): UNE / POP","VERIFIED, ratio DERIVED"
unemployed_share,FR,FRE,Y15-74,2019,6.05,percent of population,"Eurostat lfst_r_lfsd2pwc (LFS, private households): UNE / POP","VERIFIED, ratio DERIVED"
unemployed_share,FR,FRF,Y15-74,2019,4.93,percent of population,"Eurostat lfst_r_lfsd2pwc (LFS, private households): UNE / POP","VERIFIED, ratio DERIVED"
unemployed_share,FR,FRG,Y15-74,2019,4.68,percent of population,"Eurostat lfst_r_lfsd2pwc (LFS, private households): UNE / POP","VERIFIED, ratio DERIVED"
unemployed_share,FR,FRH,Y15-74,2019,4.19,percent of population,"Eurostat lfst_r_lfsd2pwc (LFS, private households): UNE / POP","VERIFIED, ratio DERIVED"
unemployed_share,FR,FRI,Y15-74,2019,5.27,percent of population,"Eurostat lfst_r_lfsd2pwc (LFS, private households): UNE / POP","VERIFIED, ratio DERIVED"
unemployed_share,FR,FRJ,Y15-74,2019,4.96,percent of population,"Eurostat lfst_r_lfsd2pwc (LFS, private households): UNE / POP","VERIFIED, ratio DERIVED"
unemployed_share,FR,FRK,Y15-74,2019,4.35,percent of population,"Eurostat lfst_r_lfsd2pwc (LFS, private households): UNE / POP","VERIFIED, ratio DERIVED"
unemployed_share,FR,FRL,Y15-74,2019,5.2,percent of population,"Eurostat lfst_r_lfsd2pwc (LFS, private households): UNE / POP","VERIFIED, ratio DERIVED"
unemployed_share,FR,FRM,Y15-74,2019,3.67,percent of population,"Eurostat lfst_r_lfsd2pwc (LFS, private households): UNE / POP","VERIFIED (Eurostat flags: u), ratio DERIVED"
unemployed_share,FR,FRY,Y15-74,2019,11.04,percent of population,"Eurostat lfst_r_lfsd2pwc (LFS, private households): UNE / POP","VERIFIED, ratio DERIVED"
unemployed_share,FR,FR,Y20-64,2019,6.43,percent of population,"Eurostat lfst_r_lfsd2pwc (LFS, private households): UNE / POP","VERIFIED, ratio DERIVED"
unemployed_share,FR,FR1,Y20-64,2019,6.35,percent of population,"Eurostat lfst_r_lfsd2pwc (LFS, private households): UNE / POP","VERIFIED, ratio DERIVED"
unemployed_share,FR,FRB,Y20-64,2019,6.23,percent of population,"Eurostat lfst_r_lfsd2pwc (LFS, private households): UNE / POP","VERIFIED, ratio DERIVED"
unemployed_share,FR,FRC,Y20-64,2019,6.03,percent of population,"Eurostat lfst_r_lfsd2pwc (LFS, private households): UNE / POP","VERIFIED, ratio DERIVED"
unemployed_share,FR,FRD,Y20-64,2019,6.64,percent of population,"Eurostat lfst_r_lfsd2pwc (LFS, private households): UNE / POP","VERIFIED, ratio DERIVED"
unemployed_share,FR,FRE,Y20-64,2019,7.3,percent of population,"Eurostat lfst_r_lfsd2pwc (LFS, private households): UNE / POP","VERIFIED, ratio DERIVED"
unemployed_share,FR,FRF,Y20-64,2019,5.93,percent of population,"Eurostat lfst_r_lfsd2pwc (LFS, private households): UNE / POP","VERIFIED, ratio DERIVED"
unemployed_share,FR,FRG,Y20-64,2019,5.85,percent of population,"Eurostat lfst_r_lfsd2pwc (LFS, private households): UNE / POP","VERIFIED, ratio DERIVED"
unemployed_share,FR,FRH,Y20-64,2019,5.27,percent of population,"Eurostat lfst_r_lfsd2pwc (LFS, private households): UNE / POP","VERIFIED, ratio DERIVED"
unemployed_share,FR,FRI,Y20-64,2019,6.55,percent of population,"Eurostat lfst_r_lfsd2pwc (LFS, private households): UNE / POP","VERIFIED, ratio DERIVED"
unemployed_share,FR,FRJ,Y20-64,2019,6.23,percent of population,"Eurostat lfst_r_lfsd2pwc (LFS, private households): UNE / POP","VERIFIED, ratio DERIVED"
unemployed_share,FR,FRK,Y20-64,2019,5.27,percent of population,"Eurostat lfst_r_lfsd2pwc (LFS, private households): UNE / POP","VERIFIED, ratio DERIVED"
unemployed_share,FR,FRL,Y20-64,2019,6.56,percent of population,"Eurostat lfst_r_lfsd2pwc (LFS, private households): UNE / POP","VERIFIED, ratio DERIVED"
unemployed_share,FR,FRM,Y20-64,2019,4.74,percent of population,"Eurostat lfst_r_lfsd2pwc (LFS, private households): UNE / POP","VERIFIED (Eurostat flags: u), ratio DERIVED"
unemployed_share,FR,FRY,Y20-64,2019,13.64,percent of population,"Eurostat lfst_r_lfsd2pwc (LFS, private households): UNE / POP","VERIFIED, ratio DERIVED"
unemployed_share,FR,FR,Y_GE15,2019,4.68,percent of population,"Eurostat lfst_r_lfsd2pwc (LFS, private households): UNE / POP","VERIFIED, ratio DERIVED"
unemployed_share,FR,FR1,Y_GE15,2019,4.85,percent of population,"Eurostat lfst_r_lfsd2pwc (LFS, private households): UNE / POP","VERIFIED, ratio DERIVED"
unemployed_share,FR,FRB,Y_GE15,2019,4.42,percent of population,"Eurostat lfst_r_lfsd2pwc (LFS, private households): UNE / POP","VERIFIED, ratio DERIVED"
unemployed_share,FR,FRC,Y_GE15,2019,4.19,percent of population,"Eurostat lfst_r_lfsd2pwc (LFS, private households): UNE / POP","VERIFIED, ratio DERIVED"
unemployed_share,FR,FRD,Y_GE15,2019,4.87,percent of population,"Eurostat lfst_r_lfsd2pwc (LFS, private households): UNE / POP","VERIFIED, ratio DERIVED"
unemployed_share,FR,FRE,Y_GE15,2019,5.5,percent of population,"Eurostat lfst_r_lfsd2pwc (LFS, private households): UNE / POP","VERIFIED, ratio DERIVED"
unemployed_share,FR,FRF,Y_GE15,2019,4.42,percent of population,"Eurostat lfst_r_lfsd2pwc (LFS, private households): UNE / POP","VERIFIED, ratio DERIVED"
unemployed_share,FR,FRG,Y_GE15,2019,4.19,percent of population,"Eurostat lfst_r_lfsd2pwc (LFS, private households): UNE / POP","VERIFIED, ratio DERIVED"
unemployed_share,FR,FRH,Y_GE15,2019,3.73,percent of population,"Eurostat lfst_r_lfsd2pwc (LFS, private households): UNE / POP","VERIFIED, ratio DERIVED"
unemployed_share,FR,FRI,Y_GE15,2019,4.6,percent of population,"Eurostat lfst_r_lfsd2pwc (LFS, private households): UNE / POP","VERIFIED, ratio DERIVED"
unemployed_share,FR,FRJ,Y_GE15,2019,4.37,percent of population,"Eurostat lfst_r_lfsd2pwc (LFS, private households): UNE / POP","VERIFIED, ratio DERIVED"
unemployed_share,FR,FRK,Y_GE15,2019,3.88,percent of population,"Eurostat lfst_r_lfsd2pwc (LFS, private households): UNE / POP","VERIFIED, ratio DERIVED"
unemployed_share,FR,FRL,Y_GE15,2019,4.54,percent of population,"Eurostat lfst_r_lfsd2pwc (LFS, private households): UNE / POP","VERIFIED, ratio DERIVED"
unemployed_share,FR,FRM,Y_GE15,2019,3.07,percent of population,"Eurostat lfst_r_lfsd2pwc (LFS, private households): UNE / POP","VERIFIED (Eurostat flags: u), ratio DERIVED"
unemployed_share,FR,FRY,Y_GE15,2019,10.22,percent of population,"Eurostat lfst_r_lfsd2pwc (LFS, private households): UNE / POP","VERIFIED, ratio DERIVED"
unemployed_share,FR,FR,Y15-64,2024,5.59,percent of population,"Eurostat lfst_r_lfsd2pwc (LFS, private households): UNE / POP","VERIFIED (Eurostat flags: bd), ratio DERIVED"
unemployed_share,FR,FR1,Y15-64,2024,6.17,percent of population,"Eurostat lfst_r_lfsd2pwc (LFS, private households): UNE / POP","VERIFIED (Eurostat flags: bd), ratio DERIVED"
unemployed_share,FR,FRB,Y15-64,2024,4.35,percent of population,"Eurostat lfst_r_lfsd2pwc (LFS, private households): UNE / POP","VERIFIED (Eurostat flags: bd), ratio DERIVED"
unemployed_share,FR,FRC,Y15-64,2024,4.61,percent of population,"Eurostat lfst_r_lfsd2pwc (LFS, private households): UNE / POP","VERIFIED (Eurostat flags: bd), ratio DERIVED"
unemployed_share,FR,FRD,Y15-64,2024,5.59,percent of population,"Eurostat lfst_r_lfsd2pwc (LFS, private households): UNE / POP","VERIFIED (Eurostat flags: bd), ratio DERIVED"
unemployed_share,FR,FRE,Y15-64,2024,6.35,percent of population,"Eurostat lfst_r_lfsd2pwc (LFS, private households): UNE / POP","VERIFIED (Eurostat flags: bd), ratio DERIVED"
unemployed_share,FR,FRF,Y15-64,2024,5.48,percent of population,"Eurostat lfst_r_lfsd2pwc (LFS, private households): UNE / POP","VERIFIED (Eurostat flags: bd), ratio DERIVED"
unemployed_share,FR,FRG,Y15-64,2024,4.86,percent of population,"Eurostat lfst_r_lfsd2pwc (LFS, private households): UNE / POP","VERIFIED (Eurostat flags: bd), ratio DERIVED"
unemployed_share,FR,FRH,Y15-64,2024,4.38,percent of population,"Eurostat lfst_r_lfsd2pwc (LFS, private households): UNE / POP","VERIFIED (Eurostat flags: bd), ratio DERIVED"
unemployed_share,FR,FRI,Y15-64,2024,4.89,percent of population,"Eurostat lfst_r_lfsd2pwc (LFS, private households): UNE / POP","VERIFIED (Eurostat flags: bd), ratio DERIVED"
unemployed_share,FR,FRJ,Y15-64,2024,5.58,percent of population,"Eurostat lfst_r_lfsd2pwc (LFS, private households): UNE / POP","VERIFIED (Eurostat flags: bd), ratio DERIVED"
unemployed_share,FR,FRK,Y15-64,2024,5.35,percent of population,"Eurostat lfst_r_lfsd2pwc (LFS, private households): UNE / POP","VERIFIED (Eurostat flags: bd), ratio DERIVED"
unemployed_share,FR,FRL,Y15-64,2024,4.94,percent of population,"Eurostat lfst_r_lfsd2pwc (LFS, private households): UNE / POP","VERIFIED (Eurostat flags: bd), ratio DERIVED"
unemployed_share,FR,FRM,Y15-64,2024,5.09,percent of population,"Eurostat lfst_r_lfsd2pwc (LFS, private households): UNE / POP","VERIFIED (Eurostat flags: bdu), ratio DERIVED"
unemployed_share,FR,FRY,Y15-64,2024,10.61,percent of population,"Eurostat lfst_r_lfsd2pwc (LFS, private households): UNE / POP","VERIFIED (Eurostat flags: bd), ratio DERIVED"
unemployed_share,FR,FR,Y15-74,2024,4.78,percent of population,"Eurostat lfst_r_lfsd2pwc (LFS, private households): UNE / POP","VERIFIED (Eurostat flags: bd), ratio DERIVED"
unemployed_share,FR,FR1,Y15-74,2024,5.51,percent of population,"Eurostat lfst_r_lfsd2pwc (LFS, private households): UNE / POP","VERIFIED (Eurostat flags: bd), ratio DERIVED"
unemployed_share,FR,FRB,Y15-74,2024,3.63,percent of population,"Eurostat lfst_r_lfsd2pwc (LFS, private households): UNE / POP","VERIFIED (Eurostat flags: bd), ratio DERIVED"
unemployed_share,FR,FRC,Y15-74,2024,3.8,percent of population,"Eurostat lfst_r_lfsd2pwc (LFS, private households): UNE / POP","VERIFIED (Eurostat flags: bd), ratio DERIVED"
unemployed_share,FR,FRD,Y15-74,2024,4.68,percent of population,"Eurostat lfst_r_lfsd2pwc (LFS, private households): UNE / POP","VERIFIED (Eurostat flags: bd), ratio DERIVED"
unemployed_share,FR,FRE,Y15-74,2024,5.48,percent of population,"Eurostat lfst_r_lfsd2pwc (LFS, private households): UNE / POP","VERIFIED (Eurostat flags: bd), ratio DERIVED"
unemployed_share,FR,FRF,Y15-74,2024,4.59,percent of population,"Eurostat lfst_r_lfsd2pwc (LFS, private households): UNE / POP","VERIFIED (Eurostat flags: bd), ratio DERIVED"
unemployed_share,FR,FRG,Y15-74,2024,4.14,percent of population,"Eurostat lfst_r_lfsd2pwc (LFS, private households): UNE / POP","VERIFIED (Eurostat flags: bd), ratio DERIVED"
unemployed_share,FR,FRH,Y15-74,2024,3.64,percent of population,"Eurostat lfst_r_lfsd2pwc (LFS, private households): UNE / POP","VERIFIED (Eurostat flags: bd), ratio DERIVED"
unemployed_share,FR,FRI,Y15-74,2024,4.03,percent of population,"Eurostat lfst_r_lfsd2pwc (LFS, private households): UNE / POP","VERIFIED (Eurostat flags: bd), ratio DERIVED"
unemployed_share,FR,FRJ,Y15-74,2024,4.66,percent of population,"Eurostat lfst_r_lfsd2pwc (LFS, private households): UNE / POP","VERIFIED (Eurostat flags: bd), ratio DERIVED"
unemployed_share,FR,FRK,Y15-74,2024,4.6,percent of population,"Eurostat lfst_r_lfsd2pwc (LFS, private households): UNE / POP","VERIFIED (Eurostat flags: bd), ratio DERIVED"
unemployed_share,FR,FRL,Y15-74,2024,4.2,percent of population,"Eurostat lfst_r_lfsd2pwc (LFS, private households): UNE / POP","VERIFIED (Eurostat flags: bd), ratio DERIVED"
unemployed_share,FR,FRM,Y15-74,2024,4.24,percent of population,"Eurostat lfst_r_lfsd2pwc (LFS, private households): UNE / POP","VERIFIED (Eurostat flags: bdu), ratio DERIVED"
unemployed_share,FR,FRY,Y15-74,2024,9.34,percent of population,"Eurostat lfst_r_lfsd2pwc (LFS, private households): UNE / POP","VERIFIED (Eurostat flags: bd), ratio DERIVED"
unemployed_share,FR,FR,Y20-64,2024,5.65,percent of population,"Eurostat lfst_r_lfsd2pwc (LFS, private households): UNE / POP","VERIFIED (Eurostat flags: bd), ratio DERIVED"
unemployed_share,FR,FR1,Y20-64,2024,6.45,percent of population,"Eurostat lfst_r_lfsd2pwc (LFS, private households): UNE / POP","VERIFIED (Eurostat flags: bd), ratio DERIVED"
unemployed_share,FR,FRB,Y20-64,2024,4.13,percent of population,"Eurostat lfst_r_lfsd2pwc (LFS, private households): UNE / POP","VERIFIED (Eurostat flags: bd), ratio DERIVED"
unemployed_share,FR,FRC,Y20-64,2024,4.72,percent of population,"Eurostat lfst_r_lfsd2pwc (LFS, private households): UNE / POP","VERIFIED (Eurostat flags: bd), ratio DERIVED"
unemployed_share,FR,FRD,Y20-64,2024,5.57,percent of population,"Eurostat lfst_r_lfsd2pwc (LFS, private households): UNE / POP","VERIFIED (Eurostat flags: bd), ratio DERIVED"
unemployed_share,FR,FRE,Y20-64,2024,6.26,percent of population,"Eurostat lfst_r_lfsd2pwc (LFS, private households): UNE / POP","VERIFIED (Eurostat flags: bd), ratio DERIVED"
unemployed_share,FR,FRF,Y20-64,2024,5.46,percent of population,"Eurostat lfst_r_lfsd2pwc (LFS, private households): UNE / POP","VERIFIED (Eurostat flags: bd), ratio DERIVED"
unemployed_share,FR,FRG,Y20-64,2024,4.65,percent of population,"Eurostat lfst_r_lfsd2pwc (LFS, private households): UNE / POP","VERIFIED (Eurostat flags: bd), ratio DERIVED"
unemployed_share,FR,FRH,Y20-64,2024,4.38,percent of population,"Eurostat lfst_r_lfsd2pwc (LFS, private households): UNE / POP","VERIFIED (Eurostat flags: bd), ratio DERIVED"
unemployed_share,FR,FRI,Y20-64,2024,4.95,percent of population,"Eurostat lfst_r_lfsd2pwc (LFS, private households): UNE / POP","VERIFIED (Eurostat flags: bd), ratio DERIVED"
unemployed_share,FR,FRJ,Y20-64,2024,5.51,percent of population,"Eurostat lfst_r_lfsd2pwc (LFS, private households): UNE / POP","VERIFIED (Eurostat flags: bd), ratio DERIVED"
unemployed_share,FR,FRK,Y20-64,2024,5.34,percent of population,"Eurostat lfst_r_lfsd2pwc (LFS, private households): UNE / POP","VERIFIED (Eurostat flags: bd), ratio DERIVED"
unemployed_share,FR,FRL,Y20-64,2024,5.16,percent of population,"Eurostat lfst_r_lfsd2pwc (LFS, private households): UNE / POP","VERIFIED (Eurostat flags: bd), ratio DERIVED"
unemployed_share,FR,FRM,Y20-64,2024,3.5,percent of population,"Eurostat lfst_r_lfsd2pwc (LFS, private households): UNE / POP","VERIFIED (Eurostat flags: bdu), ratio DERIVED"
unemployed_share,FR,FRY,Y20-64,2024,11.46,percent of population,"Eurostat lfst_r_lfsd2pwc (LFS, private households): UNE / POP","VERIFIED (Eurostat flags: bd), ratio DERIVED"
unemployed_share,FR,FR,Y_GE15,2024,4.21,percent of population,"Eurostat lfst_r_lfsd2pwc (LFS, private households): UNE / POP","VERIFIED (Eurostat flags: bd), ratio DERIVED"
unemployed_share,FR,FR1,Y_GE15,2024,5.03,percent of population,"Eurostat lfst_r_lfsd2pwc (LFS, private households): UNE / POP","VERIFIED (Eurostat flags: bd), ratio DERIVED"
unemployed_share,FR,FRB,Y_GE15,2024,3.16,percent of population,"Eurostat lfst_r_lfsd2pwc (LFS, private households): UNE / POP","VERIFIED (Eurostat flags: bd), ratio DERIVED"
unemployed_share,FR,FRC,Y_GE15,2024,3.28,percent of population,"Eurostat lfst_r_lfsd2pwc (LFS, private households): UNE / POP","VERIFIED (Eurostat flags: bd), ratio DERIVED"
unemployed_share,FR,FRD,Y_GE15,2024,4.04,percent of population,"Eurostat lfst_r_lfsd2pwc (LFS, private households): UNE / POP","VERIFIED (Eurostat flags: bd), ratio DERIVED"
unemployed_share,FR,FRE,Y_GE15,2024,4.87,percent of population,"Eurostat lfst_r_lfsd2pwc (LFS, private households): UNE / POP","VERIFIED (Eurostat flags: bd), ratio DERIVED"
unemployed_share,FR,FRF,Y_GE15,2024,4.03,percent of population,"Eurostat lfst_r_lfsd2pwc (LFS, private households): UNE / POP","VERIFIED (Eurostat flags: bd), ratio DERIVED"
unemployed_share,FR,FRG,Y_GE15,2024,3.63,percent of population,"Eurostat lfst_r_lfsd2pwc (LFS, private households): UNE / POP","VERIFIED (Eurostat flags: bd), ratio DERIVED"
unemployed_share,FR,FRH,Y_GE15,2024,3.22,percent of population,"Eurostat lfst_r_lfsd2pwc (LFS, private households): UNE / POP","VERIFIED (Eurostat flags: bd), ratio DERIVED"
unemployed_share,FR,FRI,Y_GE15,2024,3.46,percent of population,"Eurostat lfst_r_lfsd2pwc (LFS, private households): UNE / POP","VERIFIED (Eurostat flags: bd), ratio DERIVED"
unemployed_share,FR,FRJ,Y_GE15,2024,4.06,percent of population,"Eurostat lfst_r_lfsd2pwc (LFS, private households): UNE / POP","VERIFIED (Eurostat flags: bd), ratio DERIVED"
unemployed_share,FR,FRK,Y_GE15,2024,4.06,percent of population,"Eurostat lfst_r_lfsd2pwc (LFS, private households): UNE / POP","VERIFIED (Eurostat flags: bd), ratio DERIVED"
unemployed_share,FR,FRL,Y_GE15,2024,3.58,percent of population,"Eurostat lfst_r_lfsd2pwc (LFS, private households): UNE / POP","VERIFIED (Eurostat flags: bd), ratio DERIVED"
unemployed_share,FR,FRM,Y_GE15,2024,3.7,percent of population,"Eurostat lfst_r_lfsd2pwc (LFS, private households): UNE / POP","VERIFIED (Eurostat flags: bdu), ratio DERIVED"
unemployed_share,FR,FRY,Y_GE15,2024,8.52,percent of population,"Eurostat lfst_r_lfsd2pwc (LFS, private households): UNE / POP","VERIFIED (Eurostat flags: bd), ratio DERIVED"
unemployed_share,FR,FR,Y15-64,2025,5.84,percent of population,"Eurostat lfst_r_lfsd2pwc (LFS, private households): UNE / POP","VERIFIED (Eurostat flags: d), ratio DERIVED"
unemployed_share,FR,FR1,Y15-64,2025,6.79,percent of population,"Eurostat lfst_r_lfsd2pwc (LFS, private households): UNE / POP","VERIFIED (Eurostat flags: d), ratio DERIVED"
unemployed_share,FR,FRB,Y15-64,2025,4.72,percent of population,"Eurostat lfst_r_lfsd2pwc (LFS, private households): UNE / POP","VERIFIED (Eurostat flags: d), ratio DERIVED"
unemployed_share,FR,FRC,Y15-64,2025,5.56,percent of population,"Eurostat lfst_r_lfsd2pwc (LFS, private households): UNE / POP","VERIFIED (Eurostat flags: d), ratio DERIVED"
unemployed_share,FR,FRD,Y15-64,2025,5.6,percent of population,"Eurostat lfst_r_lfsd2pwc (LFS, private households): UNE / POP","VERIFIED (Eurostat flags: d), ratio DERIVED"
unemployed_share,FR,FRE,Y15-64,2025,6.25,percent of population,"Eurostat lfst_r_lfsd2pwc (LFS, private households): UNE / POP","VERIFIED (Eurostat flags: d), ratio DERIVED"
unemployed_share,FR,FRF,Y15-64,2025,4.88,percent of population,"Eurostat lfst_r_lfsd2pwc (LFS, private households): UNE / POP","VERIFIED (Eurostat flags: d), ratio DERIVED"
unemployed_share,FR,FRG,Y15-64,2025,5.16,percent of population,"Eurostat lfst_r_lfsd2pwc (LFS, private households): UNE / POP","VERIFIED (Eurostat flags: d), ratio DERIVED"
unemployed_share,FR,FRH,Y15-64,2025,4.28,percent of population,"Eurostat lfst_r_lfsd2pwc (LFS, private households): UNE / POP","VERIFIED (Eurostat flags: d), ratio DERIVED"
unemployed_share,FR,FRI,Y15-64,2025,5.58,percent of population,"Eurostat lfst_r_lfsd2pwc (LFS, private households): UNE / POP","VERIFIED (Eurostat flags: d), ratio DERIVED"
unemployed_share,FR,FRJ,Y15-64,2025,5.76,percent of population,"Eurostat lfst_r_lfsd2pwc (LFS, private households): UNE / POP","VERIFIED (Eurostat flags: d), ratio DERIVED"
unemployed_share,FR,FRK,Y15-64,2025,5.47,percent of population,"Eurostat lfst_r_lfsd2pwc (LFS, private households): UNE / POP","VERIFIED (Eurostat flags: d), ratio DERIVED"
unemployed_share,FR,FRL,Y15-64,2025,5.4,percent of population,"Eurostat lfst_r_lfsd2pwc (LFS, private households): UNE / POP","VERIFIED (Eurostat flags: d), ratio DERIVED"
unemployed_share,FR,FRM,Y15-64,2025,4.94,percent of population,"Eurostat lfst_r_lfsd2pwc (LFS, private households): UNE / POP","VERIFIED (Eurostat flags: du), ratio DERIVED"
unemployed_share,FR,FRY,Y15-64,2025,10.28,percent of population,"Eurostat lfst_r_lfsd2pwc (LFS, private households): UNE / POP","VERIFIED (Eurostat flags: d), ratio DERIVED"
unemployed_share,FR,FR,Y15-74,2025,5.0,percent of population,"Eurostat lfst_r_lfsd2pwc (LFS, private households): UNE / POP","VERIFIED (Eurostat flags: d), ratio DERIVED"
unemployed_share,FR,FR1,Y15-74,2025,6.12,percent of population,"Eurostat lfst_r_lfsd2pwc (LFS, private households): UNE / POP","VERIFIED (Eurostat flags: d), ratio DERIVED"
unemployed_share,FR,FRB,Y15-74,2025,3.99,percent of population,"Eurostat lfst_r_lfsd2pwc (LFS, private households): UNE / POP","VERIFIED (Eurostat flags: d), ratio DERIVED"
unemployed_share,FR,FRC,Y15-74,2025,4.67,percent of population,"Eurostat lfst_r_lfsd2pwc (LFS, private households): UNE / POP","VERIFIED (Eurostat flags: d), ratio DERIVED"
unemployed_share,FR,FRD,Y15-74,2025,4.68,percent of population,"Eurostat lfst_r_lfsd2pwc (LFS, private households): UNE / POP","VERIFIED (Eurostat flags: d), ratio DERIVED"
unemployed_share,FR,FRE,Y15-74,2025,5.4,percent of population,"Eurostat lfst_r_lfsd2pwc (LFS, private households): UNE / POP","VERIFIED (Eurostat flags: d), ratio DERIVED"
unemployed_share,FR,FRF,Y15-74,2025,4.17,percent of population,"Eurostat lfst_r_lfsd2pwc (LFS, private households): UNE / POP","VERIFIED (Eurostat flags: d), ratio DERIVED"
unemployed_share,FR,FRG,Y15-74,2025,4.35,percent of population,"Eurostat lfst_r_lfsd2pwc (LFS, private households): UNE / POP","VERIFIED (Eurostat flags: d), ratio DERIVED"
unemployed_share,FR,FRH,Y15-74,2025,3.52,percent of population,"Eurostat lfst_r_lfsd2pwc (LFS, private households): UNE / POP","VERIFIED (Eurostat flags: d), ratio DERIVED"
unemployed_share,FR,FRI,Y15-74,2025,4.62,percent of population,"Eurostat lfst_r_lfsd2pwc (LFS, private households): UNE / POP","VERIFIED (Eurostat flags: d), ratio DERIVED"
unemployed_share,FR,FRJ,Y15-74,2025,4.81,percent of population,"Eurostat lfst_r_lfsd2pwc (LFS, private households): UNE / POP","VERIFIED (Eurostat flags: d), ratio DERIVED"
unemployed_share,FR,FRK,Y15-74,2025,4.69,percent of population,"Eurostat lfst_r_lfsd2pwc (LFS, private households): UNE / POP","VERIFIED (Eurostat flags: d), ratio DERIVED"
unemployed_share,FR,FRL,Y15-74,2025,4.55,percent of population,"Eurostat lfst_r_lfsd2pwc (LFS, private households): UNE / POP","VERIFIED (Eurostat flags: d), ratio DERIVED"
unemployed_share,FR,FRM,Y15-74,2025,4.33,percent of population,"Eurostat lfst_r_lfsd2pwc (LFS, private households): UNE / POP","VERIFIED (Eurostat flags: du), ratio DERIVED"
unemployed_share,FR,FRY,Y15-74,2025,9.01,percent of population,"Eurostat lfst_r_lfsd2pwc (LFS, private households): UNE / POP","VERIFIED (Eurostat flags: d), ratio DERIVED"
unemployed_share,FR,FR,Y20-64,2025,5.88,percent of population,"Eurostat lfst_r_lfsd2pwc (LFS, private households): UNE / POP","VERIFIED (Eurostat flags: d), ratio DERIVED"
unemployed_share,FR,FR1,Y20-64,2025,7.09,percent of population,"Eurostat lfst_r_lfsd2pwc (LFS, private households): UNE / POP","VERIFIED (Eurostat flags: d), ratio DERIVED"
unemployed_share,FR,FRB,Y20-64,2025,4.76,percent of population,"Eurostat lfst_r_lfsd2pwc (LFS, private households): UNE / POP","VERIFIED (Eurostat flags: d), ratio DERIVED"
unemployed_share,FR,FRC,Y20-64,2025,5.57,percent of population,"Eurostat lfst_r_lfsd2pwc (LFS, private households): UNE / POP","VERIFIED (Eurostat flags: d), ratio DERIVED"
unemployed_share,FR,FRD,Y20-64,2025,5.69,percent of population,"Eurostat lfst_r_lfsd2pwc (LFS, private households): UNE / POP","VERIFIED (Eurostat flags: d), ratio DERIVED"
unemployed_share,FR,FRE,Y20-64,2025,6.13,percent of population,"Eurostat lfst_r_lfsd2pwc (LFS, private households): UNE / POP","VERIFIED (Eurostat flags: d), ratio DERIVED"
unemployed_share,FR,FRF,Y20-64,2025,4.81,percent of population,"Eurostat lfst_r_lfsd2pwc (LFS, private households): UNE / POP","VERIFIED (Eurostat flags: d), ratio DERIVED"
unemployed_share,FR,FRG,Y20-64,2025,5.14,percent of population,"Eurostat lfst_r_lfsd2pwc (LFS, private households): UNE / POP","VERIFIED (Eurostat flags: d), ratio DERIVED"
unemployed_share,FR,FRH,Y20-64,2025,4.21,percent of population,"Eurostat lfst_r_lfsd2pwc (LFS, private households): UNE / POP","VERIFIED (Eurostat flags: d), ratio DERIVED"
unemployed_share,FR,FRI,Y20-64,2025,5.62,percent of population,"Eurostat lfst_r_lfsd2pwc (LFS, private households): UNE / POP","VERIFIED (Eurostat flags: d), ratio DERIVED"
unemployed_share,FR,FRJ,Y20-64,2025,5.67,percent of population,"Eurostat lfst_r_lfsd2pwc (LFS, private households): UNE / POP","VERIFIED (Eurostat flags: d), ratio DERIVED"
unemployed_share,FR,FRK,Y20-64,2025,5.43,percent of population,"Eurostat lfst_r_lfsd2pwc (LFS, private households): UNE / POP","VERIFIED (Eurostat flags: d), ratio DERIVED"
unemployed_share,FR,FRL,Y20-64,2025,5.32,percent of population,"Eurostat lfst_r_lfsd2pwc (LFS, private households): UNE / POP","VERIFIED (Eurostat flags: d), ratio DERIVED"
unemployed_share,FR,FRM,Y20-64,2025,4.82,percent of population,"Eurostat lfst_r_lfsd2pwc (LFS, private households): UNE / POP","VERIFIED (Eurostat flags: du), ratio DERIVED"
unemployed_share,FR,FRY,Y20-64,2025,11.04,percent of population,"Eurostat lfst_r_lfsd2pwc (LFS, private households): UNE / POP","VERIFIED (Eurostat flags: d), ratio DERIVED"
unemployed_share,FR,FR,Y_GE15,2025,4.39,percent of population,"Eurostat lfst_r_lfsd2pwc (LFS, private households): UNE / POP","VERIFIED (Eurostat flags: d), ratio DERIVED"
unemployed_share,FR,FR1,Y_GE15,2025,5.56,percent of population,"Eurostat lfst_r_lfsd2pwc (LFS, private households): UNE / POP","VERIFIED (Eurostat flags: d), ratio DERIVED"
unemployed_share,FR,FRB,Y_GE15,2025,3.44,percent of population,"Eurostat lfst_r_lfsd2pwc (LFS, private households): UNE / POP","VERIFIED (Eurostat flags: d), ratio DERIVED"
unemployed_share,FR,FRC,Y_GE15,2025,4.0,percent of population,"Eurostat lfst_r_lfsd2pwc (LFS, private households): UNE / POP","VERIFIED (Eurostat flags: d), ratio DERIVED"
unemployed_share,FR,FRD,Y_GE15,2025,4.06,percent of population,"Eurostat lfst_r_lfsd2pwc (LFS, private households): UNE / POP","VERIFIED (Eurostat flags: d), ratio DERIVED"
unemployed_share,FR,FRE,Y_GE15,2025,4.79,percent of population,"Eurostat lfst_r_lfsd2pwc (LFS, private households): UNE / POP","VERIFIED (Eurostat flags: d), ratio DERIVED"
unemployed_share,FR,FRF,Y_GE15,2025,3.66,percent of population,"Eurostat lfst_r_lfsd2pwc (LFS, private households): UNE / POP","VERIFIED (Eurostat flags: d), ratio DERIVED"
unemployed_share,FR,FRG,Y_GE15,2025,3.82,percent of population,"Eurostat lfst_r_lfsd2pwc (LFS, private households): UNE / POP","VERIFIED (Eurostat flags: d), ratio DERIVED"
unemployed_share,FR,FRH,Y_GE15,2025,3.09,percent of population,"Eurostat lfst_r_lfsd2pwc (LFS, private households): UNE / POP","VERIFIED (Eurostat flags: d), ratio DERIVED"
unemployed_share,FR,FRI,Y_GE15,2025,3.95,percent of population,"Eurostat lfst_r_lfsd2pwc (LFS, private households): UNE / POP","VERIFIED (Eurostat flags: d), ratio DERIVED"
unemployed_share,FR,FRJ,Y_GE15,2025,4.16,percent of population,"Eurostat lfst_r_lfsd2pwc (LFS, private households): UNE / POP","VERIFIED (Eurostat flags: d), ratio DERIVED"
unemployed_share,FR,FRK,Y_GE15,2025,4.12,percent of population,"Eurostat lfst_r_lfsd2pwc (LFS, private households): UNE / POP","VERIFIED (Eurostat flags: d), ratio DERIVED"
unemployed_share,FR,FRL,Y_GE15,2025,3.89,percent of population,"Eurostat lfst_r_lfsd2pwc (LFS, private households): UNE / POP","VERIFIED (Eurostat flags: d), ratio DERIVED"
unemployed_share,FR,FRM,Y_GE15,2025,3.71,percent of population,"Eurostat lfst_r_lfsd2pwc (LFS, private households): UNE / POP","VERIFIED (Eurostat flags: du), ratio DERIVED"
unemployed_share,FR,FRY,Y_GE15,2025,8.21,percent of population,"Eurostat lfst_r_lfsd2pwc (LFS, private households): UNE / POP","VERIFIED (Eurostat flags: d), ratio DERIVED"
unemployed_share,IT,IT,Y15-64,2015,7.75,percent of population,"Eurostat lfst_r_lfsd2pwc (LFS, private households): UNE / POP","VERIFIED, ratio DERIVED"
unemployed_share,IT,ITC1,Y15-64,2015,7.4,percent of population,"Eurostat lfst_r_lfsd2pwc (LFS, private households): UNE / POP","VERIFIED, ratio DERIVED"
unemployed_share,IT,ITC2,Y15-64,2015,6.54,percent of population,"Eurostat lfst_r_lfsd2pwc (LFS, private households): UNE / POP","VERIFIED, ratio DERIVED"
unemployed_share,IT,ITC3,Y15-64,2015,6.46,percent of population,"Eurostat lfst_r_lfsd2pwc (LFS, private households): UNE / POP","VERIFIED, ratio DERIVED"
unemployed_share,IT,ITC4,Y15-64,2015,5.65,percent of population,"Eurostat lfst_r_lfsd2pwc (LFS, private households): UNE / POP","VERIFIED, ratio DERIVED"
unemployed_share,IT,ITF1,Y15-64,2015,8.07,percent of population,"Eurostat lfst_r_lfsd2pwc (LFS, private households): UNE / POP","VERIFIED, ratio DERIVED"
unemployed_share,IT,ITF2,Y15-64,2015,8.41,percent of population,"Eurostat lfst_r_lfsd2pwc (LFS, private households): UNE / POP","VERIFIED, ratio DERIVED"
unemployed_share,IT,ITF3,Y15-64,2015,9.9,percent of population,"Eurostat lfst_r_lfsd2pwc (LFS, private households): UNE / POP","VERIFIED, ratio DERIVED"
unemployed_share,IT,ITF4,Y15-64,2015,10.72,percent of population,"Eurostat lfst_r_lfsd2pwc (LFS, private households): UNE / POP","VERIFIED, ratio DERIVED"
unemployed_share,IT,ITF5,Y15-64,2015,7.92,percent of population,"Eurostat lfst_r_lfsd2pwc (LFS, private households): UNE / POP","VERIFIED, ratio DERIVED"
unemployed_share,IT,ITF6,Y15-64,2015,11.76,percent of population,"Eurostat lfst_r_lfsd2pwc (LFS, private households): UNE / POP","VERIFIED, ratio DERIVED"
unemployed_share,IT,ITG1,Y15-64,2015,11.04,percent of population,"Eurostat lfst_r_lfsd2pwc (LFS, private households): UNE / POP","VERIFIED, ratio DERIVED"
unemployed_share,IT,ITG2,Y15-64,2015,10.73,percent of population,"Eurostat lfst_r_lfsd2pwc (LFS, private households): UNE / POP","VERIFIED, ratio DERIVED"
unemployed_share,IT,ITH1,Y15-64,2015,2.9,percent of population,"Eurostat lfst_r_lfsd2pwc (LFS, private households): UNE / POP","VERIFIED, ratio DERIVED"
unemployed_share,IT,ITH2,Y15-64,2015,4.95,percent of population,"Eurostat lfst_r_lfsd2pwc (LFS, private households): UNE / POP","VERIFIED, ratio DERIVED"
unemployed_share,IT,ITH3,Y15-64,2015,4.95,percent of population,"Eurostat lfst_r_lfsd2pwc (LFS, private households): UNE / POP","VERIFIED, ratio DERIVED"
unemployed_share,IT,ITH4,Y15-64,2015,5.64,percent of population,"Eurostat lfst_r_lfsd2pwc (LFS, private households): UNE / POP","VERIFIED, ratio DERIVED"
unemployed_share,IT,ITH5,Y15-64,2015,5.74,percent of population,"Eurostat lfst_r_lfsd2pwc (LFS, private households): UNE / POP","VERIFIED, ratio DERIVED"
unemployed_share,IT,ITI1,Y15-64,2015,6.73,percent of population,"Eurostat lfst_r_lfsd2pwc (LFS, private households): UNE / POP","VERIFIED, ratio DERIVED"
unemployed_share,IT,ITI2,Y15-64,2015,7.5,percent of population,"Eurostat lfst_r_lfsd2pwc (LFS, private households): UNE / POP","VERIFIED, ratio DERIVED"
unemployed_share,IT,ITI3,Y15-64,2015,7.07,percent of population,"Eurostat lfst_r_lfsd2pwc (LFS, private households): UNE / POP","VERIFIED, ratio DERIVED"
unemployed_share,IT,ITI4,Y15-64,2015,8.06,percent of population,"Eurostat lfst_r_lfsd2pwc (LFS, private households): UNE / POP","VERIFIED, ratio DERIVED"
unemployed_share,IT,IT,Y15-74,2015,6.66,percent of population,"Eurostat lfst_r_lfsd2pwc (LFS, private households): UNE / POP","VERIFIED, ratio DERIVED"
unemployed_share,IT,ITC1,Y15-74,2015,6.26,percent of population,"Eurostat lfst_r_lfsd2pwc (LFS, private households): UNE / POP","VERIFIED, ratio DERIVED"
unemployed_share,IT,ITC2,Y15-74,2015,5.57,percent of population,"Eurostat lfst_r_lfsd2pwc (LFS, private households): UNE / POP","VERIFIED, ratio DERIVED"
unemployed_share,IT,ITC3,Y15-74,2015,5.36,percent of population,"Eurostat lfst_r_lfsd2pwc (LFS, private households): UNE / POP","VERIFIED, ratio DERIVED"
unemployed_share,IT,ITC4,Y15-74,2015,4.86,percent of population,"Eurostat lfst_r_lfsd2pwc (LFS, private households): UNE / POP","VERIFIED, ratio DERIVED"
unemployed_share,IT,ITF1,Y15-74,2015,6.93,percent of population,"Eurostat lfst_r_lfsd2pwc (LFS, private households): UNE / POP","VERIFIED, ratio DERIVED"
unemployed_share,IT,ITF2,Y15-74,2015,7.28,percent of population,"Eurostat lfst_r_lfsd2pwc (LFS, private households): UNE / POP","VERIFIED, ratio DERIVED"
unemployed_share,IT,ITF3,Y15-74,2015,8.72,percent of population,"Eurostat lfst_r_lfsd2pwc (LFS, private households): UNE / POP","VERIFIED, ratio DERIVED"
unemployed_share,IT,ITF4,Y15-74,2015,9.26,percent of population,"Eurostat lfst_r_lfsd2pwc (LFS, private households): UNE / POP","VERIFIED, ratio DERIVED"
unemployed_share,IT,ITF5,Y15-74,2015,6.91,percent of population,"Eurostat lfst_r_lfsd2pwc (LFS, private households): UNE / POP","VERIFIED, ratio DERIVED"
unemployed_share,IT,ITF6,Y15-74,2015,10.26,percent of population,"Eurostat lfst_r_lfsd2pwc (LFS, private households): UNE / POP","VERIFIED, ratio DERIVED"
unemployed_share,IT,ITG1,Y15-74,2015,9.6,percent of population,"Eurostat lfst_r_lfsd2pwc (LFS, private households): UNE / POP","VERIFIED, ratio DERIVED"
unemployed_share,IT,ITG2,Y15-74,2015,9.23,percent of population,"Eurostat lfst_r_lfsd2pwc (LFS, private households): UNE / POP","VERIFIED, ratio DERIVED"
unemployed_share,IT,ITH1,Y15-74,2015,2.52,percent of population,"Eurostat lfst_r_lfsd2pwc (LFS, private households): UNE / POP","VERIFIED, ratio DERIVED"
unemployed_share,IT,ITH2,Y15-74,2015,4.26,percent of population,"Eurostat lfst_r_lfsd2pwc (LFS, private households): UNE / POP","VERIFIED, ratio DERIVED"
unemployed_share,IT,ITH3,Y15-74,2015,4.25,percent of population,"Eurostat lfst_r_lfsd2pwc (LFS, private households): UNE / POP","VERIFIED, ratio DERIVED"
unemployed_share,IT,ITH4,Y15-74,2015,4.72,percent of population,"Eurostat lfst_r_lfsd2pwc (LFS, private households): UNE / POP","VERIFIED, ratio DERIVED"
unemployed_share,IT,ITH5,Y15-74,2015,4.9,percent of population,"Eurostat lfst_r_lfsd2pwc (LFS, private households): UNE / POP","VERIFIED, ratio DERIVED"
unemployed_share,IT,ITI1,Y15-74,2015,5.68,percent of population,"Eurostat lfst_r_lfsd2pwc (LFS, private households): UNE / POP","VERIFIED, ratio DERIVED"
unemployed_share,IT,ITI2,Y15-74,2015,6.36,percent of population,"Eurostat lfst_r_lfsd2pwc (LFS, private households): UNE / POP","VERIFIED, ratio DERIVED"
unemployed_share,IT,ITI3,Y15-74,2015,6.05,percent of population,"Eurostat lfst_r_lfsd2pwc (LFS, private households): UNE / POP","VERIFIED, ratio DERIVED"
unemployed_share,IT,ITI4,Y15-74,2015,6.97,percent of population,"Eurostat lfst_r_lfsd2pwc (LFS, private households): UNE / POP","VERIFIED, ratio DERIVED"
unemployed_share,IT,IT,Y20-64,2015,8.03,percent of population,"Eurostat lfst_r_lfsd2pwc (LFS, private households): UNE / POP","VERIFIED, ratio DERIVED"
unemployed_share,IT,ITC1,Y20-64,2015,7.55,percent of population,"Eurostat lfst_r_lfsd2pwc (LFS, private households): UNE / POP","VERIFIED, ratio DERIVED"
unemployed_share,IT,ITC2,Y20-64,2015,6.76,percent of population,"Eurostat lfst_r_lfsd2pwc (LFS, private households): UNE / POP","VERIFIED, ratio DERIVED"
unemployed_share,IT,ITC3,Y20-64,2015,6.76,percent of population,"Eurostat lfst_r_lfsd2pwc (LFS, private households): UNE / POP","VERIFIED, ratio DERIVED"
unemployed_share,IT,ITC4,Y20-64,2015,5.79,percent of population,"Eurostat lfst_r_lfsd2pwc (LFS, private households): UNE / POP","VERIFIED, ratio DERIVED"
unemployed_share,IT,ITF1,Y20-64,2015,8.33,percent of population,"Eurostat lfst_r_lfsd2pwc (LFS, private households): UNE / POP","VERIFIED, ratio DERIVED"
unemployed_share,IT,ITF2,Y20-64,2015,8.59,percent of population,"Eurostat lfst_r_lfsd2pwc (LFS, private households): UNE / POP","VERIFIED, ratio DERIVED"
unemployed_share,IT,ITF3,Y20-64,2015,10.34,percent of population,"Eurostat lfst_r_lfsd2pwc (LFS, private households): UNE / POP","VERIFIED, ratio DERIVED"
unemployed_share,IT,ITF4,Y20-64,2015,11.13,percent of population,"Eurostat lfst_r_lfsd2pwc (LFS, private households): UNE / POP","VERIFIED, ratio DERIVED"
unemployed_share,IT,ITF5,Y20-64,2015,8.23,percent of population,"Eurostat lfst_r_lfsd2pwc (LFS, private households): UNE / POP","VERIFIED, ratio DERIVED"
unemployed_share,IT,ITF6,Y20-64,2015,12.37,percent of population,"Eurostat lfst_r_lfsd2pwc (LFS, private households): UNE / POP","VERIFIED, ratio DERIVED"
unemployed_share,IT,ITG1,Y20-64,2015,11.5,percent of population,"Eurostat lfst_r_lfsd2pwc (LFS, private households): UNE / POP","VERIFIED, ratio DERIVED"
unemployed_share,IT,ITG2,Y20-64,2015,11.25,percent of population,"Eurostat lfst_r_lfsd2pwc (LFS, private households): UNE / POP","VERIFIED, ratio DERIVED"
unemployed_share,IT,ITH1,Y20-64,2015,2.98,percent of population,"Eurostat lfst_r_lfsd2pwc (LFS, private households): UNE / POP","VERIFIED, ratio DERIVED"
unemployed_share,IT,ITH2,Y20-64,2015,5.12,percent of population,"Eurostat lfst_r_lfsd2pwc (LFS, private households): UNE / POP","VERIFIED, ratio DERIVED"
unemployed_share,IT,ITH3,Y20-64,2015,5.19,percent of population,"Eurostat lfst_r_lfsd2pwc (LFS, private households): UNE / POP","VERIFIED, ratio DERIVED"
unemployed_share,IT,ITH4,Y20-64,2015,5.83,percent of population,"Eurostat lfst_r_lfsd2pwc (LFS, private households): UNE / POP","VERIFIED, ratio DERIVED"
unemployed_share,IT,ITH5,Y20-64,2015,5.88,percent of population,"Eurostat lfst_r_lfsd2pwc (LFS, private households): UNE / POP","VERIFIED, ratio DERIVED"
unemployed_share,IT,ITI1,Y20-64,2015,7.02,percent of population,"Eurostat lfst_r_lfsd2pwc (LFS, private households): UNE / POP","VERIFIED, ratio DERIVED"
unemployed_share,IT,ITI2,Y20-64,2015,7.76,percent of population,"Eurostat lfst_r_lfsd2pwc (LFS, private households): UNE / POP","VERIFIED, ratio DERIVED"
unemployed_share,IT,ITI3,Y20-64,2015,7.33,percent of population,"Eurostat lfst_r_lfsd2pwc (LFS, private households): UNE / POP","VERIFIED, ratio DERIVED"
unemployed_share,IT,ITI4,Y20-64,2015,8.38,percent of population,"Eurostat lfst_r_lfsd2pwc (LFS, private households): UNE / POP","VERIFIED, ratio DERIVED"
unemployed_share,IT,IT,Y_GE15,2015,5.83,percent of population,"Eurostat lfst_r_lfsd2pwc (LFS, private households): UNE / POP","VERIFIED, ratio DERIVED"
unemployed_share,IT,ITC1,Y_GE15,2015,5.37,percent of population,"Eurostat lfst_r_lfsd2pwc (LFS, private households): UNE / POP","VERIFIED, ratio DERIVED"
unemployed_share,IT,ITC2,Y_GE15,2015,4.84,percent of population,"Eurostat lfst_r_lfsd2pwc (LFS, private households): UNE / POP","VERIFIED, ratio DERIVED"
unemployed_share,IT,ITC3,Y_GE15,2015,4.46,percent of population,"Eurostat lfst_r_lfsd2pwc (LFS, private households): UNE / POP","VERIFIED, ratio DERIVED"
unemployed_share,IT,ITC4,Y_GE15,2015,4.26,percent of population,"Eurostat lfst_r_lfsd2pwc (LFS, private households): UNE / POP","VERIFIED, ratio DERIVED"
unemployed_share,IT,ITF1,Y_GE15,2015,5.98,percent of population,"Eurostat lfst_r_lfsd2pwc (LFS, private households): UNE / POP","VERIFIED, ratio DERIVED"
unemployed_share,IT,ITF2,Y_GE15,2015,6.22,percent of population,"Eurostat lfst_r_lfsd2pwc (LFS, private households): UNE / POP","VERIFIED, ratio DERIVED"
unemployed_share,IT,ITF3,Y_GE15,2015,7.87,percent of population,"Eurostat lfst_r_lfsd2pwc (LFS, private households): UNE / POP","VERIFIED, ratio DERIVED"
unemployed_share,IT,ITF4,Y_GE15,2015,8.19,percent of population,"Eurostat lfst_r_lfsd2pwc (LFS, private households): UNE / POP","VERIFIED, ratio DERIVED"
unemployed_share,IT,ITF5,Y_GE15,2015,5.99,percent of population,"Eurostat lfst_r_lfsd2pwc (LFS, private households): UNE / POP","VERIFIED, ratio DERIVED"
unemployed_share,IT,ITF6,Y_GE15,2015,9.03,percent of population,"Eurostat lfst_r_lfsd2pwc (LFS, private households): UNE / POP","VERIFIED, ratio DERIVED"
unemployed_share,IT,ITG1,Y_GE15,2015,8.5,percent of population,"Eurostat lfst_r_lfsd2pwc (LFS, private households): UNE / POP","VERIFIED, ratio DERIVED"
unemployed_share,IT,ITG2,Y_GE15,2015,8.15,percent of population,"Eurostat lfst_r_lfsd2pwc (LFS, private households): UNE / POP","VERIFIED, ratio DERIVED"
unemployed_share,IT,ITH1,Y_GE15,2015,2.26,percent of population,"Eurostat lfst_r_lfsd2pwc (LFS, private households): UNE / POP","VERIFIED, ratio DERIVED"
unemployed_share,IT,ITH2,Y_GE15,2015,3.77,percent of population,"Eurostat lfst_r_lfsd2pwc (LFS, private households): UNE / POP","VERIFIED, ratio DERIVED"
unemployed_share,IT,ITH3,Y_GE15,2015,3.73,percent of population,"Eurostat lfst_r_lfsd2pwc (LFS, private households): UNE / POP","VERIFIED, ratio DERIVED"
unemployed_share,IT,ITH4,Y_GE15,2015,4.06,percent of population,"Eurostat lfst_r_lfsd2pwc (LFS, private households): UNE / POP","VERIFIED, ratio DERIVED"
unemployed_share,IT,ITH5,Y_GE15,2015,4.21,percent of population,"Eurostat lfst_r_lfsd2pwc (LFS, private households): UNE / POP","VERIFIED, ratio DERIVED"
unemployed_share,IT,ITI1,Y_GE15,2015,4.84,percent of population,"Eurostat lfst_r_lfsd2pwc (LFS, private households): UNE / POP","VERIFIED, ratio DERIVED"
unemployed_share,IT,ITI2,Y_GE15,2015,5.41,percent of population,"Eurostat lfst_r_lfsd2pwc (LFS, private households): UNE / POP","VERIFIED, ratio DERIVED"
unemployed_share,IT,ITI3,Y_GE15,2015,5.16,percent of population,"Eurostat lfst_r_lfsd2pwc (LFS, private households): UNE / POP","VERIFIED, ratio DERIVED"
unemployed_share,IT,ITI4,Y_GE15,2015,6.15,percent of population,"Eurostat lfst_r_lfsd2pwc (LFS, private households): UNE / POP","VERIFIED, ratio DERIVED"
unemployed_share,IT,IT,Y15-64,2019,6.64,percent of population,"Eurostat lfst_r_lfsd2pwc (LFS, private households): UNE / POP","VERIFIED, ratio DERIVED"
unemployed_share,IT,ITC1,Y15-64,2019,5.56,percent of population,"Eurostat lfst_r_lfsd2pwc (LFS, private households): UNE / POP","VERIFIED, ratio DERIVED"
unemployed_share,IT,ITC2,Y15-64,2019,4.83,percent of population,"Eurostat lfst_r_lfsd2pwc (LFS, private households): UNE / POP","VERIFIED, ratio DERIVED"
unemployed_share,IT,ITC3,Y15-64,2019,6.85,percent of population,"Eurostat lfst_r_lfsd2pwc (LFS, private households): UNE / POP","VERIFIED, ratio DERIVED"
unemployed_share,IT,ITC4,Y15-64,2019,4.12,percent of population,"Eurostat lfst_r_lfsd2pwc (LFS, private households): UNE / POP","VERIFIED, ratio DERIVED"
unemployed_share,IT,ITF1,Y15-64,2019,7.44,percent of population,"Eurostat lfst_r_lfsd2pwc (LFS, private households): UNE / POP","VERIFIED, ratio DERIVED"
unemployed_share,IT,ITF2,Y15-64,2019,7.72,percent of population,"Eurostat lfst_r_lfsd2pwc (LFS, private households): UNE / POP","VERIFIED, ratio DERIVED"
unemployed_share,IT,ITF3,Y15-64,2019,10.66,percent of population,"Eurostat lfst_r_lfsd2pwc (LFS, private households): UNE / POP","VERIFIED, ratio DERIVED"
unemployed_share,IT,ITF4,Y15-64,2019,8.24,percent of population,"Eurostat lfst_r_lfsd2pwc (LFS, private households): UNE / POP","VERIFIED, ratio DERIVED"
unemployed_share,IT,ITF5,Y15-64,2019,6.29,percent of population,"Eurostat lfst_r_lfsd2pwc (LFS, private households): UNE / POP","VERIFIED, ratio DERIVED"
unemployed_share,IT,ITF6,Y15-64,2019,11.45,percent of population,"Eurostat lfst_r_lfsd2pwc (LFS, private households): UNE / POP","VERIFIED, ratio DERIVED"
unemployed_share,IT,ITG1,Y15-64,2019,10.51,percent of population,"Eurostat lfst_r_lfsd2pwc (LFS, private households): UNE / POP","VERIFIED, ratio DERIVED"
unemployed_share,IT,ITG2,Y15-64,2019,9.58,percent of population,"Eurostat lfst_r_lfsd2pwc (LFS, private households): UNE / POP","VERIFIED, ratio DERIVED"
unemployed_share,IT,ITH1,Y15-64,2019,2.24,percent of population,"Eurostat lfst_r_lfsd2pwc (LFS, private households): UNE / POP","VERIFIED, ratio DERIVED"
unemployed_share,IT,ITH2,Y15-64,2019,3.67,percent of population,"Eurostat lfst_r_lfsd2pwc (LFS, private households): UNE / POP","VERIFIED, ratio DERIVED"
unemployed_share,IT,ITH3,Y15-64,2019,4.1,percent of population,"Eurostat lfst_r_lfsd2pwc (LFS, private households): UNE / POP","VERIFIED, ratio DERIVED"
unemployed_share,IT,ITH4,Y15-64,2019,4.39,percent of population,"Eurostat lfst_r_lfsd2pwc (LFS, private households): UNE / POP","VERIFIED, ratio DERIVED"
unemployed_share,IT,ITH5,Y15-64,2019,4.19,percent of population,"Eurostat lfst_r_lfsd2pwc (LFS, private households): UNE / POP","VERIFIED, ratio DERIVED"
unemployed_share,IT,ITI1,Y15-64,2019,4.92,percent of population,"Eurostat lfst_r_lfsd2pwc (LFS, private households): UNE / POP","VERIFIED, ratio DERIVED"
unemployed_share,IT,ITI2,Y15-64,2019,6.07,percent of population,"Eurostat lfst_r_lfsd2pwc (LFS, private households): UNE / POP","VERIFIED, ratio DERIVED"
unemployed_share,IT,ITI3,Y15-64,2019,6.26,percent of population,"Eurostat lfst_r_lfsd2pwc (LFS, private households): UNE / POP","VERIFIED, ratio DERIVED"
unemployed_share,IT,ITI4,Y15-64,2019,6.86,percent of population,"Eurostat lfst_r_lfsd2pwc (LFS, private households): UNE / POP","VERIFIED, ratio DERIVED"
unemployed_share,IT,IT,Y15-74,2019,5.68,percent of population,"Eurostat lfst_r_lfsd2pwc (LFS, private households): UNE / POP","VERIFIED, ratio DERIVED"
unemployed_share,IT,ITC1,Y15-74,2019,4.67,percent of population,"Eurostat lfst_r_lfsd2pwc (LFS, private households): UNE / POP","VERIFIED, ratio DERIVED"
unemployed_share,IT,ITC2,Y15-74,2019,4.08,percent of population,"Eurostat lfst_r_lfsd2pwc (LFS, private households): UNE / POP","VERIFIED, ratio DERIVED"
unemployed_share,IT,ITC3,Y15-74,2019,5.7,percent of population,"Eurostat lfst_r_lfsd2pwc (LFS, private households): UNE / POP","VERIFIED, ratio DERIVED"
unemployed_share,IT,ITC4,Y15-74,2019,3.55,percent of population,"Eurostat lfst_r_lfsd2pwc (LFS, private households): UNE / POP","VERIFIED, ratio DERIVED"
unemployed_share,IT,ITF1,Y15-74,2019,6.33,percent of population,"Eurostat lfst_r_lfsd2pwc (LFS, private households): UNE / POP","VERIFIED, ratio DERIVED"
unemployed_share,IT,ITF2,Y15-74,2019,6.5,percent of population,"Eurostat lfst_r_lfsd2pwc (LFS, private households): UNE / POP","VERIFIED, ratio DERIVED"
unemployed_share,IT,ITF3,Y15-74,2019,9.29,percent of population,"Eurostat lfst_r_lfsd2pwc (LFS, private households): UNE / POP","VERIFIED, ratio DERIVED"
unemployed_share,IT,ITF4,Y15-74,2019,7.03,percent of population,"Eurostat lfst_r_lfsd2pwc (LFS, private households): UNE / POP","VERIFIED, ratio DERIVED"
unemployed_share,IT,ITF5,Y15-74,2019,5.37,percent of population,"Eurostat lfst_r_lfsd2pwc (LFS, private households): UNE / POP","VERIFIED, ratio DERIVED"
unemployed_share,IT,ITF6,Y15-74,2019,9.86,percent of population,"Eurostat lfst_r_lfsd2pwc (LFS, private households): UNE / POP","VERIFIED, ratio DERIVED"
unemployed_share,IT,ITG1,Y15-74,2019,9.03,percent of population,"Eurostat lfst_r_lfsd2pwc (LFS, private households): UNE / POP","VERIFIED, ratio DERIVED"
unemployed_share,IT,ITG2,Y15-74,2019,8.1,percent of population,"Eurostat lfst_r_lfsd2pwc (LFS, private households): UNE / POP","VERIFIED, ratio DERIVED"
unemployed_share,IT,ITH1,Y15-74,2019,1.98,percent of population,"Eurostat lfst_r_lfsd2pwc (LFS, private households): UNE / POP","VERIFIED, ratio DERIVED"
unemployed_share,IT,ITH2,Y15-74,2019,3.16,percent of population,"Eurostat lfst_r_lfsd2pwc (LFS, private households): UNE / POP","VERIFIED, ratio DERIVED"
unemployed_share,IT,ITH3,Y15-74,2019,3.51,percent of population,"Eurostat lfst_r_lfsd2pwc (LFS, private households): UNE / POP","VERIFIED, ratio DERIVED"
unemployed_share,IT,ITH4,Y15-74,2019,3.67,percent of population,"Eurostat lfst_r_lfsd2pwc (LFS, private households): UNE / POP","VERIFIED, ratio DERIVED"
unemployed_share,IT,ITH5,Y15-74,2019,3.6,percent of population,"Eurostat lfst_r_lfsd2pwc (LFS, private households): UNE / POP","VERIFIED, ratio DERIVED"
unemployed_share,IT,ITI1,Y15-74,2019,4.17,percent of population,"Eurostat lfst_r_lfsd2pwc (LFS, private households): UNE / POP","VERIFIED, ratio DERIVED"
unemployed_share,IT,ITI2,Y15-74,2019,5.15,percent of population,"Eurostat lfst_r_lfsd2pwc (LFS, private households): UNE / POP","VERIFIED, ratio DERIVED"
unemployed_share,IT,ITI3,Y15-74,2019,5.31,percent of population,"Eurostat lfst_r_lfsd2pwc (LFS, private households): UNE / POP","VERIFIED, ratio DERIVED"
unemployed_share,IT,ITI4,Y15-74,2019,5.91,percent of population,"Eurostat lfst_r_lfsd2pwc (LFS, private households): UNE / POP","VERIFIED, ratio DERIVED"
unemployed_share,IT,IT,Y20-64,2019,6.9,percent of population,"Eurostat lfst_r_lfsd2pwc (LFS, private households): UNE / POP","VERIFIED, ratio DERIVED"
unemployed_share,IT,ITC1,Y20-64,2019,5.76,percent of population,"Eurostat lfst_r_lfsd2pwc (LFS, private households): UNE / POP","VERIFIED, ratio DERIVED"
unemployed_share,IT,ITC2,Y20-64,2019,4.95,percent of population,"Eurostat lfst_r_lfsd2pwc (LFS, private households): UNE / POP","VERIFIED, ratio DERIVED"
unemployed_share,IT,ITC3,Y20-64,2019,7.11,percent of population,"Eurostat lfst_r_lfsd2pwc (LFS, private households): UNE / POP","VERIFIED, ratio DERIVED"
unemployed_share,IT,ITC4,Y20-64,2019,4.22,percent of population,"Eurostat lfst_r_lfsd2pwc (LFS, private households): UNE / POP","VERIFIED, ratio DERIVED"
unemployed_share,IT,ITF1,Y20-64,2019,7.86,percent of population,"Eurostat lfst_r_lfsd2pwc (LFS, private households): UNE / POP","VERIFIED, ratio DERIVED"
unemployed_share,IT,ITF2,Y20-64,2019,8.14,percent of population,"Eurostat lfst_r_lfsd2pwc (LFS, private households): UNE / POP","VERIFIED, ratio DERIVED"
unemployed_share,IT,ITF3,Y20-64,2019,11.19,percent of population,"Eurostat lfst_r_lfsd2pwc (LFS, private households): UNE / POP","VERIFIED, ratio DERIVED"
unemployed_share,IT,ITF4,Y20-64,2019,8.59,percent of population,"Eurostat lfst_r_lfsd2pwc (LFS, private households): UNE / POP","VERIFIED, ratio DERIVED"
unemployed_share,IT,ITF5,Y20-64,2019,6.66,percent of population,"Eurostat lfst_r_lfsd2pwc (LFS, private households): UNE / POP","VERIFIED, ratio DERIVED"
unemployed_share,IT,ITF6,Y20-64,2019,11.94,percent of population,"Eurostat lfst_r_lfsd2pwc (LFS, private households): UNE / POP","VERIFIED, ratio DERIVED"
unemployed_share,IT,ITG1,Y20-64,2019,11.03,percent of population,"Eurostat lfst_r_lfsd2pwc (LFS, private households): UNE / POP","VERIFIED, ratio DERIVED"
unemployed_share,IT,ITG2,Y20-64,2019,10.0,percent of population,"Eurostat lfst_r_lfsd2pwc (LFS, private households): UNE / POP","VERIFIED, ratio DERIVED"
unemployed_share,IT,ITH1,Y20-64,2019,2.26,percent of population,"Eurostat lfst_r_lfsd2pwc (LFS, private households): UNE / POP","VERIFIED, ratio DERIVED"
unemployed_share,IT,ITH2,Y20-64,2019,3.8,percent of population,"Eurostat lfst_r_lfsd2pwc (LFS, private households): UNE / POP","VERIFIED, ratio DERIVED"
unemployed_share,IT,ITH3,Y20-64,2019,4.14,percent of population,"Eurostat lfst_r_lfsd2pwc (LFS, private households): UNE / POP","VERIFIED, ratio DERIVED"
unemployed_share,IT,ITH4,Y20-64,2019,4.55,percent of population,"Eurostat lfst_r_lfsd2pwc (LFS, private households): UNE / POP","VERIFIED, ratio DERIVED"
unemployed_share,IT,ITH5,Y20-64,2019,4.33,percent of population,"Eurostat lfst_r_lfsd2pwc (LFS, private households): UNE / POP","VERIFIED, ratio DERIVED"
unemployed_share,IT,ITI1,Y20-64,2019,5.06,percent of population,"Eurostat lfst_r_lfsd2pwc (LFS, private households): UNE / POP","VERIFIED, ratio DERIVED"
unemployed_share,IT,ITI2,Y20-64,2019,6.41,percent of population,"Eurostat lfst_r_lfsd2pwc (LFS, private households): UNE / POP","VERIFIED, ratio DERIVED"
unemployed_share,IT,ITI3,Y20-64,2019,6.6,percent of population,"Eurostat lfst_r_lfsd2pwc (LFS, private households): UNE / POP","VERIFIED, ratio DERIVED"
unemployed_share,IT,ITI4,Y20-64,2019,7.2,percent of population,"Eurostat lfst_r_lfsd2pwc (LFS, private households): UNE / POP","VERIFIED, ratio DERIVED"
unemployed_share,IT,IT,Y_GE15,2019,4.92,percent of population,"Eurostat lfst_r_lfsd2pwc (LFS, private households): UNE / POP","VERIFIED, ratio DERIVED"
unemployed_share,IT,ITC1,Y_GE15,2019,3.97,percent of population,"Eurostat lfst_r_lfsd2pwc (LFS, private households): UNE / POP","VERIFIED, ratio DERIVED"
unemployed_share,IT,ITC2,Y_GE15,2019,3.52,percent of population,"Eurostat lfst_r_lfsd2pwc (LFS, private households): UNE / POP","VERIFIED, ratio DERIVED"
unemployed_share,IT,ITC3,Y_GE15,2019,4.7,percent of population,"Eurostat lfst_r_lfsd2pwc (LFS, private households): UNE / POP","VERIFIED, ratio DERIVED"
unemployed_share,IT,ITC4,Y_GE15,2019,3.08,percent of population,"Eurostat lfst_r_lfsd2pwc (LFS, private households): UNE / POP","VERIFIED, ratio DERIVED"
unemployed_share,IT,ITF1,Y_GE15,2019,5.44,percent of population,"Eurostat lfst_r_lfsd2pwc (LFS, private households): UNE / POP","VERIFIED, ratio DERIVED"
unemployed_share,IT,ITF2,Y_GE15,2019,5.56,percent of population,"Eurostat lfst_r_lfsd2pwc (LFS, private households): UNE / POP","VERIFIED, ratio DERIVED"
unemployed_share,IT,ITF3,Y_GE15,2019,8.35,percent of population,"Eurostat lfst_r_lfsd2pwc (LFS, private households): UNE / POP","VERIFIED, ratio DERIVED"
unemployed_share,IT,ITF4,Y_GE15,2019,6.16,percent of population,"Eurostat lfst_r_lfsd2pwc (LFS, private households): UNE / POP","VERIFIED, ratio DERIVED"
unemployed_share,IT,ITF5,Y_GE15,2019,4.64,percent of population,"Eurostat lfst_r_lfsd2pwc (LFS, private households): UNE / POP","VERIFIED, ratio DERIVED"
unemployed_share,IT,ITF6,Y_GE15,2019,8.65,percent of population,"Eurostat lfst_r_lfsd2pwc (LFS, private households): UNE / POP","VERIFIED, ratio DERIVED"
unemployed_share,IT,ITG1,Y_GE15,2019,7.95,percent of population,"Eurostat lfst_r_lfsd2pwc (LFS, private households): UNE / POP","VERIFIED, ratio DERIVED"
unemployed_share,IT,ITG2,Y_GE15,2019,7.04,percent of population,"Eurostat lfst_r_lfsd2pwc (LFS, private households): UNE / POP","VERIFIED, ratio DERIVED"
unemployed_share,IT,ITH1,Y_GE15,2019,1.75,percent of population,"Eurostat lfst_r_lfsd2pwc (LFS, private households): UNE / POP","VERIFIED, ratio DERIVED"
unemployed_share,IT,ITH2,Y_GE15,2019,2.76,percent of population,"Eurostat lfst_r_lfsd2pwc (LFS, private households): UNE / POP","VERIFIED, ratio DERIVED"
unemployed_share,IT,ITH3,Y_GE15,2019,3.04,percent of population,"Eurostat lfst_r_lfsd2pwc (LFS, private households): UNE / POP","VERIFIED, ratio DERIVED"
unemployed_share,IT,ITH4,Y_GE15,2019,3.11,percent of population,"Eurostat lfst_r_lfsd2pwc (LFS, private households): UNE / POP","VERIFIED, ratio DERIVED"
unemployed_share,IT,ITH5,Y_GE15,2019,3.08,percent of population,"Eurostat lfst_r_lfsd2pwc (LFS, private households): UNE / POP","VERIFIED, ratio DERIVED"
unemployed_share,IT,ITI1,Y_GE15,2019,3.53,percent of population,"Eurostat lfst_r_lfsd2pwc (LFS, private households): UNE / POP","VERIFIED, ratio DERIVED"
unemployed_share,IT,ITI2,Y_GE15,2019,4.35,percent of population,"Eurostat lfst_r_lfsd2pwc (LFS, private households): UNE / POP","VERIFIED, ratio DERIVED"
unemployed_share,IT,ITI3,Y_GE15,2019,4.51,percent of population,"Eurostat lfst_r_lfsd2pwc (LFS, private households): UNE / POP","VERIFIED, ratio DERIVED"
unemployed_share,IT,ITI4,Y_GE15,2019,5.16,percent of population,"Eurostat lfst_r_lfsd2pwc (LFS, private households): UNE / POP","VERIFIED, ratio DERIVED"
unemployed_share,IT,IT,Y15-64,2024,4.43,percent of population,"Eurostat lfst_r_lfsd2pwc (LFS, private households): UNE / POP","VERIFIED, ratio DERIVED"
unemployed_share,IT,ITC1,Y15-64,2024,4.01,percent of population,"Eurostat lfst_r_lfsd2pwc (LFS, private households): UNE / POP","VERIFIED, ratio DERIVED"
unemployed_share,IT,ITC2,Y15-64,2024,2.99,percent of population,"Eurostat lfst_r_lfsd2pwc (LFS, private households): UNE / POP","VERIFIED (Eurostat flags: u), ratio DERIVED"
unemployed_share,IT,ITC3,Y15-64,2024,3.93,percent of population,"Eurostat lfst_r_lfsd2pwc (LFS, private households): UNE / POP","VERIFIED, ratio DERIVED"
unemployed_share,IT,ITC4,Y15-64,2024,2.7,percent of population,"Eurostat lfst_r_lfsd2pwc (LFS, private households): UNE / POP","VERIFIED, ratio DERIVED"
unemployed_share,IT,ITF1,Y15-64,2024,4.82,percent of population,"Eurostat lfst_r_lfsd2pwc (LFS, private households): UNE / POP","VERIFIED, ratio DERIVED"
unemployed_share,IT,ITF2,Y15-64,2024,5.1,percent of population,"Eurostat lfst_r_lfsd2pwc (LFS, private households): UNE / POP","VERIFIED, ratio DERIVED"
unemployed_share,IT,ITF3,Y15-64,2024,8.59,percent of population,"Eurostat lfst_r_lfsd2pwc (LFS, private households): UNE / POP","VERIFIED, ratio DERIVED"
unemployed_share,IT,ITF4,Y15-64,2024,5.35,percent of population,"Eurostat lfst_r_lfsd2pwc (LFS, private households): UNE / POP","VERIFIED, ratio DERIVED"
unemployed_share,IT,ITF5,Y15-64,2024,4.19,percent of population,"Eurostat lfst_r_lfsd2pwc (LFS, private households): UNE / POP","VERIFIED, ratio DERIVED"
unemployed_share,IT,ITF6,Y15-64,2024,6.95,percent of population,"Eurostat lfst_r_lfsd2pwc (LFS, private households): UNE / POP","VERIFIED, ratio DERIVED"
unemployed_share,IT,ITG1,Y15-64,2024,7.18,percent of population,"Eurostat lfst_r_lfsd2pwc (LFS, private households): UNE / POP","VERIFIED, ratio DERIVED"
unemployed_share,IT,ITG2,Y15-64,2024,5.37,percent of population,"Eurostat lfst_r_lfsd2pwc (LFS, private households): UNE / POP","VERIFIED, ratio DERIVED"
unemployed_share,IT,ITH1,Y15-64,2024,1.49,percent of population,"Eurostat lfst_r_lfsd2pwc (LFS, private households): UNE / POP","VERIFIED, ratio DERIVED"
unemployed_share,IT,ITH2,Y15-64,2024,2.05,percent of population,"Eurostat lfst_r_lfsd2pwc (LFS, private households): UNE / POP","VERIFIED, ratio DERIVED"
unemployed_share,IT,ITH3,Y15-64,2024,2.18,percent of population,"Eurostat lfst_r_lfsd2pwc (LFS, private households): UNE / POP","VERIFIED, ratio DERIVED"
unemployed_share,IT,ITH4,Y15-64,2024,3.25,percent of population,"Eurostat lfst_r_lfsd2pwc (LFS, private households): UNE / POP","VERIFIED, ratio DERIVED"
unemployed_share,IT,ITH5,Y15-64,2024,3.24,percent of population,"Eurostat lfst_r_lfsd2pwc (LFS, private households): UNE / POP","VERIFIED, ratio DERIVED"
unemployed_share,IT,ITI1,Y15-64,2024,3.01,percent of population,"Eurostat lfst_r_lfsd2pwc (LFS, private households): UNE / POP","VERIFIED, ratio DERIVED"
unemployed_share,IT,ITI2,Y15-64,2024,3.53,percent of population,"Eurostat lfst_r_lfsd2pwc (LFS, private households): UNE / POP","VERIFIED, ratio DERIVED"
unemployed_share,IT,ITI3,Y15-64,2024,3.69,percent of population,"Eurostat lfst_r_lfsd2pwc (LFS, private households): UNE / POP","VERIFIED, ratio DERIVED"
unemployed_share,IT,ITI4,Y15-64,2024,4.38,percent of population,"Eurostat lfst_r_lfsd2pwc (LFS, private households): UNE / POP","VERIFIED, ratio DERIVED"
unemployed_share,IT,IT,Y15-74,2024,3.77,percent of population,"Eurostat lfst_r_lfsd2pwc (LFS, private households): UNE / POP","VERIFIED, ratio DERIVED"
unemployed_share,IT,ITC1,Y15-74,2024,3.38,percent of population,"Eurostat lfst_r_lfsd2pwc (LFS, private households): UNE / POP","VERIFIED, ratio DERIVED"
unemployed_share,IT,ITC2,Y15-74,2024,2.51,percent of population,"Eurostat lfst_r_lfsd2pwc (LFS, private households): UNE / POP","VERIFIED (Eurostat flags: u), ratio DERIVED"
unemployed_share,IT,ITC3,Y15-74,2024,3.29,percent of population,"Eurostat lfst_r_lfsd2pwc (LFS, private households): UNE / POP","VERIFIED, ratio DERIVED"
unemployed_share,IT,ITC4,Y15-74,2024,2.31,percent of population,"Eurostat lfst_r_lfsd2pwc (LFS, private households): UNE / POP","VERIFIED, ratio DERIVED"
unemployed_share,IT,ITF1,Y15-74,2024,4.05,percent of population,"Eurostat lfst_r_lfsd2pwc (LFS, private households): UNE / POP","VERIFIED, ratio DERIVED"
unemployed_share,IT,ITF2,Y15-74,2024,4.21,percent of population,"Eurostat lfst_r_lfsd2pwc (LFS, private households): UNE / POP","VERIFIED, ratio DERIVED"
unemployed_share,IT,ITF3,Y15-74,2024,7.42,percent of population,"Eurostat lfst_r_lfsd2pwc (LFS, private households): UNE / POP","VERIFIED, ratio DERIVED"
unemployed_share,IT,ITF4,Y15-74,2024,4.52,percent of population,"Eurostat lfst_r_lfsd2pwc (LFS, private households): UNE / POP","VERIFIED, ratio DERIVED"
unemployed_share,IT,ITF5,Y15-74,2024,3.49,percent of population,"Eurostat lfst_r_lfsd2pwc (LFS, private households): UNE / POP","VERIFIED, ratio DERIVED"
unemployed_share,IT,ITF6,Y15-74,2024,5.86,percent of population,"Eurostat lfst_r_lfsd2pwc (LFS, private households): UNE / POP","VERIFIED, ratio DERIVED"
unemployed_share,IT,ITG1,Y15-74,2024,6.09,percent of population,"Eurostat lfst_r_lfsd2pwc (LFS, private households): UNE / POP","VERIFIED, ratio DERIVED"
unemployed_share,IT,ITG2,Y15-74,2024,4.46,percent of population,"Eurostat lfst_r_lfsd2pwc (LFS, private households): UNE / POP","VERIFIED, ratio DERIVED"
unemployed_share,IT,ITH1,Y15-74,2024,1.32,percent of population,"Eurostat lfst_r_lfsd2pwc (LFS, private households): UNE / POP","VERIFIED, ratio DERIVED"
unemployed_share,IT,ITH2,Y15-74,2024,1.73,percent of population,"Eurostat lfst_r_lfsd2pwc (LFS, private households): UNE / POP","VERIFIED, ratio DERIVED"
unemployed_share,IT,ITH3,Y15-74,2024,1.88,percent of population,"Eurostat lfst_r_lfsd2pwc (LFS, private households): UNE / POP","VERIFIED, ratio DERIVED"
unemployed_share,IT,ITH4,Y15-74,2024,2.72,percent of population,"Eurostat lfst_r_lfsd2pwc (LFS, private households): UNE / POP","VERIFIED, ratio DERIVED"
unemployed_share,IT,ITH5,Y15-74,2024,2.77,percent of population,"Eurostat lfst_r_lfsd2pwc (LFS, private households): UNE / POP","VERIFIED, ratio DERIVED"
unemployed_share,IT,ITI1,Y15-74,2024,2.58,percent of population,"Eurostat lfst_r_lfsd2pwc (LFS, private households): UNE / POP","VERIFIED, ratio DERIVED"
unemployed_share,IT,ITI2,Y15-74,2024,2.99,percent of population,"Eurostat lfst_r_lfsd2pwc (LFS, private households): UNE / POP","VERIFIED, ratio DERIVED"
unemployed_share,IT,ITI3,Y15-74,2024,3.14,percent of population,"Eurostat lfst_r_lfsd2pwc (LFS, private households): UNE / POP","VERIFIED, ratio DERIVED"
unemployed_share,IT,ITI4,Y15-74,2024,3.76,percent of population,"Eurostat lfst_r_lfsd2pwc (LFS, private households): UNE / POP","VERIFIED, ratio DERIVED"
unemployed_share,IT,IT,Y20-64,2024,4.61,percent of population,"Eurostat lfst_r_lfsd2pwc (LFS, private households): UNE / POP","VERIFIED, ratio DERIVED"
unemployed_share,IT,ITC1,Y20-64,2024,4.08,percent of population,"Eurostat lfst_r_lfsd2pwc (LFS, private households): UNE / POP","VERIFIED, ratio DERIVED"
unemployed_share,IT,ITC2,Y20-64,2024,3.11,percent of population,"Eurostat lfst_r_lfsd2pwc (LFS, private households): UNE / POP","VERIFIED (Eurostat flags: u), ratio DERIVED"
unemployed_share,IT,ITC3,Y20-64,2024,3.94,percent of population,"Eurostat lfst_r_lfsd2pwc (LFS, private households): UNE / POP","VERIFIED, ratio DERIVED"
unemployed_share,IT,ITC4,Y20-64,2024,2.78,percent of population,"Eurostat lfst_r_lfsd2pwc (LFS, private households): UNE / POP","VERIFIED, ratio DERIVED"
unemployed_share,IT,ITF1,Y20-64,2024,4.89,percent of population,"Eurostat lfst_r_lfsd2pwc (LFS, private households): UNE / POP","VERIFIED, ratio DERIVED"
unemployed_share,IT,ITF2,Y20-64,2024,5.25,percent of population,"Eurostat lfst_r_lfsd2pwc (LFS, private households): UNE / POP","VERIFIED, ratio DERIVED"
unemployed_share,IT,ITF3,Y20-64,2024,9.1,percent of population,"Eurostat lfst_r_lfsd2pwc (LFS, private households): UNE / POP","VERIFIED, ratio DERIVED"
unemployed_share,IT,ITF4,Y20-64,2024,5.49,percent of population,"Eurostat lfst_r_lfsd2pwc (LFS, private households): UNE / POP","VERIFIED, ratio DERIVED"
unemployed_share,IT,ITF5,Y20-64,2024,4.4,percent of population,"Eurostat lfst_r_lfsd2pwc (LFS, private households): UNE / POP","VERIFIED, ratio DERIVED"
unemployed_share,IT,ITF6,Y20-64,2024,7.36,percent of population,"Eurostat lfst_r_lfsd2pwc (LFS, private households): UNE / POP","VERIFIED, ratio DERIVED"
unemployed_share,IT,ITG1,Y20-64,2024,7.63,percent of population,"Eurostat lfst_r_lfsd2pwc (LFS, private households): UNE / POP","VERIFIED, ratio DERIVED"
unemployed_share,IT,ITG2,Y20-64,2024,5.55,percent of population,"Eurostat lfst_r_lfsd2pwc (LFS, private households): UNE / POP","VERIFIED, ratio DERIVED"
unemployed_share,IT,ITH1,Y20-64,2024,1.57,percent of population,"Eurostat lfst_r_lfsd2pwc (LFS, private households): UNE / POP","VERIFIED, ratio DERIVED"
unemployed_share,IT,ITH2,Y20-64,2024,2.04,percent of population,"Eurostat lfst_r_lfsd2pwc (LFS, private households): UNE / POP","VERIFIED, ratio DERIVED"
unemployed_share,IT,ITH3,Y20-64,2024,2.22,percent of population,"Eurostat lfst_r_lfsd2pwc (LFS, private households): UNE / POP","VERIFIED, ratio DERIVED"
unemployed_share,IT,ITH4,Y20-64,2024,3.46,percent of population,"Eurostat lfst_r_lfsd2pwc (LFS, private households): UNE / POP","VERIFIED, ratio DERIVED"
unemployed_share,IT,ITH5,Y20-64,2024,3.33,percent of population,"Eurostat lfst_r_lfsd2pwc (LFS, private households): UNE / POP","VERIFIED, ratio DERIVED"
unemployed_share,IT,ITI1,Y20-64,2024,3.14,percent of population,"Eurostat lfst_r_lfsd2pwc (LFS, private households): UNE / POP","VERIFIED, ratio DERIVED"
unemployed_share,IT,ITI2,Y20-64,2024,3.64,percent of population,"Eurostat lfst_r_lfsd2pwc (LFS, private households): UNE / POP","VERIFIED, ratio DERIVED"
unemployed_share,IT,ITI3,Y20-64,2024,3.81,percent of population,"Eurostat lfst_r_lfsd2pwc (LFS, private households): UNE / POP","VERIFIED, ratio DERIVED"
unemployed_share,IT,ITI4,Y20-64,2024,4.59,percent of population,"Eurostat lfst_r_lfsd2pwc (LFS, private households): UNE / POP","VERIFIED, ratio DERIVED"
unemployed_share,IT,IT,Y_GE15,2024,3.24,percent of population,"Eurostat lfst_r_lfsd2pwc (LFS, private households): UNE / POP","VERIFIED, ratio DERIVED"
unemployed_share,IT,ITC1,Y_GE15,2024,2.85,percent of population,"Eurostat lfst_r_lfsd2pwc (LFS, private households): UNE / POP","VERIFIED, ratio DERIVED"
unemployed_share,IT,ITC2,Y_GE15,2024,2.14,percent of population,"Eurostat lfst_r_lfsd2pwc (LFS, private households): UNE / POP","VERIFIED (Eurostat flags: u), ratio DERIVED"
unemployed_share,IT,ITC3,Y_GE15,2024,2.7,percent of population,"Eurostat lfst_r_lfsd2pwc (LFS, private households): UNE / POP","VERIFIED, ratio DERIVED"
unemployed_share,IT,ITC4,Y_GE15,2024,1.99,percent of population,"Eurostat lfst_r_lfsd2pwc (LFS, private households): UNE / POP","VERIFIED, ratio DERIVED"
unemployed_share,IT,ITF1,Y_GE15,2024,3.46,percent of population,"Eurostat lfst_r_lfsd2pwc (LFS, private households): UNE / POP","VERIFIED, ratio DERIVED"
unemployed_share,IT,ITF2,Y_GE15,2024,3.58,percent of population,"Eurostat lfst_r_lfsd2pwc (LFS, private households): UNE / POP","VERIFIED, ratio DERIVED"
unemployed_share,IT,ITF3,Y_GE15,2024,6.59,percent of population,"Eurostat lfst_r_lfsd2pwc (LFS, private households): UNE / POP","VERIFIED, ratio DERIVED"
unemployed_share,IT,ITF4,Y_GE15,2024,3.9,percent of population,"Eurostat lfst_r_lfsd2pwc (LFS, private households): UNE / POP","VERIFIED, ratio DERIVED"
unemployed_share,IT,ITF5,Y_GE15,2024,3.0,percent of population,"Eurostat lfst_r_lfsd2pwc (LFS, private households): UNE / POP","VERIFIED, ratio DERIVED"
unemployed_share,IT,ITF6,Y_GE15,2024,5.08,percent of population,"Eurostat lfst_r_lfsd2pwc (LFS, private households): UNE / POP","VERIFIED, ratio DERIVED"
unemployed_share,IT,ITG1,Y_GE15,2024,5.3,percent of population,"Eurostat lfst_r_lfsd2pwc (LFS, private households): UNE / POP","VERIFIED, ratio DERIVED"
unemployed_share,IT,ITG2,Y_GE15,2024,3.81,percent of population,"Eurostat lfst_r_lfsd2pwc (LFS, private households): UNE / POP","VERIFIED, ratio DERIVED"
unemployed_share,IT,ITH1,Y_GE15,2024,1.16,percent of population,"Eurostat lfst_r_lfsd2pwc (LFS, private households): UNE / POP","VERIFIED, ratio DERIVED"
unemployed_share,IT,ITH2,Y_GE15,2024,1.5,percent of population,"Eurostat lfst_r_lfsd2pwc (LFS, private households): UNE / POP","VERIFIED, ratio DERIVED"
unemployed_share,IT,ITH3,Y_GE15,2024,1.61,percent of population,"Eurostat lfst_r_lfsd2pwc (LFS, private households): UNE / POP","VERIFIED, ratio DERIVED"
unemployed_share,IT,ITH4,Y_GE15,2024,2.27,percent of population,"Eurostat lfst_r_lfsd2pwc (LFS, private households): UNE / POP","VERIFIED, ratio DERIVED"
unemployed_share,IT,ITH5,Y_GE15,2024,2.36,percent of population,"Eurostat lfst_r_lfsd2pwc (LFS, private households): UNE / POP","VERIFIED, ratio DERIVED"
unemployed_share,IT,ITI1,Y_GE15,2024,2.17,percent of population,"Eurostat lfst_r_lfsd2pwc (LFS, private households): UNE / POP","VERIFIED, ratio DERIVED"
unemployed_share,IT,ITI2,Y_GE15,2024,2.5,percent of population,"Eurostat lfst_r_lfsd2pwc (LFS, private households): UNE / POP","VERIFIED, ratio DERIVED"
unemployed_share,IT,ITI3,Y_GE15,2024,2.65,percent of population,"Eurostat lfst_r_lfsd2pwc (LFS, private households): UNE / POP","VERIFIED, ratio DERIVED"
unemployed_share,IT,ITI4,Y_GE15,2024,3.25,percent of population,"Eurostat lfst_r_lfsd2pwc (LFS, private households): UNE / POP","VERIFIED, ratio DERIVED"
unemployed_share,IT,IT,Y15-64,2025,4.2,percent of population,"Eurostat lfst_r_lfsd2pwc (LFS, private households): UNE / POP","VERIFIED, ratio DERIVED"
unemployed_share,IT,ITC1,Y15-64,2025,4.53,percent of population,"Eurostat lfst_r_lfsd2pwc (LFS, private households): UNE / POP","VERIFIED, ratio DERIVED"
unemployed_share,IT,ITC2,Y15-64,2025,2.87,percent of population,"Eurostat lfst_r_lfsd2pwc (LFS, private households): UNE / POP","VERIFIED (Eurostat flags: u), ratio DERIVED"
unemployed_share,IT,ITC3,Y15-64,2025,3.4,percent of population,"Eurostat lfst_r_lfsd2pwc (LFS, private households): UNE / POP","VERIFIED, ratio DERIVED"
unemployed_share,IT,ITC4,Y15-64,2025,2.16,percent of population,"Eurostat lfst_r_lfsd2pwc (LFS, private households): UNE / POP","VERIFIED, ratio DERIVED"
unemployed_share,IT,ITF1,Y15-64,2025,4.53,percent of population,"Eurostat lfst_r_lfsd2pwc (LFS, private households): UNE / POP","VERIFIED, ratio DERIVED"
unemployed_share,IT,ITF2,Y15-64,2025,3.91,percent of population,"Eurostat lfst_r_lfsd2pwc (LFS, private households): UNE / POP","VERIFIED, ratio DERIVED"
unemployed_share,IT,ITF3,Y15-64,2025,7.76,percent of population,"Eurostat lfst_r_lfsd2pwc (LFS, private households): UNE / POP","VERIFIED, ratio DERIVED"
unemployed_share,IT,ITF4,Y15-64,2025,5.84,percent of population,"Eurostat lfst_r_lfsd2pwc (LFS, private households): UNE / POP","VERIFIED, ratio DERIVED"
unemployed_share,IT,ITF5,Y15-64,2025,3.34,percent of population,"Eurostat lfst_r_lfsd2pwc (LFS, private households): UNE / POP","VERIFIED, ratio DERIVED"
unemployed_share,IT,ITF6,Y15-64,2025,5.28,percent of population,"Eurostat lfst_r_lfsd2pwc (LFS, private households): UNE / POP","VERIFIED, ratio DERIVED"
unemployed_share,IT,ITG1,Y15-64,2025,6.75,percent of population,"Eurostat lfst_r_lfsd2pwc (LFS, private households): UNE / POP","VERIFIED, ratio DERIVED"
unemployed_share,IT,ITG2,Y15-64,2025,6.14,percent of population,"Eurostat lfst_r_lfsd2pwc (LFS, private households): UNE / POP","VERIFIED, ratio DERIVED"
unemployed_share,IT,ITH1,Y15-64,2025,1.31,percent of population,"Eurostat lfst_r_lfsd2pwc (LFS, private households): UNE / POP","VERIFIED, ratio DERIVED"
unemployed_share,IT,ITH2,Y15-64,2025,1.69,percent of population,"Eurostat lfst_r_lfsd2pwc (LFS, private households): UNE / POP","VERIFIED, ratio DERIVED"
unemployed_share,IT,ITH3,Y15-64,2025,2.52,percent of population,"Eurostat lfst_r_lfsd2pwc (LFS, private households): UNE / POP","VERIFIED, ratio DERIVED"
unemployed_share,IT,ITH4,Y15-64,2025,3.42,percent of population,"Eurostat lfst_r_lfsd2pwc (LFS, private households): UNE / POP","VERIFIED, ratio DERIVED"
unemployed_share,IT,ITH5,Y15-64,2025,3.1,percent of population,"Eurostat lfst_r_lfsd2pwc (LFS, private households): UNE / POP","VERIFIED, ratio DERIVED"
unemployed_share,IT,ITI1,Y15-64,2025,3.24,percent of population,"Eurostat lfst_r_lfsd2pwc (LFS, private households): UNE / POP","VERIFIED, ratio DERIVED"
unemployed_share,IT,ITI2,Y15-64,2025,3.37,percent of population,"Eurostat lfst_r_lfsd2pwc (LFS, private households): UNE / POP","VERIFIED, ratio DERIVED"
unemployed_share,IT,ITI3,Y15-64,2025,3.77,percent of population,"Eurostat lfst_r_lfsd2pwc (LFS, private households): UNE / POP","VERIFIED, ratio DERIVED"
unemployed_share,IT,ITI4,Y15-64,2025,3.86,percent of population,"Eurostat lfst_r_lfsd2pwc (LFS, private households): UNE / POP","VERIFIED, ratio DERIVED"
unemployed_share,IT,IT,Y15-74,2025,3.57,percent of population,"Eurostat lfst_r_lfsd2pwc (LFS, private households): UNE / POP","VERIFIED, ratio DERIVED"
unemployed_share,IT,ITC1,Y15-74,2025,3.8,percent of population,"Eurostat lfst_r_lfsd2pwc (LFS, private households): UNE / POP","VERIFIED, ratio DERIVED"
unemployed_share,IT,ITC2,Y15-74,2025,2.51,percent of population,"Eurostat lfst_r_lfsd2pwc (LFS, private households): UNE / POP","VERIFIED (Eurostat flags: u), ratio DERIVED"
unemployed_share,IT,ITC3,Y15-74,2025,2.89,percent of population,"Eurostat lfst_r_lfsd2pwc (LFS, private households): UNE / POP","VERIFIED, ratio DERIVED"
unemployed_share,IT,ITC4,Y15-74,2025,1.85,percent of population,"Eurostat lfst_r_lfsd2pwc (LFS, private households): UNE / POP","VERIFIED, ratio DERIVED"
unemployed_share,IT,ITF1,Y15-74,2025,3.76,percent of population,"Eurostat lfst_r_lfsd2pwc (LFS, private households): UNE / POP","VERIFIED, ratio DERIVED"
unemployed_share,IT,ITF2,Y15-74,2025,3.27,percent of population,"Eurostat lfst_r_lfsd2pwc (LFS, private households): UNE / POP","VERIFIED, ratio DERIVED"
unemployed_share,IT,ITF3,Y15-74,2025,6.71,percent of population,"Eurostat lfst_r_lfsd2pwc (LFS, private households): UNE / POP","VERIFIED, ratio DERIVED"
unemployed_share,IT,ITF4,Y15-74,2025,4.93,percent of population,"Eurostat lfst_r_lfsd2pwc (LFS, private households): UNE / POP","VERIFIED, ratio DERIVED"
unemployed_share,IT,ITF5,Y15-74,2025,2.77,percent of population,"Eurostat lfst_r_lfsd2pwc (LFS, private households): UNE / POP","VERIFIED, ratio DERIVED"
unemployed_share,IT,ITF6,Y15-74,2025,4.43,percent of population,"Eurostat lfst_r_lfsd2pwc (LFS, private households): UNE / POP","VERIFIED, ratio DERIVED"
unemployed_share,IT,ITG1,Y15-74,2025,5.72,percent of population,"Eurostat lfst_r_lfsd2pwc (LFS, private households): UNE / POP","VERIFIED, ratio DERIVED"
unemployed_share,IT,ITG2,Y15-74,2025,5.1,percent of population,"Eurostat lfst_r_lfsd2pwc (LFS, private households): UNE / POP","VERIFIED, ratio DERIVED"
unemployed_share,IT,ITH1,Y15-74,2025,1.19,percent of population,"Eurostat lfst_r_lfsd2pwc (LFS, private households): UNE / POP","VERIFIED, ratio DERIVED"
unemployed_share,IT,ITH2,Y15-74,2025,1.43,percent of population,"Eurostat lfst_r_lfsd2pwc (LFS, private households): UNE / POP","VERIFIED, ratio DERIVED"
unemployed_share,IT,ITH3,Y15-74,2025,2.14,percent of population,"Eurostat lfst_r_lfsd2pwc (LFS, private households): UNE / POP","VERIFIED, ratio DERIVED"
unemployed_share,IT,ITH4,Y15-74,2025,2.89,percent of population,"Eurostat lfst_r_lfsd2pwc (LFS, private households): UNE / POP","VERIFIED, ratio DERIVED"
unemployed_share,IT,ITH5,Y15-74,2025,2.67,percent of population,"Eurostat lfst_r_lfsd2pwc (LFS, private households): UNE / POP","VERIFIED, ratio DERIVED"
unemployed_share,IT,ITI1,Y15-74,2025,2.76,percent of population,"Eurostat lfst_r_lfsd2pwc (LFS, private households): UNE / POP","VERIFIED, ratio DERIVED"
unemployed_share,IT,ITI2,Y15-74,2025,2.87,percent of population,"Eurostat lfst_r_lfsd2pwc (LFS, private households): UNE / POP","VERIFIED, ratio DERIVED"
unemployed_share,IT,ITI3,Y15-74,2025,3.16,percent of population,"Eurostat lfst_r_lfsd2pwc (LFS, private households): UNE / POP","VERIFIED, ratio DERIVED"
unemployed_share,IT,ITI4,Y15-74,2025,3.3,percent of population,"Eurostat lfst_r_lfsd2pwc (LFS, private households): UNE / POP","VERIFIED, ratio DERIVED"
unemployed_share,IT,IT,Y20-64,2025,4.41,percent of population,"Eurostat lfst_r_lfsd2pwc (LFS, private households): UNE / POP","VERIFIED, ratio DERIVED"
unemployed_share,IT,ITC1,Y20-64,2025,4.7,percent of population,"Eurostat lfst_r_lfsd2pwc (LFS, private households): UNE / POP","VERIFIED, ratio DERIVED"
unemployed_share,IT,ITC2,Y20-64,2025,3.12,percent of population,"Eurostat lfst_r_lfsd2pwc (LFS, private households): UNE / POP","VERIFIED (Eurostat flags: u), ratio DERIVED"
unemployed_share,IT,ITC3,Y20-64,2025,3.55,percent of population,"Eurostat lfst_r_lfsd2pwc (LFS, private households): UNE / POP","VERIFIED, ratio DERIVED"
unemployed_share,IT,ITC4,Y20-64,2025,2.19,percent of population,"Eurostat lfst_r_lfsd2pwc (LFS, private households): UNE / POP","VERIFIED, ratio DERIVED"
unemployed_share,IT,ITF1,Y20-64,2025,4.63,percent of population,"Eurostat lfst_r_lfsd2pwc (LFS, private households): UNE / POP","VERIFIED, ratio DERIVED"
unemployed_share,IT,ITF2,Y20-64,2025,4.21,percent of population,"Eurostat lfst_r_lfsd2pwc (LFS, private households): UNE / POP","VERIFIED, ratio DERIVED"
unemployed_share,IT,ITF3,Y20-64,2025,8.26,percent of population,"Eurostat lfst_r_lfsd2pwc (LFS, private households): UNE / POP","VERIFIED, ratio DERIVED"
unemployed_share,IT,ITF4,Y20-64,2025,6.09,percent of population,"Eurostat lfst_r_lfsd2pwc (LFS, private households): UNE / POP","VERIFIED, ratio DERIVED"
unemployed_share,IT,ITF5,Y20-64,2025,3.55,percent of population,"Eurostat lfst_r_lfsd2pwc (LFS, private households): UNE / POP","VERIFIED, ratio DERIVED"
unemployed_share,IT,ITF6,Y20-64,2025,5.66,percent of population,"Eurostat lfst_r_lfsd2pwc (LFS, private households): UNE / POP","VERIFIED, ratio DERIVED"
unemployed_share,IT,ITG1,Y20-64,2025,7.13,percent of population,"Eurostat lfst_r_lfsd2pwc (LFS, private households): UNE / POP","VERIFIED, ratio DERIVED"
unemployed_share,IT,ITG2,Y20-64,2025,6.44,percent of population,"Eurostat lfst_r_lfsd2pwc (LFS, private households): UNE / POP","VERIFIED, ratio DERIVED"
unemployed_share,IT,ITH1,Y20-64,2025,1.37,percent of population,"Eurostat lfst_r_lfsd2pwc (LFS, private households): UNE / POP","VERIFIED, ratio DERIVED"
unemployed_share,IT,ITH2,Y20-64,2025,1.78,percent of population,"Eurostat lfst_r_lfsd2pwc (LFS, private households): UNE / POP","VERIFIED, ratio DERIVED"
unemployed_share,IT,ITH3,Y20-64,2025,2.67,percent of population,"Eurostat lfst_r_lfsd2pwc (LFS, private households): UNE / POP","VERIFIED, ratio DERIVED"
unemployed_share,IT,ITH4,Y20-64,2025,3.63,percent of population,"Eurostat lfst_r_lfsd2pwc (LFS, private households): UNE / POP","VERIFIED, ratio DERIVED"
unemployed_share,IT,ITH5,Y20-64,2025,3.25,percent of population,"Eurostat lfst_r_lfsd2pwc (LFS, private households): UNE / POP","VERIFIED, ratio DERIVED"
unemployed_share,IT,ITI1,Y20-64,2025,3.39,percent of population,"Eurostat lfst_r_lfsd2pwc (LFS, private households): UNE / POP","VERIFIED, ratio DERIVED"
unemployed_share,IT,ITI2,Y20-64,2025,3.49,percent of population,"Eurostat lfst_r_lfsd2pwc (LFS, private households): UNE / POP","VERIFIED, ratio DERIVED"
unemployed_share,IT,ITI3,Y20-64,2025,3.97,percent of population,"Eurostat lfst_r_lfsd2pwc (LFS, private households): UNE / POP","VERIFIED, ratio DERIVED"
unemployed_share,IT,ITI4,Y20-64,2025,4.1,percent of population,"Eurostat lfst_r_lfsd2pwc (LFS, private households): UNE / POP","VERIFIED, ratio DERIVED"
unemployed_share,IT,IT,Y_GE15,2025,3.06,percent of population,"Eurostat lfst_r_lfsd2pwc (LFS, private households): UNE / POP","VERIFIED, ratio DERIVED"
unemployed_share,IT,ITC1,Y_GE15,2025,3.19,percent of population,"Eurostat lfst_r_lfsd2pwc (LFS, private households): UNE / POP","VERIFIED, ratio DERIVED"
unemployed_share,IT,ITC2,Y_GE15,2025,2.14,percent of population,"Eurostat lfst_r_lfsd2pwc (LFS, private households): UNE / POP","VERIFIED (Eurostat flags: u), ratio DERIVED"
unemployed_share,IT,ITC3,Y_GE15,2025,2.37,percent of population,"Eurostat lfst_r_lfsd2pwc (LFS, private households): UNE / POP","VERIFIED, ratio DERIVED"
unemployed_share,IT,ITC4,Y_GE15,2025,1.59,percent of population,"Eurostat lfst_r_lfsd2pwc (LFS, private households): UNE / POP","VERIFIED, ratio DERIVED"
unemployed_share,IT,ITF1,Y_GE15,2025,3.2,percent of population,"Eurostat lfst_r_lfsd2pwc (LFS, private households): UNE / POP","VERIFIED, ratio DERIVED"
unemployed_share,IT,ITF2,Y_GE15,2025,2.77,percent of population,"Eurostat lfst_r_lfsd2pwc (LFS, private households): UNE / POP","VERIFIED, ratio DERIVED"
unemployed_share,IT,ITF3,Y_GE15,2025,5.94,percent of population,"Eurostat lfst_r_lfsd2pwc (LFS, private households): UNE / POP","VERIFIED, ratio DERIVED"
unemployed_share,IT,ITF4,Y_GE15,2025,4.24,percent of population,"Eurostat lfst_r_lfsd2pwc (LFS, private households): UNE / POP","VERIFIED, ratio DERIVED"
unemployed_share,IT,ITF5,Y_GE15,2025,2.38,percent of population,"Eurostat lfst_r_lfsd2pwc (LFS, private households): UNE / POP","VERIFIED, ratio DERIVED"
unemployed_share,IT,ITF6,Y_GE15,2025,3.83,percent of population,"Eurostat lfst_r_lfsd2pwc (LFS, private households): UNE / POP","VERIFIED, ratio DERIVED"
unemployed_share,IT,ITG1,Y_GE15,2025,4.97,percent of population,"Eurostat lfst_r_lfsd2pwc (LFS, private households): UNE / POP","VERIFIED, ratio DERIVED"
unemployed_share,IT,ITG2,Y_GE15,2025,4.34,percent of population,"Eurostat lfst_r_lfsd2pwc (LFS, private households): UNE / POP","VERIFIED, ratio DERIVED"
unemployed_share,IT,ITH1,Y_GE15,2025,1.04,percent of population,"Eurostat lfst_r_lfsd2pwc (LFS, private households): UNE / POP","VERIFIED, ratio DERIVED"
unemployed_share,IT,ITH2,Y_GE15,2025,1.24,percent of population,"Eurostat lfst_r_lfsd2pwc (LFS, private households): UNE / POP","VERIFIED, ratio DERIVED"
unemployed_share,IT,ITH3,Y_GE15,2025,1.84,percent of population,"Eurostat lfst_r_lfsd2pwc (LFS, private households): UNE / POP","VERIFIED, ratio DERIVED"
unemployed_share,IT,ITH4,Y_GE15,2025,2.41,percent of population,"Eurostat lfst_r_lfsd2pwc (LFS, private households): UNE / POP","VERIFIED, ratio DERIVED"
unemployed_share,IT,ITH5,Y_GE15,2025,2.27,percent of population,"Eurostat lfst_r_lfsd2pwc (LFS, private households): UNE / POP","VERIFIED, ratio DERIVED"
unemployed_share,IT,ITI1,Y_GE15,2025,2.31,percent of population,"Eurostat lfst_r_lfsd2pwc (LFS, private households): UNE / POP","VERIFIED, ratio DERIVED"
unemployed_share,IT,ITI2,Y_GE15,2025,2.39,percent of population,"Eurostat lfst_r_lfsd2pwc (LFS, private households): UNE / POP","VERIFIED, ratio DERIVED"
unemployed_share,IT,ITI3,Y_GE15,2025,2.66,percent of population,"Eurostat lfst_r_lfsd2pwc (LFS, private households): UNE / POP","VERIFIED, ratio DERIVED"
unemployed_share,IT,ITI4,Y_GE15,2025,2.84,percent of population,"Eurostat lfst_r_lfsd2pwc (LFS, private households): UNE / POP","VERIFIED, ratio DERIVED"
