STRUCTURE,STRUCTURE_ID,STRUCTURE_NAME,ACTION,REF_AREA,Reference area,MEASURE,Measure,UNIT_MEASURE,Unit of measure,HOUSEHOLD_TYPE,Household type,AGE_CHILDREN,Age of children,INCOME_PREV,Earnings in the previous job,INCOME_PART,Earnings of the spouse,UNEMP_DURATION,Unemployment duration,SOC_ASS_BENEFIT,Claim social assistance or minimum income benefits,HOUSE_BENEFIT,Claim rent supplements,FREQ,Frequency of observation,TIME_PERIOD,Time period,OBS_VALUE,Observation value,OBS_STATUS,Observation status,UNIT_MULT,Unit multiplier,DECIMALS,Decimals
DATAFLOW,OECD.ELS.JAI:DSD_TAXBEN_NRR@DF_NRR(1.0),Net replacement rates in unemployment,I,USA,United States,NHIDU,Net household income during unemployment,PT_INC_DISP_HH_BJL,Percentage of disposable household income before job loss,S_C0,"Single person, no children",Y4_6,4 and 6 years,AW100,100% of average wage,_Z,Not applicable,M4,4 months,NO,No,NO,No,A,Annual,2023,,34,,A,Normal value,0,Units,0,Zero
DATAFLOW,OECD.ELS.JAI:DSD_TAXBEN_NRR@DF_NRR(1.0),Net replacement rates in unemployment,I,USA,United States,NHIDU,Net household income during unemployment,PT_INC_DISP_HH_BJL,Percentage of disposable household income before job loss,S_C0,"Single person, no children",Y4_6,4 and 6 years,AW100,100% of average wage,_Z,Not applicable,M4,4 months,YES,Yes,NO,No,A,Annual,2023,,34,,A,Normal value,0,Units,0,Zero
DATAFLOW,OECD.ELS.JAI:DSD_TAXBEN_NRR@DF_NRR(1.0),Net replacement rates in unemployment,I,USA,United States,NHIDU,Net household income during unemployment,PT_INC_DISP_HH_BJL,Percentage of disposable household income before job loss,S_C0,"Single person, no children",Y4_6,4 and 6 years,AW100,100% of average wage,_Z,Not applicable,M51,51 months,YES,Yes,NO,No,A,Annual,2023,,7,,A,Normal value,0,Units,0,Zero
DATAFLOW,OECD.ELS.JAI:DSD_TAXBEN_NRR@DF_NRR(1.0),Net replacement rates in unemployment,I,USA,United States,NHIDU,Net household income during unemployment,PT_INC_DISP_HH_BJL,Percentage of disposable household income before job loss,S_C0,"Single person, no children",Y4_6,4 and 6 years,AW100,100% of average wage,_Z,Not applicable,M47,47 months,YES,Yes,NO,No,A,Annual,2023,,7,,A,Normal value,0,Units,0,Zero
DATAFLOW,OECD.ELS.JAI:DSD_TAXBEN_NRR@DF_NRR(1.0),Net replacement rates in unemployment,I,USA,United States,NHIDU,Net household income during unemployment,PT_INC_DISP_HH_BJL,Percentage of disposable household income before job loss,S_C0,"Single person, no children",Y4_6,4 and 6 years,AW100,100% of average wage,_Z,Not applicable,M50,50 months,YES,Yes,NO,No,A,Annual,2023,,7,,A,Normal value,0,Units,0,Zero
DATAFLOW,OECD.ELS.JAI:DSD_TAXBEN_NRR@DF_NRR(1.0),Net replacement rates in unemployment,I,USA,United States,NHIDU,Net household income during unemployment,PT_INC_DISP_HH_BJL,Percentage of disposable household income before job loss,S_C0,"Single person, no children",Y4_6,4 and 6 years,AW100,100% of average wage,_Z,Not applicable,M37,37 months,YES,Yes,NO,No,A,Annual,2023,,7,,A,Normal value,0,Units,0,Zero
DATAFLOW,OECD.ELS.JAI:DSD_TAXBEN_NRR@DF_NRR(1.0),Net replacement rates in unemployment,I,USA,United States,NHIDU,Net household income during unemployment,PT_INC_DISP_HH_BJL,Percentage of disposable household income before job loss,S_C0,"Single person, no children",Y4_6,4 and 6 years,AW100,100% of average wage,_Z,Not applicable,M16,16 months,YES,Yes,NO,No,A,Annual,2023,,7,,A,Normal value,0,Units,0,Zero
DATAFLOW,OECD.ELS.JAI:DSD_TAXBEN_NRR@DF_NRR(1.0),Net replacement rates in unemployment,I,USA,United States,NHIDU,Net household income during unemployment,PT_INC_DISP_HH_BJL,Percentage of disposable household income before job loss,S_C0,"Single person, no children",Y4_6,4 and 6 years,AW100,100% of average wage,_Z,Not applicable,M25,25 months,YES,Yes,NO,No,A,Annual,2023,,7,,A,Normal value,0,Units,0,Zero
DATAFLOW,OECD.ELS.JAI:DSD_TAXBEN_NRR@DF_NRR(1.0),Net replacement rates in unemployment,I,USA,United States,NHIDU,Net household income during unemployment,PT_INC_DISP_HH_BJL,Percentage of disposable household income before job loss,S_C0,"Single person, no children",Y4_6,4 and 6 years,AW100,100% of average wage,_Z,Not applicable,M17,17 months,YES,Yes,NO,No,A,Annual,2023,,7,,A,Normal value,0,Units,0,Zero
DATAFLOW,OECD.ELS.JAI:DSD_TAXBEN_NRR@DF_NRR(1.0),Net replacement rates in unemployment,I,USA,United States,NHIDU,Net household income during unemployment,PT_INC_DISP_HH_BJL,Percentage of disposable household income before job loss,S_C0,"Single person, no children",Y4_6,4 and 6 years,AW100,100% of average wage,_Z,Not applicable,M6,6 months,YES,Yes,NO,No,A,Annual,2023,,7,,A,Normal value,0,Units,0,Zero
DATAFLOW,OECD.ELS.JAI:DSD_TAXBEN_NRR@DF_NRR(1.0),Net replacement rates in unemployment,I,USA,United States,NHIDU,Net household income during unemployment,PT_INC_DISP_HH_BJL,Percentage of disposable household income before job loss,S_C0,"Single person, no children",Y4_6,4 and 6 years,AW100,100% of average wage,_Z,Not applicable,M29,29 months,YES,Yes,NO,No,A,Annual,2023,,7,,A,Normal value,0,Units,0,Zero
DATAFLOW,OECD.ELS.JAI:DSD_TAXBEN_NRR@DF_NRR(1.0),Net replacement rates in unemployment,I,USA,United States,NHIDU,Net household income during unemployment,PT_INC_DISP_HH_BJL,Percentage of disposable household income before job loss,S_C0,"Single person, no children",Y4_6,4 and 6 years,AW100,100% of average wage,_Z,Not applicable,M9,9 months,YES,Yes,NO,No,A,Annual,2023,,7,,A,Normal value,0,Units,0,Zero
DATAFLOW,OECD.ELS.JAI:DSD_TAXBEN_NRR@DF_NRR(1.0),Net replacement rates in unemployment,I,USA,United States,NHIDU,Net household income during unemployment,PT_INC_DISP_HH_BJL,Percentage of disposable household income before job loss,S_C0,"Single person, no children",Y4_6,4 and 6 years,AW100,100% of average wage,_Z,Not applicable,M19,19 months,YES,Yes,NO,No,A,Annual,2023,,7,,A,Normal value,0,Units,0,Zero
DATAFLOW,OECD.ELS.JAI:DSD_TAXBEN_NRR@DF_NRR(1.0),Net replacement rates in unemployment,I,USA,United States,NHIDU,Net household income during unemployment,PT_INC_DISP_HH_BJL,Percentage of disposable household income before job loss,S_C0,"Single person, no children",Y4_6,4 and 6 years,AW100,100% of average wage,_Z,Not applicable,M46,46 months,YES,Yes,NO,No,A,Annual,2023,,7,,A,Normal value,0,Units,0,Zero
DATAFLOW,OECD.ELS.JAI:DSD_TAXBEN_NRR@DF_NRR(1.0),Net replacement rates in unemployment,I,USA,United States,NHIDU,Net household income during unemployment,PT_INC_DISP_HH_BJL,Percentage of disposable household income before job loss,S_C0,"Single person, no children",Y4_6,4 and 6 years,AW100,100% of average wage,_Z,Not applicable,M40,40 months,YES,Yes,NO,No,A,Annual,2023,,7,,A,Normal value,0,Units,0,Zero
DATAFLOW,OECD.ELS.JAI:DSD_TAXBEN_NRR@DF_NRR(1.0),Net replacement rates in unemployment,I,USA,United States,NHIDU,Net household income during unemployment,PT_INC_DISP_HH_BJL,Percentage of disposable household income before job loss,S_C0,"Single person, no children",Y4_6,4 and 6 years,AW100,100% of average wage,_Z,Not applicable,M36,36 months,YES,Yes,NO,No,A,Annual,2023,,7,,A,Normal value,0,Units,0,Zero
DATAFLOW,OECD.ELS.JAI:DSD_TAXBEN_NRR@DF_NRR(1.0),Net replacement rates in unemployment,I,USA,United States,NHIDU,Net household income during unemployment,PT_INC_DISP_HH_BJL,Percentage of disposable household income before job loss,S_C0,"Single person, no children",Y4_6,4 and 6 years,AW100,100% of average wage,_Z,Not applicable,M30,30 months,YES,Yes,NO,No,A,Annual,2023,,7,,A,Normal value,0,Units,0,Zero
DATAFLOW,OECD.ELS.JAI:DSD_TAXBEN_NRR@DF_NRR(1.0),Net replacement rates in unemployment,I,USA,United States,NHIDU,Net household income during unemployment,PT_INC_DISP_HH_BJL,Percentage of disposable household income before job loss,S_C0,"Single person, no children",Y4_6,4 and 6 years,AW100,100% of average wage,_Z,Not applicable,M27,27 months,YES,Yes,NO,No,A,Annual,2023,,7,,A,Normal value,0,Units,0,Zero
DATAFLOW,OECD.ELS.JAI:DSD_TAXBEN_NRR@DF_NRR(1.0),Net replacement rates in unemployment,I,USA,United States,NHIDU,Net household income during unemployment,PT_INC_DISP_HH_BJL,Percentage of disposable household income before job loss,S_C0,"Single person, no children",Y4_6,4 and 6 years,AW100,100% of average wage,_Z,Not applicable,M23,23 months,YES,Yes,NO,No,A,Annual,2023,,7,,A,Normal value,0,Units,0,Zero
DATAFLOW,OECD.ELS.JAI:DSD_TAXBEN_NRR@DF_NRR(1.0),Net replacement rates in unemployment,I,USA,United States,NHIDU,Net household income during unemployment,PT_INC_DISP_HH_BJL,Percentage of disposable household income before job loss,S_C0,"Single person, no children",Y4_6,4 and 6 years,AW100,100% of average wage,_Z,Not applicable,M20,20 months,YES,Yes,NO,No,A,Annual,2023,,7,,A,Normal value,0,Units,0,Zero
DATAFLOW,OECD.ELS.JAI:DSD_TAXBEN_NRR@DF_NRR(1.0),Net replacement rates in unemployment,I,USA,United States,NHIDU,Net household income during unemployment,PT_INC_DISP_HH_BJL,Percentage of disposable household income before job loss,S_C0,"Single person, no children",Y4_6,4 and 6 years,AW100,100% of average wage,_Z,Not applicable,M44,44 months,YES,Yes,NO,No,A,Annual,2023,,7,,A,Normal value,0,Units,0,Zero
DATAFLOW,OECD.ELS.JAI:DSD_TAXBEN_NRR@DF_NRR(1.0),Net replacement rates in unemployment,I,USA,United States,NHIDU,Net household income during unemployment,PT_INC_DISP_HH_BJL,Percentage of disposable household income before job loss,S_C0,"Single person, no children",Y4_6,4 and 6 years,AW100,100% of average wage,_Z,Not applicable,M54,54 months,YES,Yes,NO,No,A,Annual,2023,,7,,A,Normal value,0,Units,0,Zero
DATAFLOW,OECD.ELS.JAI:DSD_TAXBEN_NRR@DF_NRR(1.0),Net replacement rates in unemployment,I,USA,United States,NHIDU,Net household income during unemployment,PT_INC_DISP_HH_BJL,Percentage of disposable household income before job loss,S_C0,"Single person, no children",Y4_6,4 and 6 years,AW100,100% of average wage,_Z,Not applicable,M22,22 months,YES,Yes,NO,No,A,Annual,2023,,7,,A,Normal value,0,Units,0,Zero
DATAFLOW,OECD.ELS.JAI:DSD_TAXBEN_NRR@DF_NRR(1.0),Net replacement rates in unemployment,I,USA,United States,NHIDU,Net household income during unemployment,PT_INC_DISP_HH_BJL,Percentage of disposable household income before job loss,S_C0,"Single person, no children",Y4_6,4 and 6 years,AW100,100% of average wage,_Z,Not applicable,M55,55 months,YES,Yes,NO,No,A,Annual,2023,,7,,A,Normal value,0,Units,0,Zero
DATAFLOW,OECD.ELS.JAI:DSD_TAXBEN_NRR@DF_NRR(1.0),Net replacement rates in unemployment,I,USA,United States,NHIDU,Net household income during unemployment,PT_INC_DISP_HH_BJL,Percentage of disposable household income before job loss,S_C0,"Single person, no children",Y4_6,4 and 6 years,AW100,100% of average wage,_Z,Not applicable,M52,52 months,YES,Yes,NO,No,A,Annual,2023,,7,,A,Normal value,0,Units,0,Zero
DATAFLOW,OECD.ELS.JAI:DSD_TAXBEN_NRR@DF_NRR(1.0),Net replacement rates in unemployment,I,USA,United States,NHIDU,Net household income during unemployment,PT_INC_DISP_HH_BJL,Percentage of disposable household income before job loss,S_C0,"Single person, no children",Y4_6,4 and 6 years,AW100,100% of average wage,_Z,Not applicable,M56,56 months,YES,Yes,NO,No,A,Annual,2023,,7,,A,Normal value,0,Units,0,Zero
DATAFLOW,OECD.ELS.JAI:DSD_TAXBEN_NRR@DF_NRR(1.0),Net replacement rates in unemployment,I,USA,United States,NHIDU,Net household income during unemployment,PT_INC_DISP_HH_BJL,Percentage of disposable household income before job loss,S_C0,"Single person, no children",Y4_6,4 and 6 years,AW100,100% of average wage,_Z,Not applicable,M35,35 months,YES,Yes,NO,No,A,Annual,2023,,7,,A,Normal value,0,Units,0,Zero
DATAFLOW,OECD.ELS.JAI:DSD_TAXBEN_NRR@DF_NRR(1.0),Net replacement rates in unemployment,I,USA,United States,NHIDU,Net household income during unemployment,PT_INC_DISP_HH_BJL,Percentage of disposable household income before job loss,S_C0,"Single person, no children",Y4_6,4 and 6 years,AW100,100% of average wage,_Z,Not applicable,M14,14 months,YES,Yes,NO,No,A,Annual,2023,,7,,A,Normal value,0,Units,0,Zero
DATAFLOW,OECD.ELS.JAI:DSD_TAXBEN_NRR@DF_NRR(1.0),Net replacement rates in unemployment,I,USA,United States,NHIDU,Net household income during unemployment,PT_INC_DISP_HH_BJL,Percentage of disposable household income before job loss,S_C0,"Single person, no children",Y4_6,4 and 6 years,AW100,100% of average wage,_Z,Not applicable,M32,32 months,YES,Yes,NO,No,A,Annual,2023,,7,,A,Normal value,0,Units,0,Zero
DATAFLOW,OECD.ELS.JAI:DSD_TAXBEN_NRR@DF_NRR(1.0),Net replacement rates in unemployment,I,USA,United States,NHIDU,Net household income during unemployment,PT_INC_DISP_HH_BJL,Percentage of disposable household income before job loss,S_C0,"Single person, no children",Y4_6,4 and 6 years,AW100,100% of average wage,_Z,Not applicable,M39,39 months,YES,Yes,NO,No,A,Annual,2023,,7,,A,Normal value,0,Units,0,Zero
DATAFLOW,OECD.ELS.JAI:DSD_TAXBEN_NRR@DF_NRR(1.0),Net replacement rates in unemployment,I,USA,United States,NHIDU,Net household income during unemployment,PT_INC_DISP_HH_BJL,Percentage of disposable household income before job loss,S_C0,"Single person, no children",Y4_6,4 and 6 years,AW100,100% of average wage,_Z,Not applicable,M31,31 months,YES,Yes,NO,No,A,Annual,2023,,7,,A,Normal value,0,Units,0,Zero
DATAFLOW,OECD.ELS.JAI:DSD_TAXBEN_NRR@DF_NRR(1.0),Net replacement rates in unemployment,I,USA,United States,NHIDU,Net household income during unemployment,PT_INC_DISP_HH_BJL,Percentage of disposable household income before job loss,S_C0,"Single person, no children",Y4_6,4 and 6 years,AW100,100% of average wage,_Z,Not applicable,M15,15 months,YES,Yes,NO,No,A,Annual,2023,,7,,A,Normal value,0,Units,0,Zero
DATAFLOW,OECD.ELS.JAI:DSD_TAXBEN_NRR@DF_NRR(1.0),Net replacement rates in unemployment,I,USA,United States,NHIDU,Net household income during unemployment,PT_INC_DISP_HH_BJL,Percentage of disposable household income before job loss,S_C0,"Single person, no children",Y4_6,4 and 6 years,AW100,100% of average wage,_Z,Not applicable,M7,7 months,YES,Yes,NO,No,A,Annual,2023,,7,,A,Normal value,0,Units,0,Zero
DATAFLOW,OECD.ELS.JAI:DSD_TAXBEN_NRR@DF_NRR(1.0),Net replacement rates in unemployment,I,USA,United States,NHIDU,Net household income during unemployment,PT_INC_DISP_HH_BJL,Percentage of disposable household income before job loss,S_C0,"Single person, no children",Y4_6,4 and 6 years,AW100,100% of average wage,_Z,Not applicable,M11,11 months,YES,Yes,NO,No,A,Annual,2023,,7,,A,Normal value,0,Units,0,Zero
DATAFLOW,OECD.ELS.JAI:DSD_TAXBEN_NRR@DF_NRR(1.0),Net replacement rates in unemployment,I,USA,United States,NHIDU,Net household income during unemployment,PT_INC_DISP_HH_BJL,Percentage of disposable household income before job loss,S_C0,"Single person, no children",Y4_6,4 and 6 years,AW100,100% of average wage,_Z,Not applicable,M60,60 months,YES,Yes,NO,No,A,Annual,2023,,7,,A,Normal value,0,Units,0,Zero
DATAFLOW,OECD.ELS.JAI:DSD_TAXBEN_NRR@DF_NRR(1.0),Net replacement rates in unemployment,I,USA,United States,NHIDU,Net household income during unemployment,PT_INC_DISP_HH_BJL,Percentage of disposable household income before job loss,S_C0,"Single person, no children",Y4_6,4 and 6 years,AW100,100% of average wage,_Z,Not applicable,M18,18 months,YES,Yes,NO,No,A,Annual,2023,,7,,A,Normal value,0,Units,0,Zero
DATAFLOW,OECD.ELS.JAI:DSD_TAXBEN_NRR@DF_NRR(1.0),Net replacement rates in unemployment,I,USA,United States,NHIDU,Net household income during unemployment,PT_INC_DISP_HH_BJL,Percentage of disposable household income before job loss,S_C0,"Single person, no children",Y4_6,4 and 6 years,AW100,100% of average wage,_Z,Not applicable,M28,28 months,YES,Yes,NO,No,A,Annual,2023,,7,,A,Normal value,0,Units,0,Zero
DATAFLOW,OECD.ELS.JAI:DSD_TAXBEN_NRR@DF_NRR(1.0),Net replacement rates in unemployment,I,USA,United States,NHIDU,Net household income during unemployment,PT_INC_DISP_HH_BJL,Percentage of disposable household income before job loss,S_C0,"Single person, no children",Y4_6,4 and 6 years,AW100,100% of average wage,_Z,Not applicable,M42,42 months,YES,Yes,NO,No,A,Annual,2023,,7,,A,Normal value,0,Units,0,Zero
DATAFLOW,OECD.ELS.JAI:DSD_TAXBEN_NRR@DF_NRR(1.0),Net replacement rates in unemployment,I,USA,United States,NHIDU,Net household income during unemployment,PT_INC_DISP_HH_BJL,Percentage of disposable household income before job loss,S_C0,"Single person, no children",Y4_6,4 and 6 years,AW100,100% of average wage,_Z,Not applicable,M8,8 months,YES,Yes,NO,No,A,Annual,2023,,7,,A,Normal value,0,Units,0,Zero
DATAFLOW,OECD.ELS.JAI:DSD_TAXBEN_NRR@DF_NRR(1.0),Net replacement rates in unemployment,I,USA,United States,NHIDU,Net household income during unemployment,PT_INC_DISP_HH_BJL,Percentage of disposable household income before job loss,S_C0,"Single person, no children",Y4_6,4 and 6 years,AW100,100% of average wage,_Z,Not applicable,M32,32 months,NO,No,NO,No,A,Annual,2023,,0,,A,Normal value,0,Units,0,Zero
DATAFLOW,OECD.ELS.JAI:DSD_TAXBEN_NRR@DF_NRR(1.0),Net replacement rates in unemployment,I,USA,United States,NHIDU,Net household income during unemployment,PT_INC_DISP_HH_BJL,Percentage of disposable household income before job loss,S_C0,"Single person, no children",Y4_6,4 and 6 years,AW100,100% of average wage,_Z,Not applicable,M31,31 months,NO,No,NO,No,A,Annual,2023,,0,,A,Normal value,0,Units,0,Zero
DATAFLOW,OECD.ELS.JAI:DSD_TAXBEN_NRR@DF_NRR(1.0),Net replacement rates in unemployment,I,USA,United States,NHIDU,Net household income during unemployment,PT_INC_DISP_HH_BJL,Percentage of disposable household income before job loss,S_C0,"Single person, no children",Y4_6,4 and 6 years,AW100,100% of average wage,_Z,Not applicable,M18,18 months,NO,No,NO,No,A,Annual,2023,,0,,A,Normal value,0,Units,0,Zero
DATAFLOW,OECD.ELS.JAI:DSD_TAXBEN_NRR@DF_NRR(1.0),Net replacement rates in unemployment,I,USA,United States,NHIDU,Net household income during unemployment,PT_INC_DISP_HH_BJL,Percentage of disposable household income before job loss,S_C0,"Single person, no children",Y4_6,4 and 6 years,AW100,100% of average wage,_Z,Not applicable,M28,28 months,NO,No,NO,No,A,Annual,2023,,0,,A,Normal value,0,Units,0,Zero
DATAFLOW,OECD.ELS.JAI:DSD_TAXBEN_NRR@DF_NRR(1.0),Net replacement rates in unemployment,I,USA,United States,NHIDU,Net household income during unemployment,PT_INC_DISP_HH_BJL,Percentage of disposable household income before job loss,S_C0,"Single person, no children",Y4_6,4 and 6 years,AW100,100% of average wage,_Z,Not applicable,M46,46 months,NO,No,NO,No,A,Annual,2023,,0,,A,Normal value,0,Units,0,Zero
DATAFLOW,OECD.ELS.JAI:DSD_TAXBEN_NRR@DF_NRR(1.0),Net replacement rates in unemployment,I,USA,United States,NHIDU,Net household income during unemployment,PT_INC_DISP_HH_BJL,Percentage of disposable household income before job loss,S_C0,"Single person, no children",Y4_6,4 and 6 years,AW100,100% of average wage,_Z,Not applicable,M37,37 months,NO,No,NO,No,A,Annual,2023,,0,,A,Normal value,0,Units,0,Zero
DATAFLOW,OECD.ELS.JAI:DSD_TAXBEN_NRR@DF_NRR(1.0),Net replacement rates in unemployment,I,USA,United States,NHIDU,Net household income during unemployment,PT_INC_DISP_HH_BJL,Percentage of disposable household income before job loss,S_C0,"Single person, no children",Y4_6,4 and 6 years,AW100,100% of average wage,_Z,Not applicable,M45,45 months,NO,No,NO,No,A,Annual,2023,,0,,A,Normal value,0,Units,0,Zero
DATAFLOW,OECD.ELS.JAI:DSD_TAXBEN_NRR@DF_NRR(1.0),Net replacement rates in unemployment,I,USA,United States,NHIDU,Net household income during unemployment,PT_INC_DISP_HH_BJL,Percentage of disposable household income before job loss,S_C0,"Single person, no children",Y4_6,4 and 6 years,AW100,100% of average wage,_Z,Not applicable,M42,42 months,NO,No,NO,No,A,Annual,2023,,0,,A,Normal value,0,Units,0,Zero
DATAFLOW,OECD.ELS.JAI:DSD_TAXBEN_NRR@DF_NRR(1.0),Net replacement rates in unemployment,I,USA,United States,NHIDU,Net household income during unemployment,PT_INC_DISP_HH_BJL,Percentage of disposable household income before job loss,S_C0,"Single person, no children",Y4_6,4 and 6 years,AW100,100% of average wage,_Z,Not applicable,M49,49 months,NO,No,NO,No,A,Annual,2023,,0,,A,Normal value,0,Units,0,Zero
DATAFLOW,OECD.ELS.JAI:DSD_TAXBEN_NRR@DF_NRR(1.0),Net replacement rates in unemployment,I,USA,United States,NHIDU,Net household income during unemployment,PT_INC_DISP_HH_BJL,Percentage of disposable household income before job loss,S_C0,"Single person, no children",Y4_6,4 and 6 years,AW100,100% of average wage,_Z,Not applicable,M21,21 months,NO,No,NO,No,A,Annual,2023,,0,,A,Normal value,0,Units,0,Zero
DATAFLOW,OECD.ELS.JAI:DSD_TAXBEN_NRR@DF_NRR(1.0),Net replacement rates in unemployment,I,USA,United States,NHIDU,Net household income during unemployment,PT_INC_DISP_HH_BJL,Percentage of disposable household income before job loss,S_C0,"Single person, no children",Y4_6,4 and 6 years,AW100,100% of average wage,_Z,Not applicable,M29,29 months,NO,No,NO,No,A,Annual,2023,,0,,A,Normal value,0,Units,0,Zero
DATAFLOW,OECD.ELS.JAI:DSD_TAXBEN_NRR@DF_NRR(1.0),Net replacement rates in unemployment,I,USA,United States,NHIDU,Net household income during unemployment,PT_INC_DISP_HH_BJL,Percentage of disposable household income before job loss,S_C0,"Single person, no children",Y4_6,4 and 6 years,AW100,100% of average wage,_Z,Not applicable,M53,53 months,NO,No,NO,No,A,Annual,2023,,0,,A,Normal value,0,Units,0,Zero
DATAFLOW,OECD.ELS.JAI:DSD_TAXBEN_NRR@DF_NRR(1.0),Net replacement rates in unemployment,I,USA,United States,NHIDU,Net household income during unemployment,PT_INC_DISP_HH_BJL,Percentage of disposable household income before job loss,S_C0,"Single person, no children",Y4_6,4 and 6 years,AW100,100% of average wage,_Z,Not applicable,M34,34 months,NO,No,NO,No,A,Annual,2023,,0,,A,Normal value,0,Units,0,Zero
DATAFLOW,OECD.ELS.JAI:DSD_TAXBEN_NRR@DF_NRR(1.0),Net replacement rates in unemployment,I,USA,United States,NHIDU,Net household income during unemployment,PT_INC_DISP_HH_BJL,Percentage of disposable household income before job loss,S_C0,"Single person, no children",Y4_6,4 and 6 years,AW100,100% of average wage,_Z,Not applicable,M10,10 months,NO,No,NO,No,A,Annual,2023,,0,,A,Normal value,0,Units,0,Zero
DATAFLOW,OECD.ELS.JAI:DSD_TAXBEN_NRR@DF_NRR(1.0),Net replacement rates in unemployment,I,USA,United States,NHIDU,Net household income during unemployment,PT_INC_DISP_HH_BJL,Percentage of disposable household income before job loss,S_C0,"Single person, no children",Y4_6,4 and 6 years,AW100,100% of average wage,_Z,Not applicable,M39,39 months,NO,No,NO,No,A,Annual,2023,,0,,A,Normal value,0,Units,0,Zero
DATAFLOW,OECD.ELS.JAI:DSD_TAXBEN_NRR@DF_NRR(1.0),Net replacement rates in unemployment,I,USA,United States,NHIDU,Net household income during unemployment,PT_INC_DISP_HH_BJL,Percentage of disposable household income before job loss,S_C0,"Single person, no children",Y4_6,4 and 6 years,AW100,100% of average wage,_Z,Not applicable,M36,36 months,NO,No,NO,No,A,Annual,2023,,0,,A,Normal value,0,Units,0,Zero
DATAFLOW,OECD.ELS.JAI:DSD_TAXBEN_NRR@DF_NRR(1.0),Net replacement rates in unemployment,I,USA,United States,NHIDU,Net household income during unemployment,PT_INC_DISP_HH_BJL,Percentage of disposable household income before job loss,S_C0,"Single person, no children",Y4_6,4 and 6 years,AW100,100% of average wage,_Z,Not applicable,M25,25 months,NO,No,NO,No,A,Annual,2023,,0,,A,Normal value,0,Units,0,Zero
DATAFLOW,OECD.ELS.JAI:DSD_TAXBEN_NRR@DF_NRR(1.0),Net replacement rates in unemployment,I,USA,United States,NHIDU,Net household income during unemployment,PT_INC_DISP_HH_BJL,Percentage of disposable household income before job loss,S_C0,"Single person, no children",Y4_6,4 and 6 years,AW100,100% of average wage,_Z,Not applicable,M27,27 months,NO,No,NO,No,A,Annual,2023,,0,,A,Normal value,0,Units,0,Zero
DATAFLOW,OECD.ELS.JAI:DSD_TAXBEN_NRR@DF_NRR(1.0),Net replacement rates in unemployment,I,USA,United States,NHIDU,Net household income during unemployment,PT_INC_DISP_HH_BJL,Percentage of disposable household income before job loss,S_C0,"Single person, no children",Y4_6,4 and 6 years,AW100,100% of average wage,_Z,Not applicable,M60,60 months,NO,No,NO,No,A,Annual,2023,,0,,A,Normal value,0,Units,0,Zero
DATAFLOW,OECD.ELS.JAI:DSD_TAXBEN_NRR@DF_NRR(1.0),Net replacement rates in unemployment,I,USA,United States,NHIDU,Net household income during unemployment,PT_INC_DISP_HH_BJL,Percentage of disposable household income before job loss,S_C0,"Single person, no children",Y4_6,4 and 6 years,AW100,100% of average wage,_Z,Not applicable,M59,59 months,NO,No,NO,No,A,Annual,2023,,0,,A,Normal value,0,Units,0,Zero
DATAFLOW,OECD.ELS.JAI:DSD_TAXBEN_NRR@DF_NRR(1.0),Net replacement rates in unemployment,I,USA,United States,NHIDU,Net household income during unemployment,PT_INC_DISP_HH_BJL,Percentage of disposable household income before job loss,S_C0,"Single person, no children",Y4_6,4 and 6 years,AW100,100% of average wage,_Z,Not applicable,M33,33 months,NO,No,NO,No,A,Annual,2023,,0,,A,Normal value,0,Units,0,Zero
DATAFLOW,OECD.ELS.JAI:DSD_TAXBEN_NRR@DF_NRR(1.0),Net replacement rates in unemployment,I,USA,United States,NHIDU,Net household income during unemployment,PT_INC_DISP_HH_BJL,Percentage of disposable household income before job loss,S_C0,"Single person, no children",Y4_6,4 and 6 years,AW100,100% of average wage,_Z,Not applicable,M54,54 months,NO,No,NO,No,A,Annual,2023,,0,,A,Normal value,0,Units,0,Zero
DATAFLOW,OECD.ELS.JAI:DSD_TAXBEN_NRR@DF_NRR(1.0),Net replacement rates in unemployment,I,USA,United States,NHIDU,Net household income during unemployment,PT_INC_DISP_HH_BJL,Percentage of disposable household income before job loss,S_C0,"Single person, no children",Y4_6,4 and 6 years,AW100,100% of average wage,_Z,Not applicable,M9,9 months,NO,No,NO,No,A,Annual,2023,,0,,A,Normal value,0,Units,0,Zero
DATAFLOW,OECD.ELS.JAI:DSD_TAXBEN_NRR@DF_NRR(1.0),Net replacement rates in unemployment,I,USA,United States,NHIDU,Net household income during unemployment,PT_INC_DISP_HH_BJL,Percentage of disposable household income before job loss,S_C0,"Single person, no children",Y4_6,4 and 6 years,AW100,100% of average wage,_Z,Not applicable,M58,58 months,NO,No,NO,No,A,Annual,2023,,0,,A,Normal value,0,Units,0,Zero
DATAFLOW,OECD.ELS.JAI:DSD_TAXBEN_NRR@DF_NRR(1.0),Net replacement rates in unemployment,I,USA,United States,NHIDU,Net household income during unemployment,PT_INC_DISP_HH_BJL,Percentage of disposable household income before job loss,S_C0,"Single person, no children",Y4_6,4 and 6 years,AW100,100% of average wage,_Z,Not applicable,M41,41 months,NO,No,NO,No,A,Annual,2023,,0,,A,Normal value,0,Units,0,Zero
DATAFLOW,OECD.ELS.JAI:DSD_TAXBEN_NRR@DF_NRR(1.0),Net replacement rates in unemployment,I,USA,United States,NHIDU,Net household income during unemployment,PT_INC_DISP_HH_BJL,Percentage of disposable household income before job loss,S_C0,"Single person, no children",Y4_6,4 and 6 years,AW100,100% of average wage,_Z,Not applicable,M20,20 months,NO,No,NO,No,A,Annual,2023,,0,,A,Normal value,0,Units,0,Zero
DATAFLOW,OECD.ELS.JAI:DSD_TAXBEN_NRR@DF_NRR(1.0),Net replacement rates in unemployment,I,USA,United States,NHIDU,Net household income during unemployment,PT_INC_DISP_HH_BJL,Percentage of disposable household income before job loss,S_C0,"Single person, no children",Y4_6,4 and 6 years,AW100,100% of average wage,_Z,Not applicable,M51,51 months,NO,No,NO,No,A,Annual,2023,,0,,A,Normal value,0,Units,0,Zero
DATAFLOW,OECD.ELS.JAI:DSD_TAXBEN_NRR@DF_NRR(1.0),Net replacement rates in unemployment,I,USA,United States,NHIDU,Net household income during unemployment,PT_INC_DISP_HH_BJL,Percentage of disposable household income before job loss,S_C0,"Single person, no children",Y4_6,4 and 6 years,AW100,100% of average wage,_Z,Not applicable,M12,12 months,NO,No,NO,No,A,Annual,2023,,0,,A,Normal value,0,Units,0,Zero
DATAFLOW,OECD.ELS.JAI:DSD_TAXBEN_NRR@DF_NRR(1.0),Net replacement rates in unemployment,I,USA,United States,NHIDU,Net household income during unemployment,PT_INC_DISP_HH_BJL,Percentage of disposable household income before job loss,S_C0,"Single person, no children",Y4_6,4 and 6 years,AW100,100% of average wage,_Z,Not applicable,M13,13 months,NO,No,NO,No,A,Annual,2023,,0,,A,Normal value,0,Units,0,Zero
DATAFLOW,OECD.ELS.JAI:DSD_TAXBEN_NRR@DF_NRR(1.0),Net replacement rates in unemployment,I,USA,United States,NHIDU,Net household income during unemployment,PT_INC_DISP_HH_BJL,Percentage of disposable household income before job loss,S_C0,"Single person, no children",Y4_6,4 and 6 years,AW100,100% of average wage,_Z,Not applicable,M16,16 months,NO,No,NO,No,A,Annual,2023,,0,,A,Normal value,0,Units,0,Zero
DATAFLOW,OECD.ELS.JAI:DSD_TAXBEN_NRR@DF_NRR(1.0),Net replacement rates in unemployment,I,USA,United States,NHIDU,Net household income during unemployment,PT_INC_DISP_HH_BJL,Percentage of disposable household income before job loss,S_C0,"Single person, no children",Y4_6,4 and 6 years,AW100,100% of average wage,_Z,Not applicable,M22,22 months,NO,No,NO,No,A,Annual,2023,,0,,A,Normal value,0,Units,0,Zero
DATAFLOW,OECD.ELS.JAI:DSD_TAXBEN_NRR@DF_NRR(1.0),Net replacement rates in unemployment,I,USA,United States,NHIDU,Net household income during unemployment,PT_INC_DISP_HH_BJL,Percentage of disposable household income before job loss,S_C0,"Single person, no children",Y4_6,4 and 6 years,AW100,100% of average wage,_Z,Not applicable,M55,55 months,NO,No,NO,No,A,Annual,2023,,0,,A,Normal value,0,Units,0,Zero
DATAFLOW,OECD.ELS.JAI:DSD_TAXBEN_NRR@DF_NRR(1.0),Net replacement rates in unemployment,I,FRA,France,NHIDU,Net household income during unemployment,PT_INC_DISP_HH_BJL,Percentage of disposable household income before job loss,S_C0,"Single person, no children",Y4_6,4 and 6 years,AW100,100% of average wage,_Z,Not applicable,M55,55 months,YES,Yes,NO,No,A,Annual,2023,,23,,A,Normal value,0,Units,0,Zero
DATAFLOW,OECD.ELS.JAI:DSD_TAXBEN_NRR@DF_NRR(1.0),Net replacement rates in unemployment,I,FRA,France,NHIDU,Net household income during unemployment,PT_INC_DISP_HH_BJL,Percentage of disposable household income before job loss,S_C0,"Single person, no children",Y4_6,4 and 6 years,AW100,100% of average wage,_Z,Not applicable,M52,52 months,YES,Yes,NO,No,A,Annual,2023,,23,,A,Normal value,0,Units,0,Zero
DATAFLOW,OECD.ELS.JAI:DSD_TAXBEN_NRR@DF_NRR(1.0),Net replacement rates in unemployment,I,FRA,France,NHIDU,Net household income during unemployment,PT_INC_DISP_HH_BJL,Percentage of disposable household income before job loss,S_C0,"Single person, no children",Y4_6,4 and 6 years,AW100,100% of average wage,_Z,Not applicable,M25,25 months,YES,Yes,NO,No,A,Annual,2023,,23,,A,Normal value,0,Units,0,Zero
DATAFLOW,OECD.ELS.JAI:DSD_TAXBEN_NRR@DF_NRR(1.0),Net replacement rates in unemployment,I,FRA,France,NHIDU,Net household income during unemployment,PT_INC_DISP_HH_BJL,Percentage of disposable household income before job loss,S_C0,"Single person, no children",Y4_6,4 and 6 years,AW100,100% of average wage,_Z,Not applicable,M33,33 months,YES,Yes,NO,No,A,Annual,2023,,23,,A,Normal value,0,Units,0,Zero
DATAFLOW,OECD.ELS.JAI:DSD_TAXBEN_NRR@DF_NRR(1.0),Net replacement rates in unemployment,I,FRA,France,NHIDU,Net household income during unemployment,PT_INC_DISP_HH_BJL,Percentage of disposable household income before job loss,S_C0,"Single person, no children",Y4_6,4 and 6 years,AW100,100% of average wage,_Z,Not applicable,M48,48 months,YES,Yes,NO,No,A,Annual,2023,,23,,A,Normal value,0,Units,0,Zero
DATAFLOW,OECD.ELS.JAI:DSD_TAXBEN_NRR@DF_NRR(1.0),Net replacement rates in unemployment,I,FRA,France,NHIDU,Net household income during unemployment,PT_INC_DISP_HH_BJL,Percentage of disposable household income before job loss,S_C0,"Single person, no children",Y4_6,4 and 6 years,AW100,100% of average wage,_Z,Not applicable,M50,50 months,YES,Yes,NO,No,A,Annual,2023,,23,,A,Normal value,0,Units,0,Zero
DATAFLOW,OECD.ELS.JAI:DSD_TAXBEN_NRR@DF_NRR(1.0),Net replacement rates in unemployment,I,FRA,France,NHIDU,Net household income during unemployment,PT_INC_DISP_HH_BJL,Percentage of disposable household income before job loss,S_C0,"Single person, no children",Y4_6,4 and 6 years,AW100,100% of average wage,_Z,Not applicable,M59,59 months,YES,Yes,NO,No,A,Annual,2023,,23,,A,Normal value,0,Units,0,Zero
DATAFLOW,OECD.ELS.JAI:DSD_TAXBEN_NRR@DF_NRR(1.0),Net replacement rates in unemployment,I,FRA,France,NHIDU,Net household income during unemployment,PT_INC_DISP_HH_BJL,Percentage of disposable household income before job loss,S_C0,"Single person, no children",Y4_6,4 and 6 years,AW100,100% of average wage,_Z,Not applicable,M24,24 months,YES,Yes,NO,No,A,Annual,2023,,68,,A,Normal value,0,Units,0,Zero
DATAFLOW,OECD.ELS.JAI:DSD_TAXBEN_NRR@DF_NRR(1.0),Net replacement rates in unemployment,I,FRA,France,NHIDU,Net household income during unemployment,PT_INC_DISP_HH_BJL,Percentage of disposable household income before job loss,S_C0,"Single person, no children",Y4_6,4 and 6 years,AW100,100% of average wage,_Z,Not applicable,M17,17 months,YES,Yes,NO,No,A,Annual,2023,,68,,A,Normal value,0,Units,0,Zero
DATAFLOW,OECD.ELS.JAI:DSD_TAXBEN_NRR@DF_NRR(1.0),Net replacement rates in unemployment,I,FRA,France,NHIDU,Net household income during unemployment,PT_INC_DISP_HH_BJL,Percentage of disposable household income before job loss,S_C0,"Single person, no children",Y4_6,4 and 6 years,AW100,100% of average wage,_Z,Not applicable,M22,22 months,NO,No,NO,No,A,Annual,2023,,68,,A,Normal value,0,Units,0,Zero
DATAFLOW,OECD.ELS.JAI:DSD_TAXBEN_NRR@DF_NRR(1.0),Net replacement rates in unemployment,I,FRA,France,NHIDU,Net household income during unemployment,PT_INC_DISP_HH_BJL,Percentage of disposable household income before job loss,S_C0,"Single person, no children",Y4_6,4 and 6 years,AW100,100% of average wage,_Z,Not applicable,M15,15 months,NO,No,NO,No,A,Annual,2023,,68,,A,Normal value,0,Units,0,Zero
DATAFLOW,OECD.ELS.JAI:DSD_TAXBEN_NRR@DF_NRR(1.0),Net replacement rates in unemployment,I,FRA,France,NHIDU,Net household income during unemployment,PT_INC_DISP_HH_BJL,Percentage of disposable household income before job loss,S_C0,"Single person, no children",Y4_6,4 and 6 years,AW100,100% of average wage,_Z,Not applicable,M12,12 months,NO,No,NO,No,A,Annual,2023,,68,,A,Normal value,0,Units,0,Zero
DATAFLOW,OECD.ELS.JAI:DSD_TAXBEN_NRR@DF_NRR(1.0),Net replacement rates in unemployment,I,FRA,France,NHIDU,Net household income during unemployment,PT_INC_DISP_HH_BJL,Percentage of disposable household income before job loss,S_C0,"Single person, no children",Y4_6,4 and 6 years,AW100,100% of average wage,_Z,Not applicable,M39,39 months,NO,No,NO,No,A,Annual,2023,,21,,A,Normal value,0,Units,0,Zero
DATAFLOW,OECD.ELS.JAI:DSD_TAXBEN_NRR@DF_NRR(1.0),Net replacement rates in unemployment,I,FRA,France,NHIDU,Net household income during unemployment,PT_INC_DISP_HH_BJL,Percentage of disposable household income before job loss,S_C0,"Single person, no children",Y4_6,4 and 6 years,AW100,100% of average wage,_Z,Not applicable,M29,29 months,NO,No,NO,No,A,Annual,2023,,21,,A,Normal value,0,Units,0,Zero
DATAFLOW,OECD.ELS.JAI:DSD_TAXBEN_NRR@DF_NRR(1.0),Net replacement rates in unemployment,I,FRA,France,NHIDU,Net household income during unemployment,PT_INC_DISP_HH_BJL,Percentage of disposable household income before job loss,S_C0,"Single person, no children",Y4_6,4 and 6 years,AW100,100% of average wage,_Z,Not applicable,M53,53 months,NO,No,NO,No,A,Annual,2023,,21,,A,Normal value,0,Units,0,Zero
DATAFLOW,OECD.ELS.JAI:DSD_TAXBEN_NRR@DF_NRR(1.0),Net replacement rates in unemployment,I,FRA,France,NHIDU,Net household income during unemployment,PT_INC_DISP_HH_BJL,Percentage of disposable household income before job loss,S_C0,"Single person, no children",Y4_6,4 and 6 years,AW100,100% of average wage,_Z,Not applicable,M33,33 months,NO,No,NO,No,A,Annual,2023,,21,,A,Normal value,0,Units,0,Zero
DATAFLOW,OECD.ELS.JAI:DSD_TAXBEN_NRR@DF_NRR(1.0),Net replacement rates in unemployment,I,FRA,France,NHIDU,Net household income during unemployment,PT_INC_DISP_HH_BJL,Percentage of disposable household income before job loss,S_C0,"Single person, no children",Y4_6,4 and 6 years,AW100,100% of average wage,_Z,Not applicable,M50,50 months,NO,No,NO,No,A,Annual,2023,,21,,A,Normal value,0,Units,0,Zero
DATAFLOW,OECD.ELS.JAI:DSD_TAXBEN_NRR@DF_NRR(1.0),Net replacement rates in unemployment,I,FRA,France,NHIDU,Net household income during unemployment,PT_INC_DISP_HH_BJL,Percentage of disposable household income before job loss,S_C0,"Single person, no children",Y4_6,4 and 6 years,AW100,100% of average wage,_Z,Not applicable,M36,36 months,NO,No,NO,No,A,Annual,2023,,21,,A,Normal value,0,Units,0,Zero
DATAFLOW,OECD.ELS.JAI:DSD_TAXBEN_NRR@DF_NRR(1.0),Net replacement rates in unemployment,I,FRA,France,NHIDU,Net household income during unemployment,PT_INC_DISP_HH_BJL,Percentage of disposable household income before job loss,S_C0,"Single person, no children",Y4_6,4 and 6 years,AW100,100% of average wage,_Z,Not applicable,M31,31 months,NO,No,NO,No,A,Annual,2023,,21,,A,Normal value,0,Units,0,Zero
DATAFLOW,OECD.ELS.JAI:DSD_TAXBEN_NRR@DF_NRR(1.0),Net replacement rates in unemployment,I,FRA,France,NHIDU,Net household income during unemployment,PT_INC_DISP_HH_BJL,Percentage of disposable household income before job loss,S_C0,"Single person, no children",Y4_6,4 and 6 years,AW100,100% of average wage,_Z,Not applicable,M4,4 months,NO,No,NO,No,A,Annual,2023,,68,,A,Normal value,0,Units,0,Zero
DATAFLOW,OECD.ELS.JAI:DSD_TAXBEN_NRR@DF_NRR(1.0),Net replacement rates in unemployment,I,FRA,France,NHIDU,Net household income during unemployment,PT_INC_DISP_HH_BJL,Percentage of disposable household income before job loss,S_C0,"Single person, no children",Y4_6,4 and 6 years,AW100,100% of average wage,_Z,Not applicable,M9,9 months,NO,No,NO,No,A,Annual,2023,,68,,A,Normal value,0,Units,0,Zero
DATAFLOW,OECD.ELS.JAI:DSD_TAXBEN_NRR@DF_NRR(1.0),Net replacement rates in unemployment,I,FRA,France,NHIDU,Net household income during unemployment,PT_INC_DISP_HH_BJL,Percentage of disposable household income before job loss,S_C0,"Single person, no children",Y4_6,4 and 6 years,AW100,100% of average wage,_Z,Not applicable,M5,5 months,NO,No,NO,No,A,Annual,2023,,68,,A,Normal value,0,Units,0,Zero
DATAFLOW,OECD.ELS.JAI:DSD_TAXBEN_NRR@DF_NRR(1.0),Net replacement rates in unemployment,I,FRA,France,NHIDU,Net household income during unemployment,PT_INC_DISP_HH_BJL,Percentage of disposable household income before job loss,S_C0,"Single person, no children",Y4_6,4 and 6 years,AW100,100% of average wage,_Z,Not applicable,M8,8 months,NO,No,NO,No,A,Annual,2023,,68,,A,Normal value,0,Units,0,Zero
DATAFLOW,OECD.ELS.JAI:DSD_TAXBEN_NRR@DF_NRR(1.0),Net replacement rates in unemployment,I,FRA,France,NHIDU,Net household income during unemployment,PT_INC_DISP_HH_BJL,Percentage of disposable household income before job loss,S_C0,"Single person, no children",Y4_6,4 and 6 years,AW100,100% of average wage,_Z,Not applicable,M24,24 months,NO,No,NO,No,A,Annual,2023,,68,,A,Normal value,0,Units,0,Zero
DATAFLOW,OECD.ELS.JAI:DSD_TAXBEN_NRR@DF_NRR(1.0),Net replacement rates in unemployment,I,FRA,France,NHIDU,Net household income during unemployment,PT_INC_DISP_HH_BJL,Percentage of disposable household income before job loss,S_C0,"Single person, no children",Y4_6,4 and 6 years,AW100,100% of average wage,_Z,Not applicable,M13,13 months,NO,No,NO,No,A,Annual,2023,,68,,A,Normal value,0,Units,0,Zero
DATAFLOW,OECD.ELS.JAI:DSD_TAXBEN_NRR@DF_NRR(1.0),Net replacement rates in unemployment,I,FRA,France,NHIDU,Net household income during unemployment,PT_INC_DISP_HH_BJL,Percentage of disposable household income before job loss,S_C0,"Single person, no children",Y4_6,4 and 6 years,AW100,100% of average wage,_Z,Not applicable,M20,20 months,NO,No,NO,No,A,Annual,2023,,68,,A,Normal value,0,Units,0,Zero
DATAFLOW,OECD.ELS.JAI:DSD_TAXBEN_NRR@DF_NRR(1.0),Net replacement rates in unemployment,I,FRA,France,NHIDU,Net household income during unemployment,PT_INC_DISP_HH_BJL,Percentage of disposable household income before job loss,S_C0,"Single person, no children",Y4_6,4 and 6 years,AW100,100% of average wage,_Z,Not applicable,M17,17 months,NO,No,NO,No,A,Annual,2023,,68,,A,Normal value,0,Units,0,Zero
DATAFLOW,OECD.ELS.JAI:DSD_TAXBEN_NRR@DF_NRR(1.0),Net replacement rates in unemployment,I,FRA,France,NHIDU,Net household income during unemployment,PT_INC_DISP_HH_BJL,Percentage of disposable household income before job loss,S_C0,"Single person, no children",Y4_6,4 and 6 years,AW100,100% of average wage,_Z,Not applicable,M23,23 months,NO,No,NO,No,A,Annual,2023,,68,,A,Normal value,0,Units,0,Zero
DATAFLOW,OECD.ELS.JAI:DSD_TAXBEN_NRR@DF_NRR(1.0),Net replacement rates in unemployment,I,FRA,France,NHIDU,Net household income during unemployment,PT_INC_DISP_HH_BJL,Percentage of disposable household income before job loss,S_C0,"Single person, no children",Y4_6,4 and 6 years,AW100,100% of average wage,_Z,Not applicable,M3,3 months,NO,No,NO,No,A,Annual,2023,,68,,A,Normal value,0,Units,0,Zero
DATAFLOW,OECD.ELS.JAI:DSD_TAXBEN_NRR@DF_NRR(1.0),Net replacement rates in unemployment,I,FRA,France,NHIDU,Net household income during unemployment,PT_INC_DISP_HH_BJL,Percentage of disposable household income before job loss,S_C0,"Single person, no children",Y4_6,4 and 6 years,AW100,100% of average wage,_Z,Not applicable,M21,21 months,NO,No,NO,No,A,Annual,2023,,68,,A,Normal value,0,Units,0,Zero
DATAFLOW,OECD.ELS.JAI:DSD_TAXBEN_NRR@DF_NRR(1.0),Net replacement rates in unemployment,I,FRA,France,NHIDU,Net household income during unemployment,PT_INC_DISP_HH_BJL,Percentage of disposable household income before job loss,S_C0,"Single person, no children",Y4_6,4 and 6 years,AW100,100% of average wage,_Z,Not applicable,M7,7 months,NO,No,NO,No,A,Annual,2023,,68,,A,Normal value,0,Units,0,Zero
DATAFLOW,OECD.ELS.JAI:DSD_TAXBEN_NRR@DF_NRR(1.0),Net replacement rates in unemployment,I,FRA,France,NHIDU,Net household income during unemployment,PT_INC_DISP_HH_BJL,Percentage of disposable household income before job loss,S_C0,"Single person, no children",Y4_6,4 and 6 years,AW100,100% of average wage,_Z,Not applicable,M6,6 months,NO,No,NO,No,A,Annual,2023,,68,,A,Normal value,0,Units,0,Zero
DATAFLOW,OECD.ELS.JAI:DSD_TAXBEN_NRR@DF_NRR(1.0),Net replacement rates in unemployment,I,FRA,France,NHIDU,Net household income during unemployment,PT_INC_DISP_HH_BJL,Percentage of disposable household income before job loss,S_C0,"Single person, no children",Y4_6,4 and 6 years,AW100,100% of average wage,_Z,Not applicable,M14,14 months,NO,No,NO,No,A,Annual,2023,,68,,A,Normal value,0,Units,0,Zero
DATAFLOW,OECD.ELS.JAI:DSD_TAXBEN_NRR@DF_NRR(1.0),Net replacement rates in unemployment,I,FRA,France,NHIDU,Net household income during unemployment,PT_INC_DISP_HH_BJL,Percentage of disposable household income before job loss,S_C0,"Single person, no children",Y4_6,4 and 6 years,AW100,100% of average wage,_Z,Not applicable,M16,16 months,NO,No,NO,No,A,Annual,2023,,68,,A,Normal value,0,Units,0,Zero
DATAFLOW,OECD.ELS.JAI:DSD_TAXBEN_NRR@DF_NRR(1.0),Net replacement rates in unemployment,I,FRA,France,NHIDU,Net household income during unemployment,PT_INC_DISP_HH_BJL,Percentage of disposable household income before job loss,S_C0,"Single person, no children",Y4_6,4 and 6 years,AW100,100% of average wage,_Z,Not applicable,M1,1 month,NO,No,NO,No,A,Annual,2023,,68,,A,Normal value,0,Units,0,Zero
DATAFLOW,OECD.ELS.JAI:DSD_TAXBEN_NRR@DF_NRR(1.0),Net replacement rates in unemployment,I,FRA,France,NHIDU,Net household income during unemployment,PT_INC_DISP_HH_BJL,Percentage of disposable household income before job loss,S_C0,"Single person, no children",Y4_6,4 and 6 years,AW100,100% of average wage,_Z,Not applicable,M2,2 months,NO,No,NO,No,A,Annual,2023,,68,,A,Normal value,0,Units,0,Zero
DATAFLOW,OECD.ELS.JAI:DSD_TAXBEN_NRR@DF_NRR(1.0),Net replacement rates in unemployment,I,FRA,France,NHIDU,Net household income during unemployment,PT_INC_DISP_HH_BJL,Percentage of disposable household income before job loss,S_C0,"Single person, no children",Y4_6,4 and 6 years,AW100,100% of average wage,_Z,Not applicable,M11,11 months,NO,No,NO,No,A,Annual,2023,,68,,A,Normal value,0,Units,0,Zero
DATAFLOW,OECD.ELS.JAI:DSD_TAXBEN_NRR@DF_NRR(1.0),Net replacement rates in unemployment,I,FRA,France,NHIDU,Net household income during unemployment,PT_INC_DISP_HH_BJL,Percentage of disposable household income before job loss,S_C0,"Single person, no children",Y4_6,4 and 6 years,AW100,100% of average wage,_Z,Not applicable,M18,18 months,NO,No,NO,No,A,Annual,2023,,68,,A,Normal value,0,Units,0,Zero
DATAFLOW,OECD.ELS.JAI:DSD_TAXBEN_NRR@DF_NRR(1.0),Net replacement rates in unemployment,I,FRA,France,NHIDU,Net household income during unemployment,PT_INC_DISP_HH_BJL,Percentage of disposable household income before job loss,S_C0,"Single person, no children",Y4_6,4 and 6 years,AW100,100% of average wage,_Z,Not applicable,M19,19 months,NO,No,NO,No,A,Annual,2023,,68,,A,Normal value,0,Units,0,Zero
DATAFLOW,OECD.ELS.JAI:DSD_TAXBEN_NRR@DF_NRR(1.0),Net replacement rates in unemployment,I,FRA,France,NHIDU,Net household income during unemployment,PT_INC_DISP_HH_BJL,Percentage of disposable household income before job loss,S_C0,"Single person, no children",Y4_6,4 and 6 years,AW100,100% of average wage,_Z,Not applicable,M10,10 months,NO,No,NO,No,A,Annual,2023,,68,,A,Normal value,0,Units,0,Zero
DATAFLOW,OECD.ELS.JAI:DSD_TAXBEN_NRR@DF_NRR(1.0),Net replacement rates in unemployment,I,FRA,France,NHIDU,Net household income during unemployment,PT_INC_DISP_HH_BJL,Percentage of disposable household income before job loss,S_C0,"Single person, no children",Y4_6,4 and 6 years,AW100,100% of average wage,_Z,Not applicable,M25,25 months,NO,No,NO,No,A,Annual,2023,,21,,A,Normal value,0,Units,0,Zero
DATAFLOW,OECD.ELS.JAI:DSD_TAXBEN_NRR@DF_NRR(1.0),Net replacement rates in unemployment,I,FRA,France,NHIDU,Net household income during unemployment,PT_INC_DISP_HH_BJL,Percentage of disposable household income before job loss,S_C0,"Single person, no children",Y4_6,4 and 6 years,AW100,100% of average wage,_Z,Not applicable,M54,54 months,NO,No,NO,No,A,Annual,2023,,21,,A,Normal value,0,Units,0,Zero
DATAFLOW,OECD.ELS.JAI:DSD_TAXBEN_NRR@DF_NRR(1.0),Net replacement rates in unemployment,I,FRA,France,NHIDU,Net household income during unemployment,PT_INC_DISP_HH_BJL,Percentage of disposable household income before job loss,S_C0,"Single person, no children",Y4_6,4 and 6 years,AW100,100% of average wage,_Z,Not applicable,M58,58 months,NO,No,NO,No,A,Annual,2023,,21,,A,Normal value,0,Units,0,Zero
DATAFLOW,OECD.ELS.JAI:DSD_TAXBEN_NRR@DF_NRR(1.0),Net replacement rates in unemployment,I,FRA,France,NHIDU,Net household income during unemployment,PT_INC_DISP_HH_BJL,Percentage of disposable household income before job loss,S_C0,"Single person, no children",Y4_6,4 and 6 years,AW100,100% of average wage,_Z,Not applicable,M60,60 months,NO,No,NO,No,A,Annual,2023,,21,,A,Normal value,0,Units,0,Zero
DATAFLOW,OECD.ELS.JAI:DSD_TAXBEN_NRR@DF_NRR(1.0),Net replacement rates in unemployment,I,FRA,France,NHIDU,Net household income during unemployment,PT_INC_DISP_HH_BJL,Percentage of disposable household income before job loss,S_C0,"Single person, no children",Y4_6,4 and 6 years,AW100,100% of average wage,_Z,Not applicable,M26,26 months,NO,No,NO,No,A,Annual,2023,,21,,A,Normal value,0,Units,0,Zero
DATAFLOW,OECD.ELS.JAI:DSD_TAXBEN_NRR@DF_NRR(1.0),Net replacement rates in unemployment,I,FRA,France,NHIDU,Net household income during unemployment,PT_INC_DISP_HH_BJL,Percentage of disposable household income before job loss,S_C0,"Single person, no children",Y4_6,4 and 6 years,AW100,100% of average wage,_Z,Not applicable,M45,45 months,NO,No,NO,No,A,Annual,2023,,21,,A,Normal value,0,Units,0,Zero
DATAFLOW,OECD.ELS.JAI:DSD_TAXBEN_NRR@DF_NRR(1.0),Net replacement rates in unemployment,I,FRA,France,NHIDU,Net household income during unemployment,PT_INC_DISP_HH_BJL,Percentage of disposable household income before job loss,S_C0,"Single person, no children",Y4_6,4 and 6 years,AW100,100% of average wage,_Z,Not applicable,M34,34 months,NO,No,NO,No,A,Annual,2023,,21,,A,Normal value,0,Units,0,Zero
DATAFLOW,OECD.ELS.JAI:DSD_TAXBEN_NRR@DF_NRR(1.0),Net replacement rates in unemployment,I,FRA,France,NHIDU,Net household income during unemployment,PT_INC_DISP_HH_BJL,Percentage of disposable household income before job loss,S_C0,"Single person, no children",Y4_6,4 and 6 years,AW100,100% of average wage,_Z,Not applicable,M41,41 months,NO,No,NO,No,A,Annual,2023,,21,,A,Normal value,0,Units,0,Zero
DATAFLOW,OECD.ELS.JAI:DSD_TAXBEN_NRR@DF_NRR(1.0),Net replacement rates in unemployment,I,FRA,France,NHIDU,Net household income during unemployment,PT_INC_DISP_HH_BJL,Percentage of disposable household income before job loss,S_C0,"Single person, no children",Y4_6,4 and 6 years,AW100,100% of average wage,_Z,Not applicable,M48,48 months,NO,No,NO,No,A,Annual,2023,,21,,A,Normal value,0,Units,0,Zero
DATAFLOW,OECD.ELS.JAI:DSD_TAXBEN_NRR@DF_NRR(1.0),Net replacement rates in unemployment,I,FRA,France,NHIDU,Net household income during unemployment,PT_INC_DISP_HH_BJL,Percentage of disposable household income before job loss,S_C0,"Single person, no children",Y4_6,4 and 6 years,AW100,100% of average wage,_Z,Not applicable,M37,37 months,NO,No,NO,No,A,Annual,2023,,21,,A,Normal value,0,Units,0,Zero
DATAFLOW,OECD.ELS.JAI:DSD_TAXBEN_NRR@DF_NRR(1.0),Net replacement rates in unemployment,I,FRA,France,NHIDU,Net household income during unemployment,PT_INC_DISP_HH_BJL,Percentage of disposable household income before job loss,S_C0,"Single person, no children",Y4_6,4 and 6 years,AW100,100% of average wage,_Z,Not applicable,M38,38 months,NO,No,NO,No,A,Annual,2023,,21,,A,Normal value,0,Units,0,Zero
DATAFLOW,OECD.ELS.JAI:DSD_TAXBEN_NRR@DF_NRR(1.0),Net replacement rates in unemployment,I,FRA,France,NHIDU,Net household income during unemployment,PT_INC_DISP_HH_BJL,Percentage of disposable household income before job loss,S_C0,"Single person, no children",Y4_6,4 and 6 years,AW100,100% of average wage,_Z,Not applicable,M49,49 months,NO,No,NO,No,A,Annual,2023,,21,,A,Normal value,0,Units,0,Zero
DATAFLOW,OECD.ELS.JAI:DSD_TAXBEN_NRR@DF_NRR(1.0),Net replacement rates in unemployment,I,FRA,France,NHIDU,Net household income during unemployment,PT_INC_DISP_HH_BJL,Percentage of disposable household income before job loss,S_C0,"Single person, no children",Y4_6,4 and 6 years,AW100,100% of average wage,_Z,Not applicable,M52,52 months,NO,No,NO,No,A,Annual,2023,,21,,A,Normal value,0,Units,0,Zero
DATAFLOW,OECD.ELS.JAI:DSD_TAXBEN_NRR@DF_NRR(1.0),Net replacement rates in unemployment,I,FRA,France,NHIDU,Net household income during unemployment,PT_INC_DISP_HH_BJL,Percentage of disposable household income before job loss,S_C0,"Single person, no children",Y4_6,4 and 6 years,AW100,100% of average wage,_Z,Not applicable,M56,56 months,NO,No,NO,No,A,Annual,2023,,21,,A,Normal value,0,Units,0,Zero
DATAFLOW,OECD.ELS.JAI:DSD_TAXBEN_NRR@DF_NRR(1.0),Net replacement rates in unemployment,I,FRA,France,NHIDU,Net household income during unemployment,PT_INC_DISP_HH_BJL,Percentage of disposable household income before job loss,S_C0,"Single person, no children",Y4_6,4 and 6 years,AW100,100% of average wage,_Z,Not applicable,M30,30 months,NO,No,NO,No,A,Annual,2023,,21,,A,Normal value,0,Units,0,Zero
DATAFLOW,OECD.ELS.JAI:DSD_TAXBEN_NRR@DF_NRR(1.0),Net replacement rates in unemployment,I,FRA,France,NHIDU,Net household income during unemployment,PT_INC_DISP_HH_BJL,Percentage of disposable household income before job loss,S_C0,"Single person, no children",Y4_6,4 and 6 years,AW100,100% of average wage,_Z,Not applicable,M46,46 months,NO,No,NO,No,A,Annual,2023,,21,,A,Normal value,0,Units,0,Zero
DATAFLOW,OECD.ELS.JAI:DSD_TAXBEN_NRR@DF_NRR(1.0),Net replacement rates in unemployment,I,FRA,France,NHIDU,Net household income during unemployment,PT_INC_DISP_HH_BJL,Percentage of disposable household income before job loss,S_C0,"Single person, no children",Y4_6,4 and 6 years,AW100,100% of average wage,_Z,Not applicable,M32,32 months,NO,No,NO,No,A,Annual,2023,,21,,A,Normal value,0,Units,0,Zero
DATAFLOW,OECD.ELS.JAI:DSD_TAXBEN_NRR@DF_NRR(1.0),Net replacement rates in unemployment,I,FRA,France,NHIDU,Net household income during unemployment,PT_INC_DISP_HH_BJL,Percentage of disposable household income before job loss,S_C0,"Single person, no children",Y4_6,4 and 6 years,AW100,100% of average wage,_Z,Not applicable,M47,47 months,NO,No,NO,No,A,Annual,2023,,21,,A,Normal value,0,Units,0,Zero
DATAFLOW,OECD.ELS.JAI:DSD_TAXBEN_NRR@DF_NRR(1.0),Net replacement rates in unemployment,I,FRA,France,NHIDU,Net household income during unemployment,PT_INC_DISP_HH_BJL,Percentage of disposable household income before job loss,S_C0,"Single person, no children",Y4_6,4 and 6 years,AW100,100% of average wage,_Z,Not applicable,M40,40 months,NO,No,NO,No,A,Annual,2023,,21,,A,Normal value,0,Units,0,Zero
DATAFLOW,OECD.ELS.JAI:DSD_TAXBEN_NRR@DF_NRR(1.0),Net replacement rates in unemployment,I,FRA,France,NHIDU,Net household income during unemployment,PT_INC_DISP_HH_BJL,Percentage of disposable household income before job loss,S_C0,"Single person, no children",Y4_6,4 and 6 years,AW100,100% of average wage,_Z,Not applicable,M57,57 months,NO,No,NO,No,A,Annual,2023,,21,,A,Normal value,0,Units,0,Zero
DATAFLOW,OECD.ELS.JAI:DSD_TAXBEN_NRR@DF_NRR(1.0),Net replacement rates in unemployment,I,FRA,France,NHIDU,Net household income during unemployment,PT_INC_DISP_HH_BJL,Percentage of disposable household income before job loss,S_C0,"Single person, no children",Y4_6,4 and 6 years,AW100,100% of average wage,_Z,Not applicable,M55,55 months,NO,No,NO,No,A,Annual,2023,,21,,A,Normal value,0,Units,0,Zero
DATAFLOW,OECD.ELS.JAI:DSD_TAXBEN_NRR@DF_NRR(1.0),Net replacement rates in unemployment,I,FRA,France,NHIDU,Net household income during unemployment,PT_INC_DISP_HH_BJL,Percentage of disposable household income before job loss,S_C0,"Single person, no children",Y4_6,4 and 6 years,AW100,100% of average wage,_Z,Not applicable,M42,42 months,NO,No,NO,No,A,Annual,2023,,21,,A,Normal value,0,Units,0,Zero
DATAFLOW,OECD.ELS.JAI:DSD_TAXBEN_NRR@DF_NRR(1.0),Net replacement rates in unemployment,I,FRA,France,NHIDU,Net household income during unemployment,PT_INC_DISP_HH_BJL,Percentage of disposable household income before job loss,S_C0,"Single person, no children",Y4_6,4 and 6 years,AW100,100% of average wage,_Z,Not applicable,M59,59 months,NO,No,NO,No,A,Annual,2023,,21,,A,Normal value,0,Units,0,Zero
DATAFLOW,OECD.ELS.JAI:DSD_TAXBEN_NRR@DF_NRR(1.0),Net replacement rates in unemployment,I,FRA,France,NHIDU,Net household income during unemployment,PT_INC_DISP_HH_BJL,Percentage of disposable household income before job loss,S_C0,"Single person, no children",Y4_6,4 and 6 years,AW100,100% of average wage,_Z,Not applicable,M35,35 months,NO,No,NO,No,A,Annual,2023,,21,,A,Normal value,0,Units,0,Zero
DATAFLOW,OECD.ELS.JAI:DSD_TAXBEN_NRR@DF_NRR(1.0),Net replacement rates in unemployment,I,FRA,France,NHIDU,Net household income during unemployment,PT_INC_DISP_HH_BJL,Percentage of disposable household income before job loss,S_C0,"Single person, no children",Y4_6,4 and 6 years,AW100,100% of average wage,_Z,Not applicable,M51,51 months,NO,No,NO,No,A,Annual,2023,,21,,A,Normal value,0,Units,0,Zero
DATAFLOW,OECD.ELS.JAI:DSD_TAXBEN_NRR@DF_NRR(1.0),Net replacement rates in unemployment,I,FRA,France,NHIDU,Net household income during unemployment,PT_INC_DISP_HH_BJL,Percentage of disposable household income before job loss,S_C0,"Single person, no children",Y4_6,4 and 6 years,AW100,100% of average wage,_Z,Not applicable,M28,28 months,NO,No,NO,No,A,Annual,2023,,21,,A,Normal value,0,Units,0,Zero
DATAFLOW,OECD.ELS.JAI:DSD_TAXBEN_NRR@DF_NRR(1.0),Net replacement rates in unemployment,I,FRA,France,NHIDU,Net household income during unemployment,PT_INC_DISP_HH_BJL,Percentage of disposable household income before job loss,S_C0,"Single person, no children",Y4_6,4 and 6 years,AW100,100% of average wage,_Z,Not applicable,M43,43 months,NO,No,NO,No,A,Annual,2023,,21,,A,Normal value,0,Units,0,Zero
DATAFLOW,OECD.ELS.JAI:DSD_TAXBEN_NRR@DF_NRR(1.0),Net replacement rates in unemployment,I,FRA,France,NHIDU,Net household income during unemployment,PT_INC_DISP_HH_BJL,Percentage of disposable household income before job loss,S_C0,"Single person, no children",Y4_6,4 and 6 years,AW100,100% of average wage,_Z,Not applicable,M44,44 months,NO,No,NO,No,A,Annual,2023,,21,,A,Normal value,0,Units,0,Zero
DATAFLOW,OECD.ELS.JAI:DSD_TAXBEN_NRR@DF_NRR(1.0),Net replacement rates in unemployment,I,FRA,France,NHIDU,Net household income during unemployment,PT_INC_DISP_HH_BJL,Percentage of disposable household income before job loss,S_C0,"Single person, no children",Y4_6,4 and 6 years,AW100,100% of average wage,_Z,Not applicable,M27,27 months,NO,No,NO,No,A,Annual,2023,,21,,A,Normal value,0,Units,0,Zero
DATAFLOW,OECD.ELS.JAI:DSD_TAXBEN_NRR@DF_NRR(1.0),Net replacement rates in unemployment,I,DEU,Germany,NHIDU,Net household income during unemployment,PT_INC_DISP_HH_BJL,Percentage of disposable household income before job loss,S_C0,"Single person, no children",Y4_6,4 and 6 years,AW100,100% of average wage,_Z,Not applicable,M24,24 months,NO,No,NO,No,A,Annual,2023,,16,,A,Normal value,0,Units,0,Zero
DATAFLOW,OECD.ELS.JAI:DSD_TAXBEN_NRR@DF_NRR(1.0),Net replacement rates in unemployment,I,DEU,Germany,NHIDU,Net household income during unemployment,PT_INC_DISP_HH_BJL,Percentage of disposable household income before job loss,S_C0,"Single person, no children",Y4_6,4 and 6 years,AW100,100% of average wage,_Z,Not applicable,M42,42 months,NO,No,NO,No,A,Annual,2023,,16,,A,Normal value,0,Units,0,Zero
DATAFLOW,OECD.ELS.JAI:DSD_TAXBEN_NRR@DF_NRR(1.0),Net replacement rates in unemployment,I,DEU,Germany,NHIDU,Net household income during unemployment,PT_INC_DISP_HH_BJL,Percentage of disposable household income before job loss,S_C0,"Single person, no children",Y4_6,4 and 6 years,AW100,100% of average wage,_Z,Not applicable,M49,49 months,NO,No,NO,No,A,Annual,2023,,16,,A,Normal value,0,Units,0,Zero
DATAFLOW,OECD.ELS.JAI:DSD_TAXBEN_NRR@DF_NRR(1.0),Net replacement rates in unemployment,I,DEU,Germany,NHIDU,Net household income during unemployment,PT_INC_DISP_HH_BJL,Percentage of disposable household income before job loss,S_C0,"Single person, no children",Y4_6,4 and 6 years,AW100,100% of average wage,_Z,Not applicable,M45,45 months,NO,No,NO,No,A,Annual,2023,,16,,A,Normal value,0,Units,0,Zero
DATAFLOW,OECD.ELS.JAI:DSD_TAXBEN_NRR@DF_NRR(1.0),Net replacement rates in unemployment,I,DEU,Germany,NHIDU,Net household income during unemployment,PT_INC_DISP_HH_BJL,Percentage of disposable household income before job loss,S_C0,"Single person, no children",Y4_6,4 and 6 years,AW100,100% of average wage,_Z,Not applicable,M3,3 months,NO,No,NO,No,A,Annual,2023,,59,,A,Normal value,0,Units,0,Zero
DATAFLOW,OECD.ELS.JAI:DSD_TAXBEN_NRR@DF_NRR(1.0),Net replacement rates in unemployment,I,DEU,Germany,NHIDU,Net household income during unemployment,PT_INC_DISP_HH_BJL,Percentage of disposable household income before job loss,S_C0,"Single person, no children",Y4_6,4 and 6 years,AW100,100% of average wage,_Z,Not applicable,M21,21 months,NO,No,NO,No,A,Annual,2023,,16,,A,Normal value,0,Units,0,Zero
DATAFLOW,OECD.ELS.JAI:DSD_TAXBEN_NRR@DF_NRR(1.0),Net replacement rates in unemployment,I,DEU,Germany,NHIDU,Net household income during unemployment,PT_INC_DISP_HH_BJL,Percentage of disposable household income before job loss,S_C0,"Single person, no children",Y4_6,4 and 6 years,AW100,100% of average wage,_Z,Not applicable,M14,14 months,NO,No,NO,No,A,Annual,2023,,16,,A,Normal value,0,Units,0,Zero
DATAFLOW,OECD.ELS.JAI:DSD_TAXBEN_NRR@DF_NRR(1.0),Net replacement rates in unemployment,I,DEU,Germany,NHIDU,Net household income during unemployment,PT_INC_DISP_HH_BJL,Percentage of disposable household income before job loss,S_C0,"Single person, no children",Y4_6,4 and 6 years,AW100,100% of average wage,_Z,Not applicable,M55,55 months,NO,No,NO,No,A,Annual,2023,,16,,A,Normal value,0,Units,0,Zero
DATAFLOW,OECD.ELS.JAI:DSD_TAXBEN_NRR@DF_NRR(1.0),Net replacement rates in unemployment,I,DEU,Germany,NHIDU,Net household income during unemployment,PT_INC_DISP_HH_BJL,Percentage of disposable household income before job loss,S_C0,"Single person, no children",Y4_6,4 and 6 years,AW100,100% of average wage,_Z,Not applicable,M58,58 months,NO,No,NO,No,A,Annual,2023,,16,,A,Normal value,0,Units,0,Zero
DATAFLOW,OECD.ELS.JAI:DSD_TAXBEN_NRR@DF_NRR(1.0),Net replacement rates in unemployment,I,DEU,Germany,NHIDU,Net household income during unemployment,PT_INC_DISP_HH_BJL,Percentage of disposable household income before job loss,S_C0,"Single person, no children",Y4_6,4 and 6 years,AW100,100% of average wage,_Z,Not applicable,M41,41 months,NO,No,NO,No,A,Annual,2023,,16,,A,Normal value,0,Units,0,Zero
DATAFLOW,OECD.ELS.JAI:DSD_TAXBEN_NRR@DF_NRR(1.0),Net replacement rates in unemployment,I,DEU,Germany,NHIDU,Net household income during unemployment,PT_INC_DISP_HH_BJL,Percentage of disposable household income before job loss,S_C0,"Single person, no children",Y4_6,4 and 6 years,AW100,100% of average wage,_Z,Not applicable,M52,52 months,NO,No,NO,No,A,Annual,2023,,16,,A,Normal value,0,Units,0,Zero
DATAFLOW,OECD.ELS.JAI:DSD_TAXBEN_NRR@DF_NRR(1.0),Net replacement rates in unemployment,I,DEU,Germany,NHIDU,Net household income during unemployment,PT_INC_DISP_HH_BJL,Percentage of disposable household income before job loss,S_C0,"Single person, no children",Y4_6,4 and 6 years,AW100,100% of average wage,_Z,Not applicable,M36,36 months,NO,No,NO,No,A,Annual,2023,,16,,A,Normal value,0,Units,0,Zero
DATAFLOW,OECD.ELS.JAI:DSD_TAXBEN_NRR@DF_NRR(1.0),Net replacement rates in unemployment,I,DEU,Germany,NHIDU,Net household income during unemployment,PT_INC_DISP_HH_BJL,Percentage of disposable household income before job loss,S_C0,"Single person, no children",Y4_6,4 and 6 years,AW100,100% of average wage,_Z,Not applicable,M10,10 months,NO,No,NO,No,A,Annual,2023,,59,,A,Normal value,0,Units,0,Zero
DATAFLOW,OECD.ELS.JAI:DSD_TAXBEN_NRR@DF_NRR(1.0),Net replacement rates in unemployment,I,DEU,Germany,NHIDU,Net household income during unemployment,PT_INC_DISP_HH_BJL,Percentage of disposable household income before job loss,S_C0,"Single person, no children",Y4_6,4 and 6 years,AW100,100% of average wage,_Z,Not applicable,M31,31 months,NO,No,NO,No,A,Annual,2023,,16,,A,Normal value,0,Units,0,Zero
DATAFLOW,OECD.ELS.JAI:DSD_TAXBEN_NRR@DF_NRR(1.0),Net replacement rates in unemployment,I,DEU,Germany,NHIDU,Net household income during unemployment,PT_INC_DISP_HH_BJL,Percentage of disposable household income before job loss,S_C0,"Single person, no children",Y4_6,4 and 6 years,AW100,100% of average wage,_Z,Not applicable,M44,44 months,NO,No,NO,No,A,Annual,2023,,16,,A,Normal value,0,Units,0,Zero
DATAFLOW,OECD.ELS.JAI:DSD_TAXBEN_NRR@DF_NRR(1.0),Net replacement rates in unemployment,I,DEU,Germany,NHIDU,Net household income during unemployment,PT_INC_DISP_HH_BJL,Percentage of disposable household income before job loss,S_C0,"Single person, no children",Y4_6,4 and 6 years,AW100,100% of average wage,_Z,Not applicable,M34,34 months,NO,No,NO,No,A,Annual,2023,,16,,A,Normal value,0,Units,0,Zero
DATAFLOW,OECD.ELS.JAI:DSD_TAXBEN_NRR@DF_NRR(1.0),Net replacement rates in unemployment,I,DEU,Germany,NHIDU,Net household income during unemployment,PT_INC_DISP_HH_BJL,Percentage of disposable household income before job loss,S_C0,"Single person, no children",Y4_6,4 and 6 years,AW100,100% of average wage,_Z,Not applicable,M38,38 months,NO,No,NO,No,A,Annual,2023,,16,,A,Normal value,0,Units,0,Zero
DATAFLOW,OECD.ELS.JAI:DSD_TAXBEN_NRR@DF_NRR(1.0),Net replacement rates in unemployment,I,ITA,Italy,NHIDU,Net household income during unemployment,PT_INC_DISP_HH_BJL,Percentage of disposable household income before job loss,S_C0,"Single person, no children",Y4_6,4 and 6 years,AW100,100% of average wage,_Z,Not applicable,M12,12 months,NO,No,NO,No,A,Annual,2023,,55,,A,Normal value,0,Units,0,Zero
DATAFLOW,OECD.ELS.JAI:DSD_TAXBEN_NRR@DF_NRR(1.0),Net replacement rates in unemployment,I,ITA,Italy,NHIDU,Net household income during unemployment,PT_INC_DISP_HH_BJL,Percentage of disposable household income before job loss,S_C0,"Single person, no children",Y4_6,4 and 6 years,AW100,100% of average wage,_Z,Not applicable,M22,22 months,NO,No,NO,No,A,Annual,2023,,39,,A,Normal value,0,Units,0,Zero
DATAFLOW,OECD.ELS.JAI:DSD_TAXBEN_NRR@DF_NRR(1.0),Net replacement rates in unemployment,I,ITA,Italy,NHIDU,Net household income during unemployment,PT_INC_DISP_HH_BJL,Percentage of disposable household income before job loss,S_C0,"Single person, no children",Y4_6,4 and 6 years,AW100,100% of average wage,_Z,Not applicable,M7,7 months,NO,No,NO,No,A,Annual,2023,,60,,A,Normal value,0,Units,0,Zero
DATAFLOW,OECD.ELS.JAI:DSD_TAXBEN_NRR@DF_NRR(1.0),Net replacement rates in unemployment,I,ITA,Italy,NHIDU,Net household income during unemployment,PT_INC_DISP_HH_BJL,Percentage of disposable household income before job loss,S_C0,"Single person, no children",Y4_6,4 and 6 years,AW100,100% of average wage,_Z,Not applicable,M3,3 months,NO,No,NO,No,A,Annual,2023,,63,,A,Normal value,0,Units,0,Zero
DATAFLOW,OECD.ELS.JAI:DSD_TAXBEN_NRR@DF_NRR(1.0),Net replacement rates in unemployment,I,ITA,Italy,NHIDU,Net household income during unemployment,PT_INC_DISP_HH_BJL,Percentage of disposable household income before job loss,S_C0,"Single person, no children",Y4_6,4 and 6 years,AW100,100% of average wage,_Z,Not applicable,M18,18 months,NO,No,NO,No,A,Annual,2023,,45,,A,Normal value,0,Units,0,Zero
DATAFLOW,OECD.ELS.JAI:DSD_TAXBEN_NRR@DF_NRR(1.0),Net replacement rates in unemployment,I,ITA,Italy,NHIDU,Net household income during unemployment,PT_INC_DISP_HH_BJL,Percentage of disposable household income before job loss,S_C0,"Single person, no children",Y4_6,4 and 6 years,AW100,100% of average wage,_Z,Not applicable,M14,14 months,NO,No,NO,No,A,Annual,2023,,51,,A,Normal value,0,Units,0,Zero
DATAFLOW,OECD.ELS.JAI:DSD_TAXBEN_NRR@DF_NRR(1.0),Net replacement rates in unemployment,I,ITA,Italy,NHIDU,Net household income during unemployment,PT_INC_DISP_HH_BJL,Percentage of disposable household income before job loss,S_C0,"Single person, no children",Y4_6,4 and 6 years,AW100,100% of average wage,_Z,Not applicable,M13,13 months,NO,No,NO,No,A,Annual,2023,,53,,A,Normal value,0,Units,0,Zero
DATAFLOW,OECD.ELS.JAI:DSD_TAXBEN_NRR@DF_NRR(1.0),Net replacement rates in unemployment,I,ITA,Italy,NHIDU,Net household income during unemployment,PT_INC_DISP_HH_BJL,Percentage of disposable household income before job loss,S_C0,"Single person, no children",Y4_6,4 and 6 years,AW100,100% of average wage,_Z,Not applicable,M11,11 months,NO,No,NO,No,A,Annual,2023,,54,,A,Normal value,0,Units,0,Zero
DATAFLOW,OECD.ELS.JAI:DSD_TAXBEN_NRR@DF_NRR(1.0),Net replacement rates in unemployment,I,ITA,Italy,NHIDU,Net household income during unemployment,PT_INC_DISP_HH_BJL,Percentage of disposable household income before job loss,S_C0,"Single person, no children",Y4_6,4 and 6 years,AW100,100% of average wage,_Z,Not applicable,M20,20 months,NO,No,NO,No,A,Annual,2023,,42,,A,Normal value,0,Units,0,Zero
DATAFLOW,OECD.ELS.JAI:DSD_TAXBEN_NRR@DF_NRR(1.0),Net replacement rates in unemployment,I,ITA,Italy,NHIDU,Net household income during unemployment,PT_INC_DISP_HH_BJL,Percentage of disposable household income before job loss,S_C0,"Single person, no children",Y4_6,4 and 6 years,AW100,100% of average wage,_Z,Not applicable,M19,19 months,NO,No,NO,No,A,Annual,2023,,43,,A,Normal value,0,Units,0,Zero
DATAFLOW,OECD.ELS.JAI:DSD_TAXBEN_NRR@DF_NRR(1.0),Net replacement rates in unemployment,I,ITA,Italy,NHIDU,Net household income during unemployment,PT_INC_DISP_HH_BJL,Percentage of disposable household income before job loss,S_C0,"Single person, no children",Y4_6,4 and 6 years,AW100,100% of average wage,_Z,Not applicable,M2,2 months,NO,No,NO,No,A,Annual,2023,,63,,A,Normal value,0,Units,0,Zero
DATAFLOW,OECD.ELS.JAI:DSD_TAXBEN_NRR@DF_NRR(1.0),Net replacement rates in unemployment,I,ITA,Italy,NHIDU,Net household income during unemployment,PT_INC_DISP_HH_BJL,Percentage of disposable household income before job loss,S_C0,"Single person, no children",Y4_6,4 and 6 years,AW100,100% of average wage,_Z,Not applicable,M16,16 months,NO,No,NO,No,A,Annual,2023,,48,,A,Normal value,0,Units,0,Zero
DATAFLOW,OECD.ELS.JAI:DSD_TAXBEN_NRR@DF_NRR(1.0),Net replacement rates in unemployment,I,ITA,Italy,NHIDU,Net household income during unemployment,PT_INC_DISP_HH_BJL,Percentage of disposable household income before job loss,S_C0,"Single person, no children",Y4_6,4 and 6 years,AW100,100% of average wage,_Z,Not applicable,M9,9 months,NO,No,NO,No,A,Annual,2023,,56,,A,Normal value,0,Units,0,Zero
DATAFLOW,OECD.ELS.JAI:DSD_TAXBEN_NRR@DF_NRR(1.0),Net replacement rates in unemployment,I,ITA,Italy,NHIDU,Net household income during unemployment,PT_INC_DISP_HH_BJL,Percentage of disposable household income before job loss,S_C0,"Single person, no children",Y4_6,4 and 6 years,AW100,100% of average wage,_Z,Not applicable,M23,23 months,NO,No,NO,No,A,Annual,2023,,32,,A,Normal value,0,Units,0,Zero
DATAFLOW,OECD.ELS.JAI:DSD_TAXBEN_NRR@DF_NRR(1.0),Net replacement rates in unemployment,I,ITA,Italy,NHIDU,Net household income during unemployment,PT_INC_DISP_HH_BJL,Percentage of disposable household income before job loss,S_C0,"Single person, no children",Y4_6,4 and 6 years,AW100,100% of average wage,_Z,Not applicable,M15,15 months,NO,No,NO,No,A,Annual,2023,,50,,A,Normal value,0,Units,0,Zero
DATAFLOW,OECD.ELS.JAI:DSD_TAXBEN_NRR@DF_NRR(1.0),Net replacement rates in unemployment,I,ITA,Italy,NHIDU,Net household income during unemployment,PT_INC_DISP_HH_BJL,Percentage of disposable household income before job loss,S_C0,"Single person, no children",Y4_6,4 and 6 years,AW100,100% of average wage,_Z,Not applicable,M8,8 months,NO,No,NO,No,A,Annual,2023,,59,,A,Normal value,0,Units,0,Zero
DATAFLOW,OECD.ELS.JAI:DSD_TAXBEN_NRR@DF_NRR(1.0),Net replacement rates in unemployment,I,ITA,Italy,NHIDU,Net household income during unemployment,PT_INC_DISP_HH_BJL,Percentage of disposable household income before job loss,S_C0,"Single person, no children",Y4_6,4 and 6 years,AW100,100% of average wage,_Z,Not applicable,M1,1 month,NO,No,NO,No,A,Annual,2023,,63,,A,Normal value,0,Units,0,Zero
DATAFLOW,OECD.ELS.JAI:DSD_TAXBEN_NRR@DF_NRR(1.0),Net replacement rates in unemployment,I,ITA,Italy,NHIDU,Net household income during unemployment,PT_INC_DISP_HH_BJL,Percentage of disposable household income before job loss,S_C0,"Single person, no children",Y4_6,4 and 6 years,AW100,100% of average wage,_Z,Not applicable,M24,24 months,NO,No,NO,No,A,Annual,2023,,30,,A,Normal value,0,Units,0,Zero
DATAFLOW,OECD.ELS.JAI:DSD_TAXBEN_NRR@DF_NRR(1.0),Net replacement rates in unemployment,I,ITA,Italy,NHIDU,Net household income during unemployment,PT_INC_DISP_HH_BJL,Percentage of disposable household income before job loss,S_C0,"Single person, no children",Y4_6,4 and 6 years,AW100,100% of average wage,_Z,Not applicable,M10,10 months,NO,No,NO,No,A,Annual,2023,,55,,A,Normal value,0,Units,0,Zero
DATAFLOW,OECD.ELS.JAI:DSD_TAXBEN_NRR@DF_NRR(1.0),Net replacement rates in unemployment,I,ITA,Italy,NHIDU,Net household income during unemployment,PT_INC_DISP_HH_BJL,Percentage of disposable household income before job loss,S_C0,"Single person, no children",Y4_6,4 and 6 years,AW100,100% of average wage,_Z,Not applicable,M17,17 months,NO,No,NO,No,A,Annual,2023,,47,,A,Normal value,0,Units,0,Zero
DATAFLOW,OECD.ELS.JAI:DSD_TAXBEN_NRR@DF_NRR(1.0),Net replacement rates in unemployment,I,ITA,Italy,NHIDU,Net household income during unemployment,PT_INC_DISP_HH_BJL,Percentage of disposable household income before job loss,S_C0,"Single person, no children",Y4_6,4 and 6 years,AW100,100% of average wage,_Z,Not applicable,M6,6 months,NO,No,NO,No,A,Annual,2023,,62,,A,Normal value,0,Units,0,Zero
DATAFLOW,OECD.ELS.JAI:DSD_TAXBEN_NRR@DF_NRR(1.0),Net replacement rates in unemployment,I,ITA,Italy,NHIDU,Net household income during unemployment,PT_INC_DISP_HH_BJL,Percentage of disposable household income before job loss,S_C0,"Single person, no children",Y4_6,4 and 6 years,AW100,100% of average wage,_Z,Not applicable,M4,4 months,NO,No,NO,No,A,Annual,2023,,63,,A,Normal value,0,Units,0,Zero
DATAFLOW,OECD.ELS.JAI:DSD_TAXBEN_NRR@DF_NRR(1.0),Net replacement rates in unemployment,I,ITA,Italy,NHIDU,Net household income during unemployment,PT_INC_DISP_HH_BJL,Percentage of disposable household income before job loss,S_C0,"Single person, no children",Y4_6,4 and 6 years,AW100,100% of average wage,_Z,Not applicable,M21,21 months,NO,No,NO,No,A,Annual,2023,,40,,A,Normal value,0,Units,0,Zero
DATAFLOW,OECD.ELS.JAI:DSD_TAXBEN_NRR@DF_NRR(1.0),Net replacement rates in unemployment,I,ITA,Italy,NHIDU,Net household income during unemployment,PT_INC_DISP_HH_BJL,Percentage of disposable household income before job loss,S_C0,"Single person, no children",Y4_6,4 and 6 years,AW100,100% of average wage,_Z,Not applicable,M5,5 months,NO,No,NO,No,A,Annual,2023,,63,,A,Normal value,0,Units,0,Zero
DATAFLOW,OECD.ELS.JAI:DSD_TAXBEN_NRR@DF_NRR(1.0),Net replacement rates in unemployment,I,FRA,France,NHIDU,Net household income during unemployment,PT_INC_DISP_HH_BJL,Percentage of disposable household income before job loss,S_C0,"Single person, no children",Y4_6,4 and 6 years,AW100,100% of average wage,_Z,Not applicable,M47,47 months,YES,Yes,NO,No,A,Annual,2023,,23,,A,Normal value,0,Units,0,Zero
DATAFLOW,OECD.ELS.JAI:DSD_TAXBEN_NRR@DF_NRR(1.0),Net replacement rates in unemployment,I,FRA,France,NHIDU,Net household income during unemployment,PT_INC_DISP_HH_BJL,Percentage of disposable household income before job loss,S_C0,"Single person, no children",Y4_6,4 and 6 years,AW100,100% of average wage,_Z,Not applicable,M27,27 months,YES,Yes,NO,No,A,Annual,2023,,23,,A,Normal value,0,Units,0,Zero
DATAFLOW,OECD.ELS.JAI:DSD_TAXBEN_NRR@DF_NRR(1.0),Net replacement rates in unemployment,I,FRA,France,NHIDU,Net household income during unemployment,PT_INC_DISP_HH_BJL,Percentage of disposable household income before job loss,S_C0,"Single person, no children",Y4_6,4 and 6 years,AW100,100% of average wage,_Z,Not applicable,M44,44 months,YES,Yes,NO,No,A,Annual,2023,,23,,A,Normal value,0,Units,0,Zero
DATAFLOW,OECD.ELS.JAI:DSD_TAXBEN_NRR@DF_NRR(1.0),Net replacement rates in unemployment,I,FRA,France,NHIDU,Net household income during unemployment,PT_INC_DISP_HH_BJL,Percentage of disposable household income before job loss,S_C0,"Single person, no children",Y4_6,4 and 6 years,AW100,100% of average wage,_Z,Not applicable,M31,31 months,YES,Yes,NO,No,A,Annual,2023,,23,,A,Normal value,0,Units,0,Zero
DATAFLOW,OECD.ELS.JAI:DSD_TAXBEN_NRR@DF_NRR(1.0),Net replacement rates in unemployment,I,FRA,France,NHIDU,Net household income during unemployment,PT_INC_DISP_HH_BJL,Percentage of disposable household income before job loss,S_C0,"Single person, no children",Y4_6,4 and 6 years,AW100,100% of average wage,_Z,Not applicable,M34,34 months,YES,Yes,NO,No,A,Annual,2023,,23,,A,Normal value,0,Units,0,Zero
DATAFLOW,OECD.ELS.JAI:DSD_TAXBEN_NRR@DF_NRR(1.0),Net replacement rates in unemployment,I,FRA,France,NHIDU,Net household income during unemployment,PT_INC_DISP_HH_BJL,Percentage of disposable household income before job loss,S_C0,"Single person, no children",Y4_6,4 and 6 years,AW100,100% of average wage,_Z,Not applicable,M41,41 months,YES,Yes,NO,No,A,Annual,2023,,23,,A,Normal value,0,Units,0,Zero
DATAFLOW,OECD.ELS.JAI:DSD_TAXBEN_NRR@DF_NRR(1.0),Net replacement rates in unemployment,I,FRA,France,NHIDU,Net household income during unemployment,PT_INC_DISP_HH_BJL,Percentage of disposable household income before job loss,S_C0,"Single person, no children",Y4_6,4 and 6 years,AW100,100% of average wage,_Z,Not applicable,M36,36 months,YES,Yes,NO,No,A,Annual,2023,,23,,A,Normal value,0,Units,0,Zero
DATAFLOW,OECD.ELS.JAI:DSD_TAXBEN_NRR@DF_NRR(1.0),Net replacement rates in unemployment,I,FRA,France,NHIDU,Net household income during unemployment,PT_INC_DISP_HH_BJL,Percentage of disposable household income before job loss,S_C0,"Single person, no children",Y4_6,4 and 6 years,AW100,100% of average wage,_Z,Not applicable,M40,40 months,YES,Yes,NO,No,A,Annual,2023,,23,,A,Normal value,0,Units,0,Zero
DATAFLOW,OECD.ELS.JAI:DSD_TAXBEN_NRR@DF_NRR(1.0),Net replacement rates in unemployment,I,FRA,France,NHIDU,Net household income during unemployment,PT_INC_DISP_HH_BJL,Percentage of disposable household income before job loss,S_C0,"Single person, no children",Y4_6,4 and 6 years,AW100,100% of average wage,_Z,Not applicable,M60,60 months,YES,Yes,NO,No,A,Annual,2023,,23,,A,Normal value,0,Units,0,Zero
DATAFLOW,OECD.ELS.JAI:DSD_TAXBEN_NRR@DF_NRR(1.0),Net replacement rates in unemployment,I,FRA,France,NHIDU,Net household income during unemployment,PT_INC_DISP_HH_BJL,Percentage of disposable household income before job loss,S_C0,"Single person, no children",Y4_6,4 and 6 years,AW100,100% of average wage,_Z,Not applicable,M39,39 months,YES,Yes,NO,No,A,Annual,2023,,23,,A,Normal value,0,Units,0,Zero
DATAFLOW,OECD.ELS.JAI:DSD_TAXBEN_NRR@DF_NRR(1.0),Net replacement rates in unemployment,I,FRA,France,NHIDU,Net household income during unemployment,PT_INC_DISP_HH_BJL,Percentage of disposable household income before job loss,S_C0,"Single person, no children",Y4_6,4 and 6 years,AW100,100% of average wage,_Z,Not applicable,M57,57 months,YES,Yes,NO,No,A,Annual,2023,,23,,A,Normal value,0,Units,0,Zero
DATAFLOW,OECD.ELS.JAI:DSD_TAXBEN_NRR@DF_NRR(1.0),Net replacement rates in unemployment,I,FRA,France,NHIDU,Net household income during unemployment,PT_INC_DISP_HH_BJL,Percentage of disposable household income before job loss,S_C0,"Single person, no children",Y4_6,4 and 6 years,AW100,100% of average wage,_Z,Not applicable,M32,32 months,YES,Yes,NO,No,A,Annual,2023,,23,,A,Normal value,0,Units,0,Zero
DATAFLOW,OECD.ELS.JAI:DSD_TAXBEN_NRR@DF_NRR(1.0),Net replacement rates in unemployment,I,FRA,France,NHIDU,Net household income during unemployment,PT_INC_DISP_HH_BJL,Percentage of disposable household income before job loss,S_C0,"Single person, no children",Y4_6,4 and 6 years,AW100,100% of average wage,_Z,Not applicable,M43,43 months,YES,Yes,NO,No,A,Annual,2023,,23,,A,Normal value,0,Units,0,Zero
DATAFLOW,OECD.ELS.JAI:DSD_TAXBEN_NRR@DF_NRR(1.0),Net replacement rates in unemployment,I,FRA,France,NHIDU,Net household income during unemployment,PT_INC_DISP_HH_BJL,Percentage of disposable household income before job loss,S_C0,"Single person, no children",Y4_6,4 and 6 years,AW100,100% of average wage,_Z,Not applicable,M35,35 months,YES,Yes,NO,No,A,Annual,2023,,23,,A,Normal value,0,Units,0,Zero
DATAFLOW,OECD.ELS.JAI:DSD_TAXBEN_NRR@DF_NRR(1.0),Net replacement rates in unemployment,I,FRA,France,NHIDU,Net household income during unemployment,PT_INC_DISP_HH_BJL,Percentage of disposable household income before job loss,S_C0,"Single person, no children",Y4_6,4 and 6 years,AW100,100% of average wage,_Z,Not applicable,M53,53 months,YES,Yes,NO,No,A,Annual,2023,,23,,A,Normal value,0,Units,0,Zero
DATAFLOW,OECD.ELS.JAI:DSD_TAXBEN_NRR@DF_NRR(1.0),Net replacement rates in unemployment,I,FRA,France,NHIDU,Net household income during unemployment,PT_INC_DISP_HH_BJL,Percentage of disposable household income before job loss,S_C0,"Single person, no children",Y4_6,4 and 6 years,AW100,100% of average wage,_Z,Not applicable,M42,42 months,YES,Yes,NO,No,A,Annual,2023,,23,,A,Normal value,0,Units,0,Zero
DATAFLOW,OECD.ELS.JAI:DSD_TAXBEN_NRR@DF_NRR(1.0),Net replacement rates in unemployment,I,FRA,France,NHIDU,Net household income during unemployment,PT_INC_DISP_HH_BJL,Percentage of disposable household income before job loss,S_C0,"Single person, no children",Y4_6,4 and 6 years,AW100,100% of average wage,_Z,Not applicable,M26,26 months,YES,Yes,NO,No,A,Annual,2023,,23,,A,Normal value,0,Units,0,Zero
DATAFLOW,OECD.ELS.JAI:DSD_TAXBEN_NRR@DF_NRR(1.0),Net replacement rates in unemployment,I,FRA,France,NHIDU,Net household income during unemployment,PT_INC_DISP_HH_BJL,Percentage of disposable household income before job loss,S_C0,"Single person, no children",Y4_6,4 and 6 years,AW100,100% of average wage,_Z,Not applicable,M49,49 months,YES,Yes,NO,No,A,Annual,2023,,23,,A,Normal value,0,Units,0,Zero
DATAFLOW,OECD.ELS.JAI:DSD_TAXBEN_NRR@DF_NRR(1.0),Net replacement rates in unemployment,I,FRA,France,NHIDU,Net household income during unemployment,PT_INC_DISP_HH_BJL,Percentage of disposable household income before job loss,S_C0,"Single person, no children",Y4_6,4 and 6 years,AW100,100% of average wage,_Z,Not applicable,M58,58 months,YES,Yes,NO,No,A,Annual,2023,,23,,A,Normal value,0,Units,0,Zero
DATAFLOW,OECD.ELS.JAI:DSD_TAXBEN_NRR@DF_NRR(1.0),Net replacement rates in unemployment,I,FRA,France,NHIDU,Net household income during unemployment,PT_INC_DISP_HH_BJL,Percentage of disposable household income before job loss,S_C0,"Single person, no children",Y4_6,4 and 6 years,AW100,100% of average wage,_Z,Not applicable,M56,56 months,YES,Yes,NO,No,A,Annual,2023,,23,,A,Normal value,0,Units,0,Zero
DATAFLOW,OECD.ELS.JAI:DSD_TAXBEN_NRR@DF_NRR(1.0),Net replacement rates in unemployment,I,FRA,France,NHIDU,Net household income during unemployment,PT_INC_DISP_HH_BJL,Percentage of disposable household income before job loss,S_C0,"Single person, no children",Y4_6,4 and 6 years,AW100,100% of average wage,_Z,Not applicable,M51,51 months,YES,Yes,NO,No,A,Annual,2023,,23,,A,Normal value,0,Units,0,Zero
DATAFLOW,OECD.ELS.JAI:DSD_TAXBEN_NRR@DF_NRR(1.0),Net replacement rates in unemployment,I,FRA,France,NHIDU,Net household income during unemployment,PT_INC_DISP_HH_BJL,Percentage of disposable household income before job loss,S_C0,"Single person, no children",Y4_6,4 and 6 years,AW100,100% of average wage,_Z,Not applicable,M38,38 months,YES,Yes,NO,No,A,Annual,2023,,23,,A,Normal value,0,Units,0,Zero
DATAFLOW,OECD.ELS.JAI:DSD_TAXBEN_NRR@DF_NRR(1.0),Net replacement rates in unemployment,I,FRA,France,NHIDU,Net household income during unemployment,PT_INC_DISP_HH_BJL,Percentage of disposable household income before job loss,S_C0,"Single person, no children",Y4_6,4 and 6 years,AW100,100% of average wage,_Z,Not applicable,M54,54 months,YES,Yes,NO,No,A,Annual,2023,,23,,A,Normal value,0,Units,0,Zero
DATAFLOW,OECD.ELS.JAI:DSD_TAXBEN_NRR@DF_NRR(1.0),Net replacement rates in unemployment,I,FRA,France,NHIDU,Net household income during unemployment,PT_INC_DISP_HH_BJL,Percentage of disposable household income before job loss,S_C0,"Single person, no children",Y4_6,4 and 6 years,AW100,100% of average wage,_Z,Not applicable,M45,45 months,YES,Yes,NO,No,A,Annual,2023,,23,,A,Normal value,0,Units,0,Zero
DATAFLOW,OECD.ELS.JAI:DSD_TAXBEN_NRR@DF_NRR(1.0),Net replacement rates in unemployment,I,FRA,France,NHIDU,Net household income during unemployment,PT_INC_DISP_HH_BJL,Percentage of disposable household income before job loss,S_C0,"Single person, no children",Y4_6,4 and 6 years,AW100,100% of average wage,_Z,Not applicable,M28,28 months,YES,Yes,NO,No,A,Annual,2023,,23,,A,Normal value,0,Units,0,Zero
DATAFLOW,OECD.ELS.JAI:DSD_TAXBEN_NRR@DF_NRR(1.0),Net replacement rates in unemployment,I,FRA,France,NHIDU,Net household income during unemployment,PT_INC_DISP_HH_BJL,Percentage of disposable household income before job loss,S_C0,"Single person, no children",Y4_6,4 and 6 years,AW100,100% of average wage,_Z,Not applicable,M29,29 months,YES,Yes,NO,No,A,Annual,2023,,23,,A,Normal value,0,Units,0,Zero
DATAFLOW,OECD.ELS.JAI:DSD_TAXBEN_NRR@DF_NRR(1.0),Net replacement rates in unemployment,I,FRA,France,NHIDU,Net household income during unemployment,PT_INC_DISP_HH_BJL,Percentage of disposable household income before job loss,S_C0,"Single person, no children",Y4_6,4 and 6 years,AW100,100% of average wage,_Z,Not applicable,M30,30 months,YES,Yes,NO,No,A,Annual,2023,,23,,A,Normal value,0,Units,0,Zero
DATAFLOW,OECD.ELS.JAI:DSD_TAXBEN_NRR@DF_NRR(1.0),Net replacement rates in unemployment,I,FRA,France,NHIDU,Net household income during unemployment,PT_INC_DISP_HH_BJL,Percentage of disposable household income before job loss,S_C0,"Single person, no children",Y4_6,4 and 6 years,AW100,100% of average wage,_Z,Not applicable,M37,37 months,YES,Yes,NO,No,A,Annual,2023,,23,,A,Normal value,0,Units,0,Zero
DATAFLOW,OECD.ELS.JAI:DSD_TAXBEN_NRR@DF_NRR(1.0),Net replacement rates in unemployment,I,FRA,France,NHIDU,Net household income during unemployment,PT_INC_DISP_HH_BJL,Percentage of disposable household income before job loss,S_C0,"Single person, no children",Y4_6,4 and 6 years,AW100,100% of average wage,_Z,Not applicable,M46,46 months,YES,Yes,NO,No,A,Annual,2023,,23,,A,Normal value,0,Units,0,Zero
DATAFLOW,OECD.ELS.JAI:DSD_TAXBEN_NRR@DF_NRR(1.0),Net replacement rates in unemployment,I,FRA,France,NHIDU,Net household income during unemployment,PT_INC_DISP_HH_BJL,Percentage of disposable household income before job loss,S_C0,"Single person, no children",Y4_6,4 and 6 years,AW100,100% of average wage,_Z,Not applicable,M20,20 months,YES,Yes,NO,No,A,Annual,2023,,68,,A,Normal value,0,Units,0,Zero
DATAFLOW,OECD.ELS.JAI:DSD_TAXBEN_NRR@DF_NRR(1.0),Net replacement rates in unemployment,I,FRA,France,NHIDU,Net household income during unemployment,PT_INC_DISP_HH_BJL,Percentage of disposable household income before job loss,S_C0,"Single person, no children",Y4_6,4 and 6 years,AW100,100% of average wage,_Z,Not applicable,M3,3 months,YES,Yes,NO,No,A,Annual,2023,,68,,A,Normal value,0,Units,0,Zero
DATAFLOW,OECD.ELS.JAI:DSD_TAXBEN_NRR@DF_NRR(1.0),Net replacement rates in unemployment,I,FRA,France,NHIDU,Net household income during unemployment,PT_INC_DISP_HH_BJL,Percentage of disposable household income before job loss,S_C0,"Single person, no children",Y4_6,4 and 6 years,AW100,100% of average wage,_Z,Not applicable,M23,23 months,YES,Yes,NO,No,A,Annual,2023,,68,,A,Normal value,0,Units,0,Zero
DATAFLOW,OECD.ELS.JAI:DSD_TAXBEN_NRR@DF_NRR(1.0),Net replacement rates in unemployment,I,FRA,France,NHIDU,Net household income during unemployment,PT_INC_DISP_HH_BJL,Percentage of disposable household income before job loss,S_C0,"Single person, no children",Y4_6,4 and 6 years,AW100,100% of average wage,_Z,Not applicable,M5,5 months,YES,Yes,NO,No,A,Annual,2023,,68,,A,Normal value,0,Units,0,Zero
DATAFLOW,OECD.ELS.JAI:DSD_TAXBEN_NRR@DF_NRR(1.0),Net replacement rates in unemployment,I,FRA,France,NHIDU,Net household income during unemployment,PT_INC_DISP_HH_BJL,Percentage of disposable household income before job loss,S_C0,"Single person, no children",Y4_6,4 and 6 years,AW100,100% of average wage,_Z,Not applicable,M10,10 months,YES,Yes,NO,No,A,Annual,2023,,68,,A,Normal value,0,Units,0,Zero
DATAFLOW,OECD.ELS.JAI:DSD_TAXBEN_NRR@DF_NRR(1.0),Net replacement rates in unemployment,I,FRA,France,NHIDU,Net household income during unemployment,PT_INC_DISP_HH_BJL,Percentage of disposable household income before job loss,S_C0,"Single person, no children",Y4_6,4 and 6 years,AW100,100% of average wage,_Z,Not applicable,M6,6 months,YES,Yes,NO,No,A,Annual,2023,,68,,A,Normal value,0,Units,0,Zero
DATAFLOW,OECD.ELS.JAI:DSD_TAXBEN_NRR@DF_NRR(1.0),Net replacement rates in unemployment,I,FRA,France,NHIDU,Net household income during unemployment,PT_INC_DISP_HH_BJL,Percentage of disposable household income before job loss,S_C0,"Single person, no children",Y4_6,4 and 6 years,AW100,100% of average wage,_Z,Not applicable,M1,1 month,YES,Yes,NO,No,A,Annual,2023,,68,,A,Normal value,0,Units,0,Zero
DATAFLOW,OECD.ELS.JAI:DSD_TAXBEN_NRR@DF_NRR(1.0),Net replacement rates in unemployment,I,FRA,France,NHIDU,Net household income during unemployment,PT_INC_DISP_HH_BJL,Percentage of disposable household income before job loss,S_C0,"Single person, no children",Y4_6,4 and 6 years,AW100,100% of average wage,_Z,Not applicable,M19,19 months,YES,Yes,NO,No,A,Annual,2023,,68,,A,Normal value,0,Units,0,Zero
DATAFLOW,OECD.ELS.JAI:DSD_TAXBEN_NRR@DF_NRR(1.0),Net replacement rates in unemployment,I,FRA,France,NHIDU,Net household income during unemployment,PT_INC_DISP_HH_BJL,Percentage of disposable household income before job loss,S_C0,"Single person, no children",Y4_6,4 and 6 years,AW100,100% of average wage,_Z,Not applicable,M22,22 months,YES,Yes,NO,No,A,Annual,2023,,68,,A,Normal value,0,Units,0,Zero
DATAFLOW,OECD.ELS.JAI:DSD_TAXBEN_NRR@DF_NRR(1.0),Net replacement rates in unemployment,I,FRA,France,NHIDU,Net household income during unemployment,PT_INC_DISP_HH_BJL,Percentage of disposable household income before job loss,S_C0,"Single person, no children",Y4_6,4 and 6 years,AW100,100% of average wage,_Z,Not applicable,M16,16 months,YES,Yes,NO,No,A,Annual,2023,,68,,A,Normal value,0,Units,0,Zero
DATAFLOW,OECD.ELS.JAI:DSD_TAXBEN_NRR@DF_NRR(1.0),Net replacement rates in unemployment,I,FRA,France,NHIDU,Net household income during unemployment,PT_INC_DISP_HH_BJL,Percentage of disposable household income before job loss,S_C0,"Single person, no children",Y4_6,4 and 6 years,AW100,100% of average wage,_Z,Not applicable,M2,2 months,YES,Yes,NO,No,A,Annual,2023,,68,,A,Normal value,0,Units,0,Zero
DATAFLOW,OECD.ELS.JAI:DSD_TAXBEN_NRR@DF_NRR(1.0),Net replacement rates in unemployment,I,FRA,France,NHIDU,Net household income during unemployment,PT_INC_DISP_HH_BJL,Percentage of disposable household income before job loss,S_C0,"Single person, no children",Y4_6,4 and 6 years,AW100,100% of average wage,_Z,Not applicable,M7,7 months,YES,Yes,NO,No,A,Annual,2023,,68,,A,Normal value,0,Units,0,Zero
DATAFLOW,OECD.ELS.JAI:DSD_TAXBEN_NRR@DF_NRR(1.0),Net replacement rates in unemployment,I,FRA,France,NHIDU,Net household income during unemployment,PT_INC_DISP_HH_BJL,Percentage of disposable household income before job loss,S_C0,"Single person, no children",Y4_6,4 and 6 years,AW100,100% of average wage,_Z,Not applicable,M9,9 months,YES,Yes,NO,No,A,Annual,2023,,68,,A,Normal value,0,Units,0,Zero
DATAFLOW,OECD.ELS.JAI:DSD_TAXBEN_NRR@DF_NRR(1.0),Net replacement rates in unemployment,I,FRA,France,NHIDU,Net household income during unemployment,PT_INC_DISP_HH_BJL,Percentage of disposable household income before job loss,S_C0,"Single person, no children",Y4_6,4 and 6 years,AW100,100% of average wage,_Z,Not applicable,M18,18 months,YES,Yes,NO,No,A,Annual,2023,,68,,A,Normal value,0,Units,0,Zero
DATAFLOW,OECD.ELS.JAI:DSD_TAXBEN_NRR@DF_NRR(1.0),Net replacement rates in unemployment,I,FRA,France,NHIDU,Net household income during unemployment,PT_INC_DISP_HH_BJL,Percentage of disposable household income before job loss,S_C0,"Single person, no children",Y4_6,4 and 6 years,AW100,100% of average wage,_Z,Not applicable,M8,8 months,YES,Yes,NO,No,A,Annual,2023,,68,,A,Normal value,0,Units,0,Zero
DATAFLOW,OECD.ELS.JAI:DSD_TAXBEN_NRR@DF_NRR(1.0),Net replacement rates in unemployment,I,FRA,France,NHIDU,Net household income during unemployment,PT_INC_DISP_HH_BJL,Percentage of disposable household income before job loss,S_C0,"Single person, no children",Y4_6,4 and 6 years,AW100,100% of average wage,_Z,Not applicable,M13,13 months,YES,Yes,NO,No,A,Annual,2023,,68,,A,Normal value,0,Units,0,Zero
DATAFLOW,OECD.ELS.JAI:DSD_TAXBEN_NRR@DF_NRR(1.0),Net replacement rates in unemployment,I,FRA,France,NHIDU,Net household income during unemployment,PT_INC_DISP_HH_BJL,Percentage of disposable household income before job loss,S_C0,"Single person, no children",Y4_6,4 and 6 years,AW100,100% of average wage,_Z,Not applicable,M14,14 months,YES,Yes,NO,No,A,Annual,2023,,68,,A,Normal value,0,Units,0,Zero
DATAFLOW,OECD.ELS.JAI:DSD_TAXBEN_NRR@DF_NRR(1.0),Net replacement rates in unemployment,I,FRA,France,NHIDU,Net household income during unemployment,PT_INC_DISP_HH_BJL,Percentage of disposable household income before job loss,S_C0,"Single person, no children",Y4_6,4 and 6 years,AW100,100% of average wage,_Z,Not applicable,M11,11 months,YES,Yes,NO,No,A,Annual,2023,,68,,A,Normal value,0,Units,0,Zero
DATAFLOW,OECD.ELS.JAI:DSD_TAXBEN_NRR@DF_NRR(1.0),Net replacement rates in unemployment,I,FRA,France,NHIDU,Net household income during unemployment,PT_INC_DISP_HH_BJL,Percentage of disposable household income before job loss,S_C0,"Single person, no children",Y4_6,4 and 6 years,AW100,100% of average wage,_Z,Not applicable,M15,15 months,YES,Yes,NO,No,A,Annual,2023,,68,,A,Normal value,0,Units,0,Zero
DATAFLOW,OECD.ELS.JAI:DSD_TAXBEN_NRR@DF_NRR(1.0),Net replacement rates in unemployment,I,FRA,France,NHIDU,Net household income during unemployment,PT_INC_DISP_HH_BJL,Percentage of disposable household income before job loss,S_C0,"Single person, no children",Y4_6,4 and 6 years,AW100,100% of average wage,_Z,Not applicable,M12,12 months,YES,Yes,NO,No,A,Annual,2023,,68,,A,Normal value,0,Units,0,Zero
DATAFLOW,OECD.ELS.JAI:DSD_TAXBEN_NRR@DF_NRR(1.0),Net replacement rates in unemployment,I,FRA,France,NHIDU,Net household income during unemployment,PT_INC_DISP_HH_BJL,Percentage of disposable household income before job loss,S_C0,"Single person, no children",Y4_6,4 and 6 years,AW100,100% of average wage,_Z,Not applicable,M4,4 months,YES,Yes,NO,No,A,Annual,2023,,68,,A,Normal value,0,Units,0,Zero
DATAFLOW,OECD.ELS.JAI:DSD_TAXBEN_NRR@DF_NRR(1.0),Net replacement rates in unemployment,I,FRA,France,NHIDU,Net household income during unemployment,PT_INC_DISP_HH_BJL,Percentage of disposable household income before job loss,S_C0,"Single person, no children",Y4_6,4 and 6 years,AW100,100% of average wage,_Z,Not applicable,M21,21 months,YES,Yes,NO,No,A,Annual,2023,,68,,A,Normal value,0,Units,0,Zero
DATAFLOW,OECD.ELS.JAI:DSD_TAXBEN_NRR@DF_NRR(1.0),Net replacement rates in unemployment,I,DEU,Germany,NHIDU,Net household income during unemployment,PT_INC_DISP_HH_BJL,Percentage of disposable household income before job loss,S_C0,"Single person, no children",Y4_6,4 and 6 years,AW100,100% of average wage,_Z,Not applicable,M36,36 months,YES,Yes,NO,No,A,Annual,2023,,16,,A,Normal value,0,Units,0,Zero
DATAFLOW,OECD.ELS.JAI:DSD_TAXBEN_NRR@DF_NRR(1.0),Net replacement rates in unemployment,I,DEU,Germany,NHIDU,Net household income during unemployment,PT_INC_DISP_HH_BJL,Percentage of disposable household income before job loss,S_C0,"Single person, no children",Y4_6,4 and 6 years,AW100,100% of average wage,_Z,Not applicable,M51,51 months,YES,Yes,NO,No,A,Annual,2023,,16,,A,Normal value,0,Units,0,Zero
DATAFLOW,OECD.ELS.JAI:DSD_TAXBEN_NRR@DF_NRR(1.0),Net replacement rates in unemployment,I,DEU,Germany,NHIDU,Net household income during unemployment,PT_INC_DISP_HH_BJL,Percentage of disposable household income before job loss,S_C0,"Single person, no children",Y4_6,4 and 6 years,AW100,100% of average wage,_Z,Not applicable,M16,16 months,YES,Yes,NO,No,A,Annual,2023,,16,,A,Normal value,0,Units,0,Zero
DATAFLOW,OECD.ELS.JAI:DSD_TAXBEN_NRR@DF_NRR(1.0),Net replacement rates in unemployment,I,DEU,Germany,NHIDU,Net household income during unemployment,PT_INC_DISP_HH_BJL,Percentage of disposable household income before job loss,S_C0,"Single person, no children",Y4_6,4 and 6 years,AW100,100% of average wage,_Z,Not applicable,M53,53 months,YES,Yes,NO,No,A,Annual,2023,,16,,A,Normal value,0,Units,0,Zero
DATAFLOW,OECD.ELS.JAI:DSD_TAXBEN_NRR@DF_NRR(1.0),Net replacement rates in unemployment,I,DEU,Germany,NHIDU,Net household income during unemployment,PT_INC_DISP_HH_BJL,Percentage of disposable household income before job loss,S_C0,"Single person, no children",Y4_6,4 and 6 years,AW100,100% of average wage,_Z,Not applicable,M43,43 months,YES,Yes,NO,No,A,Annual,2023,,16,,A,Normal value,0,Units,0,Zero
DATAFLOW,OECD.ELS.JAI:DSD_TAXBEN_NRR@DF_NRR(1.0),Net replacement rates in unemployment,I,DEU,Germany,NHIDU,Net household income during unemployment,PT_INC_DISP_HH_BJL,Percentage of disposable household income before job loss,S_C0,"Single person, no children",Y4_6,4 and 6 years,AW100,100% of average wage,_Z,Not applicable,M33,33 months,YES,Yes,NO,No,A,Annual,2023,,16,,A,Normal value,0,Units,0,Zero
DATAFLOW,OECD.ELS.JAI:DSD_TAXBEN_NRR@DF_NRR(1.0),Net replacement rates in unemployment,I,DEU,Germany,NHIDU,Net household income during unemployment,PT_INC_DISP_HH_BJL,Percentage of disposable household income before job loss,S_C0,"Single person, no children",Y4_6,4 and 6 years,AW100,100% of average wage,_Z,Not applicable,M42,42 months,YES,Yes,NO,No,A,Annual,2023,,16,,A,Normal value,0,Units,0,Zero
DATAFLOW,OECD.ELS.JAI:DSD_TAXBEN_NRR@DF_NRR(1.0),Net replacement rates in unemployment,I,DEU,Germany,NHIDU,Net household income during unemployment,PT_INC_DISP_HH_BJL,Percentage of disposable household income before job loss,S_C0,"Single person, no children",Y4_6,4 and 6 years,AW100,100% of average wage,_Z,Not applicable,M60,60 months,YES,Yes,NO,No,A,Annual,2023,,16,,A,Normal value,0,Units,0,Zero
DATAFLOW,OECD.ELS.JAI:DSD_TAXBEN_NRR@DF_NRR(1.0),Net replacement rates in unemployment,I,DEU,Germany,NHIDU,Net household income during unemployment,PT_INC_DISP_HH_BJL,Percentage of disposable household income before job loss,S_C0,"Single person, no children",Y4_6,4 and 6 years,AW100,100% of average wage,_Z,Not applicable,M8,8 months,YES,Yes,NO,No,A,Annual,2023,,59,,A,Normal value,0,Units,0,Zero
DATAFLOW,OECD.ELS.JAI:DSD_TAXBEN_NRR@DF_NRR(1.0),Net replacement rates in unemployment,I,DEU,Germany,NHIDU,Net household income during unemployment,PT_INC_DISP_HH_BJL,Percentage of disposable household income before job loss,S_C0,"Single person, no children",Y4_6,4 and 6 years,AW100,100% of average wage,_Z,Not applicable,M38,38 months,YES,Yes,NO,No,A,Annual,2023,,16,,A,Normal value,0,Units,0,Zero
DATAFLOW,OECD.ELS.JAI:DSD_TAXBEN_NRR@DF_NRR(1.0),Net replacement rates in unemployment,I,DEU,Germany,NHIDU,Net household income during unemployment,PT_INC_DISP_HH_BJL,Percentage of disposable household income before job loss,S_C0,"Single person, no children",Y4_6,4 and 6 years,AW100,100% of average wage,_Z,Not applicable,M57,57 months,YES,Yes,NO,No,A,Annual,2023,,16,,A,Normal value,0,Units,0,Zero
DATAFLOW,OECD.ELS.JAI:DSD_TAXBEN_NRR@DF_NRR(1.0),Net replacement rates in unemployment,I,DEU,Germany,NHIDU,Net household income during unemployment,PT_INC_DISP_HH_BJL,Percentage of disposable household income before job loss,S_C0,"Single person, no children",Y4_6,4 and 6 years,AW100,100% of average wage,_Z,Not applicable,M40,40 months,YES,Yes,NO,No,A,Annual,2023,,16,,A,Normal value,0,Units,0,Zero
DATAFLOW,OECD.ELS.JAI:DSD_TAXBEN_NRR@DF_NRR(1.0),Net replacement rates in unemployment,I,DEU,Germany,NHIDU,Net household income during unemployment,PT_INC_DISP_HH_BJL,Percentage of disposable household income before job loss,S_C0,"Single person, no children",Y4_6,4 and 6 years,AW100,100% of average wage,_Z,Not applicable,M29,29 months,YES,Yes,NO,No,A,Annual,2023,,16,,A,Normal value,0,Units,0,Zero
DATAFLOW,OECD.ELS.JAI:DSD_TAXBEN_NRR@DF_NRR(1.0),Net replacement rates in unemployment,I,DEU,Germany,NHIDU,Net household income during unemployment,PT_INC_DISP_HH_BJL,Percentage of disposable household income before job loss,S_C0,"Single person, no children",Y4_6,4 and 6 years,AW100,100% of average wage,_Z,Not applicable,M30,30 months,YES,Yes,NO,No,A,Annual,2023,,16,,A,Normal value,0,Units,0,Zero
DATAFLOW,OECD.ELS.JAI:DSD_TAXBEN_NRR@DF_NRR(1.0),Net replacement rates in unemployment,I,DEU,Germany,NHIDU,Net household income during unemployment,PT_INC_DISP_HH_BJL,Percentage of disposable household income before job loss,S_C0,"Single person, no children",Y4_6,4 and 6 years,AW100,100% of average wage,_Z,Not applicable,M14,14 months,YES,Yes,NO,No,A,Annual,2023,,16,,A,Normal value,0,Units,0,Zero
DATAFLOW,OECD.ELS.JAI:DSD_TAXBEN_NRR@DF_NRR(1.0),Net replacement rates in unemployment,I,DEU,Germany,NHIDU,Net household income during unemployment,PT_INC_DISP_HH_BJL,Percentage of disposable household income before job loss,S_C0,"Single person, no children",Y4_6,4 and 6 years,AW100,100% of average wage,_Z,Not applicable,M22,22 months,YES,Yes,NO,No,A,Annual,2023,,16,,A,Normal value,0,Units,0,Zero
DATAFLOW,OECD.ELS.JAI:DSD_TAXBEN_NRR@DF_NRR(1.0),Net replacement rates in unemployment,I,DEU,Germany,NHIDU,Net household income during unemployment,PT_INC_DISP_HH_BJL,Percentage of disposable household income before job loss,S_C0,"Single person, no children",Y4_6,4 and 6 years,AW100,100% of average wage,_Z,Not applicable,M15,15 months,YES,Yes,NO,No,A,Annual,2023,,16,,A,Normal value,0,Units,0,Zero
DATAFLOW,OECD.ELS.JAI:DSD_TAXBEN_NRR@DF_NRR(1.0),Net replacement rates in unemployment,I,DEU,Germany,NHIDU,Net household income during unemployment,PT_INC_DISP_HH_BJL,Percentage of disposable household income before job loss,S_C0,"Single person, no children",Y4_6,4 and 6 years,AW100,100% of average wage,_Z,Not applicable,M55,55 months,YES,Yes,NO,No,A,Annual,2023,,16,,A,Normal value,0,Units,0,Zero
DATAFLOW,OECD.ELS.JAI:DSD_TAXBEN_NRR@DF_NRR(1.0),Net replacement rates in unemployment,I,ITA,Italy,NHIDU,Net household income during unemployment,PT_INC_DISP_HH_BJL,Percentage of disposable household income before job loss,S_C0,"Single person, no children",Y4_6,4 and 6 years,AW100,100% of average wage,_Z,Not applicable,M16,16 months,YES,Yes,NO,No,A,Annual,2023,,48,,A,Normal value,0,Units,0,Zero
DATAFLOW,OECD.ELS.JAI:DSD_TAXBEN_NRR@DF_NRR(1.0),Net replacement rates in unemployment,I,ITA,Italy,NHIDU,Net household income during unemployment,PT_INC_DISP_HH_BJL,Percentage of disposable household income before job loss,S_C0,"Single person, no children",Y4_6,4 and 6 years,AW100,100% of average wage,_Z,Not applicable,M19,19 months,YES,Yes,NO,No,A,Annual,2023,,43,,A,Normal value,0,Units,0,Zero
DATAFLOW,OECD.ELS.JAI:DSD_TAXBEN_NRR@DF_NRR(1.0),Net replacement rates in unemployment,I,ITA,Italy,NHIDU,Net household income during unemployment,PT_INC_DISP_HH_BJL,Percentage of disposable household income before job loss,S_C0,"Single person, no children",Y4_6,4 and 6 years,AW100,100% of average wage,_Z,Not applicable,M2,2 months,YES,Yes,NO,No,A,Annual,2023,,63,,A,Normal value,0,Units,0,Zero
DATAFLOW,OECD.ELS.JAI:DSD_TAXBEN_NRR@DF_NRR(1.0),Net replacement rates in unemployment,I,ITA,Italy,NHIDU,Net household income during unemployment,PT_INC_DISP_HH_BJL,Percentage of disposable household income before job loss,S_C0,"Single person, no children",Y4_6,4 and 6 years,AW100,100% of average wage,_Z,Not applicable,M9,9 months,YES,Yes,NO,No,A,Annual,2023,,56,,A,Normal value,0,Units,0,Zero
DATAFLOW,OECD.ELS.JAI:DSD_TAXBEN_NRR@DF_NRR(1.0),Net replacement rates in unemployment,I,ITA,Italy,NHIDU,Net household income during unemployment,PT_INC_DISP_HH_BJL,Percentage of disposable household income before job loss,S_C0,"Single person, no children",Y4_6,4 and 6 years,AW100,100% of average wage,_Z,Not applicable,M13,13 months,YES,Yes,NO,No,A,Annual,2023,,53,,A,Normal value,0,Units,0,Zero
DATAFLOW,OECD.ELS.JAI:DSD_TAXBEN_NRR@DF_NRR(1.0),Net replacement rates in unemployment,I,ITA,Italy,NHIDU,Net household income during unemployment,PT_INC_DISP_HH_BJL,Percentage of disposable household income before job loss,S_C0,"Single person, no children",Y4_6,4 and 6 years,AW100,100% of average wage,_Z,Not applicable,M1,1 month,YES,Yes,NO,No,A,Annual,2023,,63,,A,Normal value,0,Units,0,Zero
DATAFLOW,OECD.ELS.JAI:DSD_TAXBEN_NRR@DF_NRR(1.0),Net replacement rates in unemployment,I,ITA,Italy,NHIDU,Net household income during unemployment,PT_INC_DISP_HH_BJL,Percentage of disposable household income before job loss,S_C0,"Single person, no children",Y4_6,4 and 6 years,AW100,100% of average wage,_Z,Not applicable,M12,12 months,YES,Yes,NO,No,A,Annual,2023,,55,,A,Normal value,0,Units,0,Zero
DATAFLOW,OECD.ELS.JAI:DSD_TAXBEN_NRR@DF_NRR(1.0),Net replacement rates in unemployment,I,ITA,Italy,NHIDU,Net household income during unemployment,PT_INC_DISP_HH_BJL,Percentage of disposable household income before job loss,S_C0,"Single person, no children",Y4_6,4 and 6 years,AW100,100% of average wage,_Z,Not applicable,M6,6 months,YES,Yes,NO,No,A,Annual,2023,,62,,A,Normal value,0,Units,0,Zero
DATAFLOW,OECD.ELS.JAI:DSD_TAXBEN_NRR@DF_NRR(1.0),Net replacement rates in unemployment,I,ITA,Italy,NHIDU,Net household income during unemployment,PT_INC_DISP_HH_BJL,Percentage of disposable household income before job loss,S_C0,"Single person, no children",Y4_6,4 and 6 years,AW100,100% of average wage,_Z,Not applicable,M22,22 months,YES,Yes,NO,No,A,Annual,2023,,39,,A,Normal value,0,Units,0,Zero
DATAFLOW,OECD.ELS.JAI:DSD_TAXBEN_NRR@DF_NRR(1.0),Net replacement rates in unemployment,I,ITA,Italy,NHIDU,Net household income during unemployment,PT_INC_DISP_HH_BJL,Percentage of disposable household income before job loss,S_C0,"Single person, no children",Y4_6,4 and 6 years,AW100,100% of average wage,_Z,Not applicable,M17,17 months,YES,Yes,NO,No,A,Annual,2023,,47,,A,Normal value,0,Units,0,Zero
DATAFLOW,OECD.ELS.JAI:DSD_TAXBEN_NRR@DF_NRR(1.0),Net replacement rates in unemployment,I,ITA,Italy,NHIDU,Net household income during unemployment,PT_INC_DISP_HH_BJL,Percentage of disposable household income before job loss,S_C0,"Single person, no children",Y4_6,4 and 6 years,AW100,100% of average wage,_Z,Not applicable,M7,7 months,YES,Yes,NO,No,A,Annual,2023,,60,,A,Normal value,0,Units,0,Zero
DATAFLOW,OECD.ELS.JAI:DSD_TAXBEN_NRR@DF_NRR(1.0),Net replacement rates in unemployment,I,ITA,Italy,NHIDU,Net household income during unemployment,PT_INC_DISP_HH_BJL,Percentage of disposable household income before job loss,S_C0,"Single person, no children",Y4_6,4 and 6 years,AW100,100% of average wage,_Z,Not applicable,M21,21 months,YES,Yes,NO,No,A,Annual,2023,,40,,A,Normal value,0,Units,0,Zero
DATAFLOW,OECD.ELS.JAI:DSD_TAXBEN_NRR@DF_NRR(1.0),Net replacement rates in unemployment,I,ITA,Italy,NHIDU,Net household income during unemployment,PT_INC_DISP_HH_BJL,Percentage of disposable household income before job loss,S_C0,"Single person, no children",Y4_6,4 and 6 years,AW100,100% of average wage,_Z,Not applicable,M10,10 months,YES,Yes,NO,No,A,Annual,2023,,55,,A,Normal value,0,Units,0,Zero
DATAFLOW,OECD.ELS.JAI:DSD_TAXBEN_NRR@DF_NRR(1.0),Net replacement rates in unemployment,I,ITA,Italy,NHIDU,Net household income during unemployment,PT_INC_DISP_HH_BJL,Percentage of disposable household income before job loss,S_C0,"Single person, no children",Y4_6,4 and 6 years,AW100,100% of average wage,_Z,Not applicable,M4,4 months,YES,Yes,NO,No,A,Annual,2023,,63,,A,Normal value,0,Units,0,Zero
DATAFLOW,OECD.ELS.JAI:DSD_TAXBEN_NRR@DF_NRR(1.0),Net replacement rates in unemployment,I,ITA,Italy,NHIDU,Net household income during unemployment,PT_INC_DISP_HH_BJL,Percentage of disposable household income before job loss,S_C0,"Single person, no children",Y4_6,4 and 6 years,AW100,100% of average wage,_Z,Not applicable,M20,20 months,YES,Yes,NO,No,A,Annual,2023,,42,,A,Normal value,0,Units,0,Zero
DATAFLOW,OECD.ELS.JAI:DSD_TAXBEN_NRR@DF_NRR(1.0),Net replacement rates in unemployment,I,ITA,Italy,NHIDU,Net household income during unemployment,PT_INC_DISP_HH_BJL,Percentage of disposable household income before job loss,S_C0,"Single person, no children",Y4_6,4 and 6 years,AW100,100% of average wage,_Z,Not applicable,M3,3 months,YES,Yes,NO,No,A,Annual,2023,,63,,A,Normal value,0,Units,0,Zero
DATAFLOW,OECD.ELS.JAI:DSD_TAXBEN_NRR@DF_NRR(1.0),Net replacement rates in unemployment,I,ITA,Italy,NHIDU,Net household income during unemployment,PT_INC_DISP_HH_BJL,Percentage of disposable household income before job loss,S_C0,"Single person, no children",Y4_6,4 and 6 years,AW100,100% of average wage,_Z,Not applicable,M11,11 months,YES,Yes,NO,No,A,Annual,2023,,54,,A,Normal value,0,Units,0,Zero
DATAFLOW,OECD.ELS.JAI:DSD_TAXBEN_NRR@DF_NRR(1.0),Net replacement rates in unemployment,I,ITA,Italy,NHIDU,Net household income during unemployment,PT_INC_DISP_HH_BJL,Percentage of disposable household income before job loss,S_C0,"Single person, no children",Y4_6,4 and 6 years,AW100,100% of average wage,_Z,Not applicable,M15,15 months,YES,Yes,NO,No,A,Annual,2023,,50,,A,Normal value,0,Units,0,Zero
DATAFLOW,OECD.ELS.JAI:DSD_TAXBEN_NRR@DF_NRR(1.0),Net replacement rates in unemployment,I,ITA,Italy,NHIDU,Net household income during unemployment,PT_INC_DISP_HH_BJL,Percentage of disposable household income before job loss,S_C0,"Single person, no children",Y4_6,4 and 6 years,AW100,100% of average wage,_Z,Not applicable,M23,23 months,YES,Yes,NO,No,A,Annual,2023,,32,,A,Normal value,0,Units,0,Zero
DATAFLOW,OECD.ELS.JAI:DSD_TAXBEN_NRR@DF_NRR(1.0),Net replacement rates in unemployment,I,ITA,Italy,NHIDU,Net household income during unemployment,PT_INC_DISP_HH_BJL,Percentage of disposable household income before job loss,S_C0,"Single person, no children",Y4_6,4 and 6 years,AW100,100% of average wage,_Z,Not applicable,M5,5 months,YES,Yes,NO,No,A,Annual,2023,,63,,A,Normal value,0,Units,0,Zero
DATAFLOW,OECD.ELS.JAI:DSD_TAXBEN_NRR@DF_NRR(1.0),Net replacement rates in unemployment,I,ITA,Italy,NHIDU,Net household income during unemployment,PT_INC_DISP_HH_BJL,Percentage of disposable household income before job loss,S_C0,"Single person, no children",Y4_6,4 and 6 years,AW100,100% of average wage,_Z,Not applicable,M8,8 months,YES,Yes,NO,No,A,Annual,2023,,59,,A,Normal value,0,Units,0,Zero
DATAFLOW,OECD.ELS.JAI:DSD_TAXBEN_NRR@DF_NRR(1.0),Net replacement rates in unemployment,I,ITA,Italy,NHIDU,Net household income during unemployment,PT_INC_DISP_HH_BJL,Percentage of disposable household income before job loss,S_C0,"Single person, no children",Y4_6,4 and 6 years,AW100,100% of average wage,_Z,Not applicable,M24,24 months,YES,Yes,NO,No,A,Annual,2023,,30,,A,Normal value,0,Units,0,Zero
DATAFLOW,OECD.ELS.JAI:DSD_TAXBEN_NRR@DF_NRR(1.0),Net replacement rates in unemployment,I,ITA,Italy,NHIDU,Net household income during unemployment,PT_INC_DISP_HH_BJL,Percentage of disposable household income before job loss,S_C0,"Single person, no children",Y4_6,4 and 6 years,AW100,100% of average wage,_Z,Not applicable,M18,18 months,YES,Yes,NO,No,A,Annual,2023,,45,,A,Normal value,0,Units,0,Zero
DATAFLOW,OECD.ELS.JAI:DSD_TAXBEN_NRR@DF_NRR(1.0),Net replacement rates in unemployment,I,ITA,Italy,NHIDU,Net household income during unemployment,PT_INC_DISP_HH_BJL,Percentage of disposable household income before job loss,S_C0,"Single person, no children",Y4_6,4 and 6 years,AW100,100% of average wage,_Z,Not applicable,M14,14 months,YES,Yes,NO,No,A,Annual,2023,,51,,A,Normal value,0,Units,0,Zero
DATAFLOW,OECD.ELS.JAI:DSD_TAXBEN_NRR@DF_NRR(1.0),Net replacement rates in unemployment,I,ITA,Italy,NHIDU,Net household income during unemployment,PT_INC_DISP_HH_BJL,Percentage of disposable household income before job loss,S_C0,"Single person, no children",Y4_6,4 and 6 years,AW100,100% of average wage,_Z,Not applicable,M28,28 months,NO,No,NO,No,A,Annual,2023,,0,,A,Normal value,0,Units,0,Zero
DATAFLOW,OECD.ELS.JAI:DSD_TAXBEN_NRR@DF_NRR(1.0),Net replacement rates in unemployment,I,ITA,Italy,NHIDU,Net household income during unemployment,PT_INC_DISP_HH_BJL,Percentage of disposable household income before job loss,S_C0,"Single person, no children",Y4_6,4 and 6 years,AW100,100% of average wage,_Z,Not applicable,M32,32 months,NO,No,NO,No,A,Annual,2023,,0,,A,Normal value,0,Units,0,Zero
DATAFLOW,OECD.ELS.JAI:DSD_TAXBEN_NRR@DF_NRR(1.0),Net replacement rates in unemployment,I,ITA,Italy,NHIDU,Net household income during unemployment,PT_INC_DISP_HH_BJL,Percentage of disposable household income before job loss,S_C0,"Single person, no children",Y4_6,4 and 6 years,AW100,100% of average wage,_Z,Not applicable,M60,60 months,NO,No,NO,No,A,Annual,2023,,0,,A,Normal value,0,Units,0,Zero
DATAFLOW,OECD.ELS.JAI:DSD_TAXBEN_NRR@DF_NRR(1.0),Net replacement rates in unemployment,I,ITA,Italy,NHIDU,Net household income during unemployment,PT_INC_DISP_HH_BJL,Percentage of disposable household income before job loss,S_C0,"Single person, no children",Y4_6,4 and 6 years,AW100,100% of average wage,_Z,Not applicable,M52,52 months,NO,No,NO,No,A,Annual,2023,,0,,A,Normal value,0,Units,0,Zero
DATAFLOW,OECD.ELS.JAI:DSD_TAXBEN_NRR@DF_NRR(1.0),Net replacement rates in unemployment,I,ITA,Italy,NHIDU,Net household income during unemployment,PT_INC_DISP_HH_BJL,Percentage of disposable household income before job loss,S_C0,"Single person, no children",Y4_6,4 and 6 years,AW100,100% of average wage,_Z,Not applicable,M31,31 months,NO,No,NO,No,A,Annual,2023,,0,,A,Normal value,0,Units,0,Zero
DATAFLOW,OECD.ELS.JAI:DSD_TAXBEN_NRR@DF_NRR(1.0),Net replacement rates in unemployment,I,ITA,Italy,NHIDU,Net household income during unemployment,PT_INC_DISP_HH_BJL,Percentage of disposable household income before job loss,S_C0,"Single person, no children",Y4_6,4 and 6 years,AW100,100% of average wage,_Z,Not applicable,M56,56 months,NO,No,NO,No,A,Annual,2023,,0,,A,Normal value,0,Units,0,Zero
DATAFLOW,OECD.ELS.JAI:DSD_TAXBEN_NRR@DF_NRR(1.0),Net replacement rates in unemployment,I,ITA,Italy,NHIDU,Net household income during unemployment,PT_INC_DISP_HH_BJL,Percentage of disposable household income before job loss,S_C0,"Single person, no children",Y4_6,4 and 6 years,AW100,100% of average wage,_Z,Not applicable,M59,59 months,NO,No,NO,No,A,Annual,2023,,0,,A,Normal value,0,Units,0,Zero
DATAFLOW,OECD.ELS.JAI:DSD_TAXBEN_NRR@DF_NRR(1.0),Net replacement rates in unemployment,I,ITA,Italy,NHIDU,Net household income during unemployment,PT_INC_DISP_HH_BJL,Percentage of disposable household income before job loss,S_C0,"Single person, no children",Y4_6,4 and 6 years,AW100,100% of average wage,_Z,Not applicable,M55,55 months,NO,No,NO,No,A,Annual,2023,,0,,A,Normal value,0,Units,0,Zero
DATAFLOW,OECD.ELS.JAI:DSD_TAXBEN_NRR@DF_NRR(1.0),Net replacement rates in unemployment,I,ITA,Italy,NHIDU,Net household income during unemployment,PT_INC_DISP_HH_BJL,Percentage of disposable household income before job loss,S_C0,"Single person, no children",Y4_6,4 and 6 years,AW100,100% of average wage,_Z,Not applicable,M36,36 months,NO,No,NO,No,A,Annual,2023,,0,,A,Normal value,0,Units,0,Zero
DATAFLOW,OECD.ELS.JAI:DSD_TAXBEN_NRR@DF_NRR(1.0),Net replacement rates in unemployment,I,ITA,Italy,NHIDU,Net household income during unemployment,PT_INC_DISP_HH_BJL,Percentage of disposable household income before job loss,S_C0,"Single person, no children",Y4_6,4 and 6 years,AW100,100% of average wage,_Z,Not applicable,M49,49 months,NO,No,NO,No,A,Annual,2023,,0,,A,Normal value,0,Units,0,Zero
DATAFLOW,OECD.ELS.JAI:DSD_TAXBEN_NRR@DF_NRR(1.0),Net replacement rates in unemployment,I,ITA,Italy,NHIDU,Net household income during unemployment,PT_INC_DISP_HH_BJL,Percentage of disposable household income before job loss,S_C0,"Single person, no children",Y4_6,4 and 6 years,AW100,100% of average wage,_Z,Not applicable,M42,42 months,NO,No,NO,No,A,Annual,2023,,0,,A,Normal value,0,Units,0,Zero
DATAFLOW,OECD.ELS.JAI:DSD_TAXBEN_NRR@DF_NRR(1.0),Net replacement rates in unemployment,I,ITA,Italy,NHIDU,Net household income during unemployment,PT_INC_DISP_HH_BJL,Percentage of disposable household income before job loss,S_C0,"Single person, no children",Y4_6,4 and 6 years,AW100,100% of average wage,_Z,Not applicable,M29,29 months,NO,No,NO,No,A,Annual,2023,,0,,A,Normal value,0,Units,0,Zero
DATAFLOW,OECD.ELS.JAI:DSD_TAXBEN_NRR@DF_NRR(1.0),Net replacement rates in unemployment,I,ITA,Italy,NHIDU,Net household income during unemployment,PT_INC_DISP_HH_BJL,Percentage of disposable household income before job loss,S_C0,"Single person, no children",Y4_6,4 and 6 years,AW100,100% of average wage,_Z,Not applicable,M37,37 months,NO,No,NO,No,A,Annual,2023,,0,,A,Normal value,0,Units,0,Zero
DATAFLOW,OECD.ELS.JAI:DSD_TAXBEN_NRR@DF_NRR(1.0),Net replacement rates in unemployment,I,ITA,Italy,NHIDU,Net household income during unemployment,PT_INC_DISP_HH_BJL,Percentage of disposable household income before job loss,S_C0,"Single person, no children",Y4_6,4 and 6 years,AW100,100% of average wage,_Z,Not applicable,M53,53 months,NO,No,NO,No,A,Annual,2023,,0,,A,Normal value,0,Units,0,Zero
DATAFLOW,OECD.ELS.JAI:DSD_TAXBEN_NRR@DF_NRR(1.0),Net replacement rates in unemployment,I,ITA,Italy,NHIDU,Net household income during unemployment,PT_INC_DISP_HH_BJL,Percentage of disposable household income before job loss,S_C0,"Single person, no children",Y4_6,4 and 6 years,AW100,100% of average wage,_Z,Not applicable,M47,47 months,NO,No,NO,No,A,Annual,2023,,0,,A,Normal value,0,Units,0,Zero
DATAFLOW,OECD.ELS.JAI:DSD_TAXBEN_NRR@DF_NRR(1.0),Net replacement rates in unemployment,I,ITA,Italy,NHIDU,Net household income during unemployment,PT_INC_DISP_HH_BJL,Percentage of disposable household income before job loss,S_C0,"Single person, no children",Y4_6,4 and 6 years,AW100,100% of average wage,_Z,Not applicable,M26,26 months,NO,No,NO,No,A,Annual,2023,,0,,A,Normal value,0,Units,0,Zero
DATAFLOW,OECD.ELS.JAI:DSD_TAXBEN_NRR@DF_NRR(1.0),Net replacement rates in unemployment,I,ITA,Italy,NHIDU,Net household income during unemployment,PT_INC_DISP_HH_BJL,Percentage of disposable household income before job loss,S_C0,"Single person, no children",Y4_6,4 and 6 years,AW100,100% of average wage,_Z,Not applicable,M40,40 months,NO,No,NO,No,A,Annual,2023,,0,,A,Normal value,0,Units,0,Zero
DATAFLOW,OECD.ELS.JAI:DSD_TAXBEN_NRR@DF_NRR(1.0),Net replacement rates in unemployment,I,ITA,Italy,NHIDU,Net household income during unemployment,PT_INC_DISP_HH_BJL,Percentage of disposable household income before job loss,S_C0,"Single person, no children",Y4_6,4 and 6 years,AW100,100% of average wage,_Z,Not applicable,M27,27 months,NO,No,NO,No,A,Annual,2023,,0,,A,Normal value,0,Units,0,Zero
DATAFLOW,OECD.ELS.JAI:DSD_TAXBEN_NRR@DF_NRR(1.0),Net replacement rates in unemployment,I,ITA,Italy,NHIDU,Net household income during unemployment,PT_INC_DISP_HH_BJL,Percentage of disposable household income before job loss,S_C0,"Single person, no children",Y4_6,4 and 6 years,AW100,100% of average wage,_Z,Not applicable,M30,30 months,NO,No,NO,No,A,Annual,2023,,0,,A,Normal value,0,Units,0,Zero
DATAFLOW,OECD.ELS.JAI:DSD_TAXBEN_NRR@DF_NRR(1.0),Net replacement rates in unemployment,I,ITA,Italy,NHIDU,Net household income during unemployment,PT_INC_DISP_HH_BJL,Percentage of disposable household income before job loss,S_C0,"Single person, no children",Y4_6,4 and 6 years,AW100,100% of average wage,_Z,Not applicable,M25,25 months,NO,No,NO,No,A,Annual,2023,,0,,A,Normal value,0,Units,0,Zero
DATAFLOW,OECD.ELS.JAI:DSD_TAXBEN_NRR@DF_NRR(1.0),Net replacement rates in unemployment,I,ITA,Italy,NHIDU,Net household income during unemployment,PT_INC_DISP_HH_BJL,Percentage of disposable household income before job loss,S_C0,"Single person, no children",Y4_6,4 and 6 years,AW100,100% of average wage,_Z,Not applicable,M51,51 months,NO,No,NO,No,A,Annual,2023,,0,,A,Normal value,0,Units,0,Zero
DATAFLOW,OECD.ELS.JAI:DSD_TAXBEN_NRR@DF_NRR(1.0),Net replacement rates in unemployment,I,ITA,Italy,NHIDU,Net household income during unemployment,PT_INC_DISP_HH_BJL,Percentage of disposable household income before job loss,S_C0,"Single person, no children",Y4_6,4 and 6 years,AW100,100% of average wage,_Z,Not applicable,M57,57 months,NO,No,NO,No,A,Annual,2023,,0,,A,Normal value,0,Units,0,Zero
DATAFLOW,OECD.ELS.JAI:DSD_TAXBEN_NRR@DF_NRR(1.0),Net replacement rates in unemployment,I,ITA,Italy,NHIDU,Net household income during unemployment,PT_INC_DISP_HH_BJL,Percentage of disposable household income before job loss,S_C0,"Single person, no children",Y4_6,4 and 6 years,AW100,100% of average wage,_Z,Not applicable,M44,44 months,NO,No,NO,No,A,Annual,2023,,0,,A,Normal value,0,Units,0,Zero
DATAFLOW,OECD.ELS.JAI:DSD_TAXBEN_NRR@DF_NRR(1.0),Net replacement rates in unemployment,I,ITA,Italy,NHIDU,Net household income during unemployment,PT_INC_DISP_HH_BJL,Percentage of disposable household income before job loss,S_C0,"Single person, no children",Y4_6,4 and 6 years,AW100,100% of average wage,_Z,Not applicable,M48,48 months,NO,No,NO,No,A,Annual,2023,,0,,A,Normal value,0,Units,0,Zero
DATAFLOW,OECD.ELS.JAI:DSD_TAXBEN_NRR@DF_NRR(1.0),Net replacement rates in unemployment,I,ITA,Italy,NHIDU,Net household income during unemployment,PT_INC_DISP_HH_BJL,Percentage of disposable household income before job loss,S_C0,"Single person, no children",Y4_6,4 and 6 years,AW100,100% of average wage,_Z,Not applicable,M34,34 months,NO,No,NO,No,A,Annual,2023,,0,,A,Normal value,0,Units,0,Zero
DATAFLOW,OECD.ELS.JAI:DSD_TAXBEN_NRR@DF_NRR(1.0),Net replacement rates in unemployment,I,ITA,Italy,NHIDU,Net household income during unemployment,PT_INC_DISP_HH_BJL,Percentage of disposable household income before job loss,S_C0,"Single person, no children",Y4_6,4 and 6 years,AW100,100% of average wage,_Z,Not applicable,M43,43 months,NO,No,NO,No,A,Annual,2023,,0,,A,Normal value,0,Units,0,Zero
DATAFLOW,OECD.ELS.JAI:DSD_TAXBEN_NRR@DF_NRR(1.0),Net replacement rates in unemployment,I,ITA,Italy,NHIDU,Net household income during unemployment,PT_INC_DISP_HH_BJL,Percentage of disposable household income before job loss,S_C0,"Single person, no children",Y4_6,4 and 6 years,AW100,100% of average wage,_Z,Not applicable,M41,41 months,NO,No,NO,No,A,Annual,2023,,0,,A,Normal value,0,Units,0,Zero
DATAFLOW,OECD.ELS.JAI:DSD_TAXBEN_NRR@DF_NRR(1.0),Net replacement rates in unemployment,I,ITA,Italy,NHIDU,Net household income during unemployment,PT_INC_DISP_HH_BJL,Percentage of disposable household income before job loss,S_C0,"Single person, no children",Y4_6,4 and 6 years,AW100,100% of average wage,_Z,Not applicable,M33,33 months,NO,No,NO,No,A,Annual,2023,,0,,A,Normal value,0,Units,0,Zero
DATAFLOW,OECD.ELS.JAI:DSD_TAXBEN_NRR@DF_NRR(1.0),Net replacement rates in unemployment,I,ITA,Italy,NHIDU,Net household income during unemployment,PT_INC_DISP_HH_BJL,Percentage of disposable household income before job loss,S_C0,"Single person, no children",Y4_6,4 and 6 years,AW100,100% of average wage,_Z,Not applicable,M58,58 months,NO,No,NO,No,A,Annual,2023,,0,,A,Normal value,0,Units,0,Zero
DATAFLOW,OECD.ELS.JAI:DSD_TAXBEN_NRR@DF_NRR(1.0),Net replacement rates in unemployment,I,ITA,Italy,NHIDU,Net household income during unemployment,PT_INC_DISP_HH_BJL,Percentage of disposable household income before job loss,S_C0,"Single person, no children",Y4_6,4 and 6 years,AW100,100% of average wage,_Z,Not applicable,M50,50 months,NO,No,NO,No,A,Annual,2023,,0,,A,Normal value,0,Units,0,Zero
DATAFLOW,OECD.ELS.JAI:DSD_TAXBEN_NRR@DF_NRR(1.0),Net replacement rates in unemployment,I,ITA,Italy,NHIDU,Net household income during unemployment,PT_INC_DISP_HH_BJL,Percentage of disposable household income before job loss,S_C0,"Single person, no children",Y4_6,4 and 6 years,AW100,100% of average wage,_Z,Not applicable,M35,35 months,NO,No,NO,No,A,Annual,2023,,0,,A,Normal value,0,Units,0,Zero
DATAFLOW,OECD.ELS.JAI:DSD_TAXBEN_NRR@DF_NRR(1.0),Net replacement rates in unemployment,I,ITA,Italy,NHIDU,Net household income during unemployment,PT_INC_DISP_HH_BJL,Percentage of disposable household income before job loss,S_C0,"Single person, no children",Y4_6,4 and 6 years,AW100,100% of average wage,_Z,Not applicable,M39,39 months,NO,No,NO,No,A,Annual,2023,,0,,A,Normal value,0,Units,0,Zero
DATAFLOW,OECD.ELS.JAI:DSD_TAXBEN_NRR@DF_NRR(1.0),Net replacement rates in unemployment,I,ITA,Italy,NHIDU,Net household income during unemployment,PT_INC_DISP_HH_BJL,Percentage of disposable household income before job loss,S_C0,"Single person, no children",Y4_6,4 and 6 years,AW100,100% of average wage,_Z,Not applicable,M46,46 months,NO,No,NO,No,A,Annual,2023,,0,,A,Normal value,0,Units,0,Zero
DATAFLOW,OECD.ELS.JAI:DSD_TAXBEN_NRR@DF_NRR(1.0),Net replacement rates in unemployment,I,ITA,Italy,NHIDU,Net household income during unemployment,PT_INC_DISP_HH_BJL,Percentage of disposable household income before job loss,S_C0,"Single person, no children",Y4_6,4 and 6 years,AW100,100% of average wage,_Z,Not applicable,M45,45 months,NO,No,NO,No,A,Annual,2023,,0,,A,Normal value,0,Units,0,Zero
DATAFLOW,OECD.ELS.JAI:DSD_TAXBEN_NRR@DF_NRR(1.0),Net replacement rates in unemployment,I,ITA,Italy,NHIDU,Net household income during unemployment,PT_INC_DISP_HH_BJL,Percentage of disposable household income before job loss,S_C0,"Single person, no children",Y4_6,4 and 6 years,AW100,100% of average wage,_Z,Not applicable,M38,38 months,NO,No,NO,No,A,Annual,2023,,0,,A,Normal value,0,Units,0,Zero
DATAFLOW,OECD.ELS.JAI:DSD_TAXBEN_NRR@DF_NRR(1.0),Net replacement rates in unemployment,I,ITA,Italy,NHIDU,Net household income during unemployment,PT_INC_DISP_HH_BJL,Percentage of disposable household income before job loss,S_C0,"Single person, no children",Y4_6,4 and 6 years,AW100,100% of average wage,_Z,Not applicable,M54,54 months,NO,No,NO,No,A,Annual,2023,,0,,A,Normal value,0,Units,0,Zero
DATAFLOW,OECD.ELS.JAI:DSD_TAXBEN_NRR@DF_NRR(1.0),Net replacement rates in unemployment,I,ITA,Italy,NHIDU,Net household income during unemployment,PT_INC_DISP_HH_BJL,Percentage of disposable household income before job loss,S_C0,"Single person, no children",Y4_6,4 and 6 years,AW100,100% of average wage,_Z,Not applicable,M52,52 months,YES,Yes,NO,No,A,Annual,2023,,0,,A,Normal value,0,Units,0,Zero
DATAFLOW,OECD.ELS.JAI:DSD_TAXBEN_NRR@DF_NRR(1.0),Net replacement rates in unemployment,I,ITA,Italy,NHIDU,Net household income during unemployment,PT_INC_DISP_HH_BJL,Percentage of disposable household income before job loss,S_C0,"Single person, no children",Y4_6,4 and 6 years,AW100,100% of average wage,_Z,Not applicable,M36,36 months,YES,Yes,NO,No,A,Annual,2023,,0,,A,Normal value,0,Units,0,Zero
DATAFLOW,OECD.ELS.JAI:DSD_TAXBEN_NRR@DF_NRR(1.0),Net replacement rates in unemployment,I,ITA,Italy,NHIDU,Net household income during unemployment,PT_INC_DISP_HH_BJL,Percentage of disposable household income before job loss,S_C0,"Single person, no children",Y4_6,4 and 6 years,AW100,100% of average wage,_Z,Not applicable,M44,44 months,YES,Yes,NO,No,A,Annual,2023,,0,,A,Normal value,0,Units,0,Zero
DATAFLOW,OECD.ELS.JAI:DSD_TAXBEN_NRR@DF_NRR(1.0),Net replacement rates in unemployment,I,ITA,Italy,NHIDU,Net household income during unemployment,PT_INC_DISP_HH_BJL,Percentage of disposable household income before job loss,S_C0,"Single person, no children",Y4_6,4 and 6 years,AW100,100% of average wage,_Z,Not applicable,M25,25 months,YES,Yes,NO,No,A,Annual,2023,,0,,A,Normal value,0,Units,0,Zero
DATAFLOW,OECD.ELS.JAI:DSD_TAXBEN_NRR@DF_NRR(1.0),Net replacement rates in unemployment,I,ITA,Italy,NHIDU,Net household income during unemployment,PT_INC_DISP_HH_BJL,Percentage of disposable household income before job loss,S_C0,"Single person, no children",Y4_6,4 and 6 years,AW100,100% of average wage,_Z,Not applicable,M47,47 months,YES,Yes,NO,No,A,Annual,2023,,0,,A,Normal value,0,Units,0,Zero
DATAFLOW,OECD.ELS.JAI:DSD_TAXBEN_NRR@DF_NRR(1.0),Net replacement rates in unemployment,I,ITA,Italy,NHIDU,Net household income during unemployment,PT_INC_DISP_HH_BJL,Percentage of disposable household income before job loss,S_C0,"Single person, no children",Y4_6,4 and 6 years,AW100,100% of average wage,_Z,Not applicable,M30,30 months,YES,Yes,NO,No,A,Annual,2023,,0,,A,Normal value,0,Units,0,Zero
DATAFLOW,OECD.ELS.JAI:DSD_TAXBEN_NRR@DF_NRR(1.0),Net replacement rates in unemployment,I,ITA,Italy,NHIDU,Net household income during unemployment,PT_INC_DISP_HH_BJL,Percentage of disposable household income before job loss,S_C0,"Single person, no children",Y4_6,4 and 6 years,AW100,100% of average wage,_Z,Not applicable,M48,48 months,YES,Yes,NO,No,A,Annual,2023,,0,,A,Normal value,0,Units,0,Zero
DATAFLOW,OECD.ELS.JAI:DSD_TAXBEN_NRR@DF_NRR(1.0),Net replacement rates in unemployment,I,ITA,Italy,NHIDU,Net household income during unemployment,PT_INC_DISP_HH_BJL,Percentage of disposable household income before job loss,S_C0,"Single person, no children",Y4_6,4 and 6 years,AW100,100% of average wage,_Z,Not applicable,M33,33 months,YES,Yes,NO,No,A,Annual,2023,,0,,A,Normal value,0,Units,0,Zero
DATAFLOW,OECD.ELS.JAI:DSD_TAXBEN_NRR@DF_NRR(1.0),Net replacement rates in unemployment,I,ITA,Italy,NHIDU,Net household income during unemployment,PT_INC_DISP_HH_BJL,Percentage of disposable household income before job loss,S_C0,"Single person, no children",Y4_6,4 and 6 years,AW100,100% of average wage,_Z,Not applicable,M51,51 months,YES,Yes,NO,No,A,Annual,2023,,0,,A,Normal value,0,Units,0,Zero
DATAFLOW,OECD.ELS.JAI:DSD_TAXBEN_NRR@DF_NRR(1.0),Net replacement rates in unemployment,I,ITA,Italy,NHIDU,Net household income during unemployment,PT_INC_DISP_HH_BJL,Percentage of disposable household income before job loss,S_C0,"Single person, no children",Y4_6,4 and 6 years,AW100,100% of average wage,_Z,Not applicable,M39,39 months,YES,Yes,NO,No,A,Annual,2023,,0,,A,Normal value,0,Units,0,Zero
DATAFLOW,OECD.ELS.JAI:DSD_TAXBEN_NRR@DF_NRR(1.0),Net replacement rates in unemployment,I,ITA,Italy,NHIDU,Net household income during unemployment,PT_INC_DISP_HH_BJL,Percentage of disposable household income before job loss,S_C0,"Single person, no children",Y4_6,4 and 6 years,AW100,100% of average wage,_Z,Not applicable,M58,58 months,YES,Yes,NO,No,A,Annual,2023,,0,,A,Normal value,0,Units,0,Zero
DATAFLOW,OECD.ELS.JAI:DSD_TAXBEN_NRR@DF_NRR(1.0),Net replacement rates in unemployment,I,ITA,Italy,NHIDU,Net household income during unemployment,PT_INC_DISP_HH_BJL,Percentage of disposable household income before job loss,S_C0,"Single person, no children",Y4_6,4 and 6 years,AW100,100% of average wage,_Z,Not applicable,M26,26 months,YES,Yes,NO,No,A,Annual,2023,,0,,A,Normal value,0,Units,0,Zero
DATAFLOW,OECD.ELS.JAI:DSD_TAXBEN_NRR@DF_NRR(1.0),Net replacement rates in unemployment,I,ITA,Italy,NHIDU,Net household income during unemployment,PT_INC_DISP_HH_BJL,Percentage of disposable household income before job loss,S_C0,"Single person, no children",Y4_6,4 and 6 years,AW100,100% of average wage,_Z,Not applicable,M54,54 months,YES,Yes,NO,No,A,Annual,2023,,0,,A,Normal value,0,Units,0,Zero
DATAFLOW,OECD.ELS.JAI:DSD_TAXBEN_NRR@DF_NRR(1.0),Net replacement rates in unemployment,I,ITA,Italy,NHIDU,Net household income during unemployment,PT_INC_DISP_HH_BJL,Percentage of disposable household income before job loss,S_C0,"Single person, no children",Y4_6,4 and 6 years,AW100,100% of average wage,_Z,Not applicable,M41,41 months,YES,Yes,NO,No,A,Annual,2023,,0,,A,Normal value,0,Units,0,Zero
DATAFLOW,OECD.ELS.JAI:DSD_TAXBEN_NRR@DF_NRR(1.0),Net replacement rates in unemployment,I,ITA,Italy,NHIDU,Net household income during unemployment,PT_INC_DISP_HH_BJL,Percentage of disposable household income before job loss,S_C0,"Single person, no children",Y4_6,4 and 6 years,AW100,100% of average wage,_Z,Not applicable,M57,57 months,YES,Yes,NO,No,A,Annual,2023,,0,,A,Normal value,0,Units,0,Zero
DATAFLOW,OECD.ELS.JAI:DSD_TAXBEN_NRR@DF_NRR(1.0),Net replacement rates in unemployment,I,ITA,Italy,NHIDU,Net household income during unemployment,PT_INC_DISP_HH_BJL,Percentage of disposable household income before job loss,S_C0,"Single person, no children",Y4_6,4 and 6 years,AW100,100% of average wage,_Z,Not applicable,M31,31 months,YES,Yes,NO,No,A,Annual,2023,,0,,A,Normal value,0,Units,0,Zero
DATAFLOW,OECD.ELS.JAI:DSD_TAXBEN_NRR@DF_NRR(1.0),Net replacement rates in unemployment,I,ITA,Italy,NHIDU,Net household income during unemployment,PT_INC_DISP_HH_BJL,Percentage of disposable household income before job loss,S_C0,"Single person, no children",Y4_6,4 and 6 years,AW100,100% of average wage,_Z,Not applicable,M42,42 months,YES,Yes,NO,No,A,Annual,2023,,0,,A,Normal value,0,Units,0,Zero
DATAFLOW,OECD.ELS.JAI:DSD_TAXBEN_NRR@DF_NRR(1.0),Net replacement rates in unemployment,I,ITA,Italy,NHIDU,Net household income during unemployment,PT_INC_DISP_HH_BJL,Percentage of disposable household income before job loss,S_C0,"Single person, no children",Y4_6,4 and 6 years,AW100,100% of average wage,_Z,Not applicable,M49,49 months,YES,Yes,NO,No,A,Annual,2023,,0,,A,Normal value,0,Units,0,Zero
DATAFLOW,OECD.ELS.JAI:DSD_TAXBEN_NRR@DF_NRR(1.0),Net replacement rates in unemployment,I,ITA,Italy,NHIDU,Net household income during unemployment,PT_INC_DISP_HH_BJL,Percentage of disposable household income before job loss,S_C0,"Single person, no children",Y4_6,4 and 6 years,AW100,100% of average wage,_Z,Not applicable,M38,38 months,YES,Yes,NO,No,A,Annual,2023,,0,,A,Normal value,0,Units,0,Zero
DATAFLOW,OECD.ELS.JAI:DSD_TAXBEN_NRR@DF_NRR(1.0),Net replacement rates in unemployment,I,ITA,Italy,NHIDU,Net household income during unemployment,PT_INC_DISP_HH_BJL,Percentage of disposable household income before job loss,S_C0,"Single person, no children",Y4_6,4 and 6 years,AW100,100% of average wage,_Z,Not applicable,M46,46 months,YES,Yes,NO,No,A,Annual,2023,,0,,A,Normal value,0,Units,0,Zero
DATAFLOW,OECD.ELS.JAI:DSD_TAXBEN_NRR@DF_NRR(1.0),Net replacement rates in unemployment,I,ITA,Italy,NHIDU,Net household income during unemployment,PT_INC_DISP_HH_BJL,Percentage of disposable household income before job loss,S_C0,"Single person, no children",Y4_6,4 and 6 years,AW100,100% of average wage,_Z,Not applicable,M59,59 months,YES,Yes,NO,No,A,Annual,2023,,0,,A,Normal value,0,Units,0,Zero
DATAFLOW,OECD.ELS.JAI:DSD_TAXBEN_NRR@DF_NRR(1.0),Net replacement rates in unemployment,I,ITA,Italy,NHIDU,Net household income during unemployment,PT_INC_DISP_HH_BJL,Percentage of disposable household income before job loss,S_C0,"Single person, no children",Y4_6,4 and 6 years,AW100,100% of average wage,_Z,Not applicable,M28,28 months,YES,Yes,NO,No,A,Annual,2023,,0,,A,Normal value,0,Units,0,Zero
DATAFLOW,OECD.ELS.JAI:DSD_TAXBEN_NRR@DF_NRR(1.0),Net replacement rates in unemployment,I,ITA,Italy,NHIDU,Net household income during unemployment,PT_INC_DISP_HH_BJL,Percentage of disposable household income before job loss,S_C0,"Single person, no children",Y4_6,4 and 6 years,AW100,100% of average wage,_Z,Not applicable,M27,27 months,YES,Yes,NO,No,A,Annual,2023,,0,,A,Normal value,0,Units,0,Zero
DATAFLOW,OECD.ELS.JAI:DSD_TAXBEN_NRR@DF_NRR(1.0),Net replacement rates in unemployment,I,ITA,Italy,NHIDU,Net household income during unemployment,PT_INC_DISP_HH_BJL,Percentage of disposable household income before job loss,S_C0,"Single person, no children",Y4_6,4 and 6 years,AW100,100% of average wage,_Z,Not applicable,M35,35 months,YES,Yes,NO,No,A,Annual,2023,,0,,A,Normal value,0,Units,0,Zero
DATAFLOW,OECD.ELS.JAI:DSD_TAXBEN_NRR@DF_NRR(1.0),Net replacement rates in unemployment,I,ITA,Italy,NHIDU,Net household income during unemployment,PT_INC_DISP_HH_BJL,Percentage of disposable household income before job loss,S_C0,"Single person, no children",Y4_6,4 and 6 years,AW100,100% of average wage,_Z,Not applicable,M60,60 months,YES,Yes,NO,No,A,Annual,2023,,0,,A,Normal value,0,Units,0,Zero
DATAFLOW,OECD.ELS.JAI:DSD_TAXBEN_NRR@DF_NRR(1.0),Net replacement rates in unemployment,I,ITA,Italy,NHIDU,Net household income during unemployment,PT_INC_DISP_HH_BJL,Percentage of disposable household income before job loss,S_C0,"Single person, no children",Y4_6,4 and 6 years,AW100,100% of average wage,_Z,Not applicable,M45,45 months,YES,Yes,NO,No,A,Annual,2023,,0,,A,Normal value,0,Units,0,Zero
DATAFLOW,OECD.ELS.JAI:DSD_TAXBEN_NRR@DF_NRR(1.0),Net replacement rates in unemployment,I,ITA,Italy,NHIDU,Net household income during unemployment,PT_INC_DISP_HH_BJL,Percentage of disposable household income before job loss,S_C0,"Single person, no children",Y4_6,4 and 6 years,AW100,100% of average wage,_Z,Not applicable,M29,29 months,YES,Yes,NO,No,A,Annual,2023,,0,,A,Normal value,0,Units,0,Zero
DATAFLOW,OECD.ELS.JAI:DSD_TAXBEN_NRR@DF_NRR(1.0),Net replacement rates in unemployment,I,ITA,Italy,NHIDU,Net household income during unemployment,PT_INC_DISP_HH_BJL,Percentage of disposable household income before job loss,S_C0,"Single person, no children",Y4_6,4 and 6 years,AW100,100% of average wage,_Z,Not applicable,M53,53 months,YES,Yes,NO,No,A,Annual,2023,,0,,A,Normal value,0,Units,0,Zero
DATAFLOW,OECD.ELS.JAI:DSD_TAXBEN_NRR@DF_NRR(1.0),Net replacement rates in unemployment,I,ITA,Italy,NHIDU,Net household income during unemployment,PT_INC_DISP_HH_BJL,Percentage of disposable household income before job loss,S_C0,"Single person, no children",Y4_6,4 and 6 years,AW100,100% of average wage,_Z,Not applicable,M34,34 months,YES,Yes,NO,No,A,Annual,2023,,0,,A,Normal value,0,Units,0,Zero
DATAFLOW,OECD.ELS.JAI:DSD_TAXBEN_NRR@DF_NRR(1.0),Net replacement rates in unemployment,I,ITA,Italy,NHIDU,Net household income during unemployment,PT_INC_DISP_HH_BJL,Percentage of disposable household income before job loss,S_C0,"Single person, no children",Y4_6,4 and 6 years,AW100,100% of average wage,_Z,Not applicable,M43,43 months,YES,Yes,NO,No,A,Annual,2023,,0,,A,Normal value,0,Units,0,Zero
DATAFLOW,OECD.ELS.JAI:DSD_TAXBEN_NRR@DF_NRR(1.0),Net replacement rates in unemployment,I,ITA,Italy,NHIDU,Net household income during unemployment,PT_INC_DISP_HH_BJL,Percentage of disposable household income before job loss,S_C0,"Single person, no children",Y4_6,4 and 6 years,AW100,100% of average wage,_Z,Not applicable,M37,37 months,YES,Yes,NO,No,A,Annual,2023,,0,,A,Normal value,0,Units,0,Zero
DATAFLOW,OECD.ELS.JAI:DSD_TAXBEN_NRR@DF_NRR(1.0),Net replacement rates in unemployment,I,ITA,Italy,NHIDU,Net household income during unemployment,PT_INC_DISP_HH_BJL,Percentage of disposable household income before job loss,S_C0,"Single person, no children",Y4_6,4 and 6 years,AW100,100% of average wage,_Z,Not applicable,M56,56 months,YES,Yes,NO,No,A,Annual,2023,,0,,A,Normal value,0,Units,0,Zero
DATAFLOW,OECD.ELS.JAI:DSD_TAXBEN_NRR@DF_NRR(1.0),Net replacement rates in unemployment,I,ITA,Italy,NHIDU,Net household income during unemployment,PT_INC_DISP_HH_BJL,Percentage of disposable household income before job loss,S_C0,"Single person, no children",Y4_6,4 and 6 years,AW100,100% of average wage,_Z,Not applicable,M50,50 months,YES,Yes,NO,No,A,Annual,2023,,0,,A,Normal value,0,Units,0,Zero
DATAFLOW,OECD.ELS.JAI:DSD_TAXBEN_NRR@DF_NRR(1.0),Net replacement rates in unemployment,I,ITA,Italy,NHIDU,Net household income during unemployment,PT_INC_DISP_HH_BJL,Percentage of disposable household income before job loss,S_C0,"Single person, no children",Y4_6,4 and 6 years,AW100,100% of average wage,_Z,Not applicable,M40,40 months,YES,Yes,NO,No,A,Annual,2023,,0,,A,Normal value,0,Units,0,Zero
DATAFLOW,OECD.ELS.JAI:DSD_TAXBEN_NRR@DF_NRR(1.0),Net replacement rates in unemployment,I,ITA,Italy,NHIDU,Net household income during unemployment,PT_INC_DISP_HH_BJL,Percentage of disposable household income before job loss,S_C0,"Single person, no children",Y4_6,4 and 6 years,AW100,100% of average wage,_Z,Not applicable,M55,55 months,YES,Yes,NO,No,A,Annual,2023,,0,,A,Normal value,0,Units,0,Zero
DATAFLOW,OECD.ELS.JAI:DSD_TAXBEN_NRR@DF_NRR(1.0),Net replacement rates in unemployment,I,ITA,Italy,NHIDU,Net household income during unemployment,PT_INC_DISP_HH_BJL,Percentage of disposable household income before job loss,S_C0,"Single person, no children",Y4_6,4 and 6 years,AW100,100% of average wage,_Z,Not applicable,M32,32 months,YES,Yes,NO,No,A,Annual,2023,,0,,A,Normal value,0,Units,0,Zero
DATAFLOW,OECD.ELS.JAI:DSD_TAXBEN_NRR@DF_NRR(1.0),Net replacement rates in unemployment,I,DEU,Germany,NHIDU,Net household income during unemployment,PT_INC_DISP_HH_BJL,Percentage of disposable household income before job loss,S_C0,"Single person, no children",Y4_6,4 and 6 years,AW100,100% of average wage,_Z,Not applicable,M56,56 months,NO,No,NO,No,A,Annual,2023,,16,,A,Normal value,0,Units,0,Zero
DATAFLOW,OECD.ELS.JAI:DSD_TAXBEN_NRR@DF_NRR(1.0),Net replacement rates in unemployment,I,DEU,Germany,NHIDU,Net household income during unemployment,PT_INC_DISP_HH_BJL,Percentage of disposable household income before job loss,S_C0,"Single person, no children",Y4_6,4 and 6 years,AW100,100% of average wage,_Z,Not applicable,M16,16 months,NO,No,NO,No,A,Annual,2023,,16,,A,Normal value,0,Units,0,Zero
DATAFLOW,OECD.ELS.JAI:DSD_TAXBEN_NRR@DF_NRR(1.0),Net replacement rates in unemployment,I,DEU,Germany,NHIDU,Net household income during unemployment,PT_INC_DISP_HH_BJL,Percentage of disposable household income before job loss,S_C0,"Single person, no children",Y4_6,4 and 6 years,AW100,100% of average wage,_Z,Not applicable,M23,23 months,NO,No,NO,No,A,Annual,2023,,16,,A,Normal value,0,Units,0,Zero
DATAFLOW,OECD.ELS.JAI:DSD_TAXBEN_NRR@DF_NRR(1.0),Net replacement rates in unemployment,I,DEU,Germany,NHIDU,Net household income during unemployment,PT_INC_DISP_HH_BJL,Percentage of disposable household income before job loss,S_C0,"Single person, no children",Y4_6,4 and 6 years,AW100,100% of average wage,_Z,Not applicable,M32,32 months,NO,No,NO,No,A,Annual,2023,,16,,A,Normal value,0,Units,0,Zero
DATAFLOW,OECD.ELS.JAI:DSD_TAXBEN_NRR@DF_NRR(1.0),Net replacement rates in unemployment,I,DEU,Germany,NHIDU,Net household income during unemployment,PT_INC_DISP_HH_BJL,Percentage of disposable household income before job loss,S_C0,"Single person, no children",Y4_6,4 and 6 years,AW100,100% of average wage,_Z,Not applicable,M13,13 months,NO,No,NO,No,A,Annual,2023,,16,,A,Normal value,0,Units,0,Zero
DATAFLOW,OECD.ELS.JAI:DSD_TAXBEN_NRR@DF_NRR(1.0),Net replacement rates in unemployment,I,DEU,Germany,NHIDU,Net household income during unemployment,PT_INC_DISP_HH_BJL,Percentage of disposable household income before job loss,S_C0,"Single person, no children",Y4_6,4 and 6 years,AW100,100% of average wage,_Z,Not applicable,M59,59 months,NO,No,NO,No,A,Annual,2023,,16,,A,Normal value,0,Units,0,Zero
DATAFLOW,OECD.ELS.JAI:DSD_TAXBEN_NRR@DF_NRR(1.0),Net replacement rates in unemployment,I,DEU,Germany,NHIDU,Net household income during unemployment,PT_INC_DISP_HH_BJL,Percentage of disposable household income before job loss,S_C0,"Single person, no children",Y4_6,4 and 6 years,AW100,100% of average wage,_Z,Not applicable,M19,19 months,NO,No,NO,No,A,Annual,2023,,16,,A,Normal value,0,Units,0,Zero
DATAFLOW,OECD.ELS.JAI:DSD_TAXBEN_NRR@DF_NRR(1.0),Net replacement rates in unemployment,I,DEU,Germany,NHIDU,Net household income during unemployment,PT_INC_DISP_HH_BJL,Percentage of disposable household income before job loss,S_C0,"Single person, no children",Y4_6,4 and 6 years,AW100,100% of average wage,_Z,Not applicable,M17,17 months,NO,No,NO,No,A,Annual,2023,,16,,A,Normal value,0,Units,0,Zero
DATAFLOW,OECD.ELS.JAI:DSD_TAXBEN_NRR@DF_NRR(1.0),Net replacement rates in unemployment,I,DEU,Germany,NHIDU,Net household income during unemployment,PT_INC_DISP_HH_BJL,Percentage of disposable household income before job loss,S_C0,"Single person, no children",Y4_6,4 and 6 years,AW100,100% of average wage,_Z,Not applicable,M53,53 months,NO,No,NO,No,A,Annual,2023,,16,,A,Normal value,0,Units,0,Zero
DATAFLOW,OECD.ELS.JAI:DSD_TAXBEN_NRR@DF_NRR(1.0),Net replacement rates in unemployment,I,DEU,Germany,NHIDU,Net household income during unemployment,PT_INC_DISP_HH_BJL,Percentage of disposable household income before job loss,S_C0,"Single person, no children",Y4_6,4 and 6 years,AW100,100% of average wage,_Z,Not applicable,M20,20 months,NO,No,NO,No,A,Annual,2023,,16,,A,Normal value,0,Units,0,Zero
DATAFLOW,OECD.ELS.JAI:DSD_TAXBEN_NRR@DF_NRR(1.0),Net replacement rates in unemployment,I,DEU,Germany,NHIDU,Net household income during unemployment,PT_INC_DISP_HH_BJL,Percentage of disposable household income before job loss,S_C0,"Single person, no children",Y4_6,4 and 6 years,AW100,100% of average wage,_Z,Not applicable,M18,18 months,NO,No,NO,No,A,Annual,2023,,16,,A,Normal value,0,Units,0,Zero
DATAFLOW,OECD.ELS.JAI:DSD_TAXBEN_NRR@DF_NRR(1.0),Net replacement rates in unemployment,I,DEU,Germany,NHIDU,Net household income during unemployment,PT_INC_DISP_HH_BJL,Percentage of disposable household income before job loss,S_C0,"Single person, no children",Y4_6,4 and 6 years,AW100,100% of average wage,_Z,Not applicable,M35,35 months,NO,No,NO,No,A,Annual,2023,,16,,A,Normal value,0,Units,0,Zero
DATAFLOW,OECD.ELS.JAI:DSD_TAXBEN_NRR@DF_NRR(1.0),Net replacement rates in unemployment,I,DEU,Germany,NHIDU,Net household income during unemployment,PT_INC_DISP_HH_BJL,Percentage of disposable household income before job loss,S_C0,"Single person, no children",Y4_6,4 and 6 years,AW100,100% of average wage,_Z,Not applicable,M27,27 months,NO,No,NO,No,A,Annual,2023,,16,,A,Normal value,0,Units,0,Zero
DATAFLOW,OECD.ELS.JAI:DSD_TAXBEN_NRR@DF_NRR(1.0),Net replacement rates in unemployment,I,DEU,Germany,NHIDU,Net household income during unemployment,PT_INC_DISP_HH_BJL,Percentage of disposable household income before job loss,S_C0,"Single person, no children",Y4_6,4 and 6 years,AW100,100% of average wage,_Z,Not applicable,M26,26 months,NO,No,NO,No,A,Annual,2023,,16,,A,Normal value,0,Units,0,Zero
DATAFLOW,OECD.ELS.JAI:DSD_TAXBEN_NRR@DF_NRR(1.0),Net replacement rates in unemployment,I,DEU,Germany,NHIDU,Net household income during unemployment,PT_INC_DISP_HH_BJL,Percentage of disposable household income before job loss,S_C0,"Single person, no children",Y4_6,4 and 6 years,AW100,100% of average wage,_Z,Not applicable,M60,60 months,NO,No,NO,No,A,Annual,2023,,16,,A,Normal value,0,Units,0,Zero
DATAFLOW,OECD.ELS.JAI:DSD_TAXBEN_NRR@DF_NRR(1.0),Net replacement rates in unemployment,I,DEU,Germany,NHIDU,Net household income during unemployment,PT_INC_DISP_HH_BJL,Percentage of disposable household income before job loss,S_C0,"Single person, no children",Y4_6,4 and 6 years,AW100,100% of average wage,_Z,Not applicable,M37,37 months,NO,No,NO,No,A,Annual,2023,,16,,A,Normal value,0,Units,0,Zero
DATAFLOW,OECD.ELS.JAI:DSD_TAXBEN_NRR@DF_NRR(1.0),Net replacement rates in unemployment,I,DEU,Germany,NHIDU,Net household income during unemployment,PT_INC_DISP_HH_BJL,Percentage of disposable household income before job loss,S_C0,"Single person, no children",Y4_6,4 and 6 years,AW100,100% of average wage,_Z,Not applicable,M28,28 months,NO,No,NO,No,A,Annual,2023,,16,,A,Normal value,0,Units,0,Zero
DATAFLOW,OECD.ELS.JAI:DSD_TAXBEN_NRR@DF_NRR(1.0),Net replacement rates in unemployment,I,DEU,Germany,NHIDU,Net household income during unemployment,PT_INC_DISP_HH_BJL,Percentage of disposable household income before job loss,S_C0,"Single person, no children",Y4_6,4 and 6 years,AW100,100% of average wage,_Z,Not applicable,M57,57 months,NO,No,NO,No,A,Annual,2023,,16,,A,Normal value,0,Units,0,Zero
DATAFLOW,OECD.ELS.JAI:DSD_TAXBEN_NRR@DF_NRR(1.0),Net replacement rates in unemployment,I,DEU,Germany,NHIDU,Net household income during unemployment,PT_INC_DISP_HH_BJL,Percentage of disposable household income before job loss,S_C0,"Single person, no children",Y4_6,4 and 6 years,AW100,100% of average wage,_Z,Not applicable,M47,47 months,NO,No,NO,No,A,Annual,2023,,16,,A,Normal value,0,Units,0,Zero
DATAFLOW,OECD.ELS.JAI:DSD_TAXBEN_NRR@DF_NRR(1.0),Net replacement rates in unemployment,I,DEU,Germany,NHIDU,Net household income during unemployment,PT_INC_DISP_HH_BJL,Percentage of disposable household income before job loss,S_C0,"Single person, no children",Y4_6,4 and 6 years,AW100,100% of average wage,_Z,Not applicable,M51,51 months,NO,No,NO,No,A,Annual,2023,,16,,A,Normal value,0,Units,0,Zero
DATAFLOW,OECD.ELS.JAI:DSD_TAXBEN_NRR@DF_NRR(1.0),Net replacement rates in unemployment,I,DEU,Germany,NHIDU,Net household income during unemployment,PT_INC_DISP_HH_BJL,Percentage of disposable household income before job loss,S_C0,"Single person, no children",Y4_6,4 and 6 years,AW100,100% of average wage,_Z,Not applicable,M46,46 months,NO,No,NO,No,A,Annual,2023,,16,,A,Normal value,0,Units,0,Zero
DATAFLOW,OECD.ELS.JAI:DSD_TAXBEN_NRR@DF_NRR(1.0),Net replacement rates in unemployment,I,DEU,Germany,NHIDU,Net household income during unemployment,PT_INC_DISP_HH_BJL,Percentage of disposable household income before job loss,S_C0,"Single person, no children",Y4_6,4 and 6 years,AW100,100% of average wage,_Z,Not applicable,M50,50 months,NO,No,NO,No,A,Annual,2023,,16,,A,Normal value,0,Units,0,Zero
DATAFLOW,OECD.ELS.JAI:DSD_TAXBEN_NRR@DF_NRR(1.0),Net replacement rates in unemployment,I,DEU,Germany,NHIDU,Net household income during unemployment,PT_INC_DISP_HH_BJL,Percentage of disposable household income before job loss,S_C0,"Single person, no children",Y4_6,4 and 6 years,AW100,100% of average wage,_Z,Not applicable,M33,33 months,NO,No,NO,No,A,Annual,2023,,16,,A,Normal value,0,Units,0,Zero
DATAFLOW,OECD.ELS.JAI:DSD_TAXBEN_NRR@DF_NRR(1.0),Net replacement rates in unemployment,I,DEU,Germany,NHIDU,Net household income during unemployment,PT_INC_DISP_HH_BJL,Percentage of disposable household income before job loss,S_C0,"Single person, no children",Y4_6,4 and 6 years,AW100,100% of average wage,_Z,Not applicable,M43,43 months,NO,No,NO,No,A,Annual,2023,,16,,A,Normal value,0,Units,0,Zero
DATAFLOW,OECD.ELS.JAI:DSD_TAXBEN_NRR@DF_NRR(1.0),Net replacement rates in unemployment,I,DEU,Germany,NHIDU,Net household income during unemployment,PT_INC_DISP_HH_BJL,Percentage of disposable household income before job loss,S_C0,"Single person, no children",Y4_6,4 and 6 years,AW100,100% of average wage,_Z,Not applicable,M54,54 months,NO,No,NO,No,A,Annual,2023,,16,,A,Normal value,0,Units,0,Zero
DATAFLOW,OECD.ELS.JAI:DSD_TAXBEN_NRR@DF_NRR(1.0),Net replacement rates in unemployment,I,DEU,Germany,NHIDU,Net household income during unemployment,PT_INC_DISP_HH_BJL,Percentage of disposable household income before job loss,S_C0,"Single person, no children",Y4_6,4 and 6 years,AW100,100% of average wage,_Z,Not applicable,M22,22 months,NO,No,NO,No,A,Annual,2023,,16,,A,Normal value,0,Units,0,Zero
DATAFLOW,OECD.ELS.JAI:DSD_TAXBEN_NRR@DF_NRR(1.0),Net replacement rates in unemployment,I,DEU,Germany,NHIDU,Net household income during unemployment,PT_INC_DISP_HH_BJL,Percentage of disposable household income before job loss,S_C0,"Single person, no children",Y4_6,4 and 6 years,AW100,100% of average wage,_Z,Not applicable,M29,29 months,NO,No,NO,No,A,Annual,2023,,16,,A,Normal value,0,Units,0,Zero
DATAFLOW,OECD.ELS.JAI:DSD_TAXBEN_NRR@DF_NRR(1.0),Net replacement rates in unemployment,I,DEU,Germany,NHIDU,Net household income during unemployment,PT_INC_DISP_HH_BJL,Percentage of disposable household income before job loss,S_C0,"Single person, no children",Y4_6,4 and 6 years,AW100,100% of average wage,_Z,Not applicable,M39,39 months,NO,No,NO,No,A,Annual,2023,,16,,A,Normal value,0,Units,0,Zero
DATAFLOW,OECD.ELS.JAI:DSD_TAXBEN_NRR@DF_NRR(1.0),Net replacement rates in unemployment,I,DEU,Germany,NHIDU,Net household income during unemployment,PT_INC_DISP_HH_BJL,Percentage of disposable household income before job loss,S_C0,"Single person, no children",Y4_6,4 and 6 years,AW100,100% of average wage,_Z,Not applicable,M40,40 months,NO,No,NO,No,A,Annual,2023,,16,,A,Normal value,0,Units,0,Zero
DATAFLOW,OECD.ELS.JAI:DSD_TAXBEN_NRR@DF_NRR(1.0),Net replacement rates in unemployment,I,DEU,Germany,NHIDU,Net household income during unemployment,PT_INC_DISP_HH_BJL,Percentage of disposable household income before job loss,S_C0,"Single person, no children",Y4_6,4 and 6 years,AW100,100% of average wage,_Z,Not applicable,M30,30 months,NO,No,NO,No,A,Annual,2023,,16,,A,Normal value,0,Units,0,Zero
DATAFLOW,OECD.ELS.JAI:DSD_TAXBEN_NRR@DF_NRR(1.0),Net replacement rates in unemployment,I,DEU,Germany,NHIDU,Net household income during unemployment,PT_INC_DISP_HH_BJL,Percentage of disposable household income before job loss,S_C0,"Single person, no children",Y4_6,4 and 6 years,AW100,100% of average wage,_Z,Not applicable,M48,48 months,NO,No,NO,No,A,Annual,2023,,16,,A,Normal value,0,Units,0,Zero
DATAFLOW,OECD.ELS.JAI:DSD_TAXBEN_NRR@DF_NRR(1.0),Net replacement rates in unemployment,I,DEU,Germany,NHIDU,Net household income during unemployment,PT_INC_DISP_HH_BJL,Percentage of disposable household income before job loss,S_C0,"Single person, no children",Y4_6,4 and 6 years,AW100,100% of average wage,_Z,Not applicable,M25,25 months,NO,No,NO,No,A,Annual,2023,,16,,A,Normal value,0,Units,0,Zero
DATAFLOW,OECD.ELS.JAI:DSD_TAXBEN_NRR@DF_NRR(1.0),Net replacement rates in unemployment,I,DEU,Germany,NHIDU,Net household income during unemployment,PT_INC_DISP_HH_BJL,Percentage of disposable household income before job loss,S_C0,"Single person, no children",Y4_6,4 and 6 years,AW100,100% of average wage,_Z,Not applicable,M15,15 months,NO,No,NO,No,A,Annual,2023,,16,,A,Normal value,0,Units,0,Zero
DATAFLOW,OECD.ELS.JAI:DSD_TAXBEN_NRR@DF_NRR(1.0),Net replacement rates in unemployment,I,DEU,Germany,NHIDU,Net household income during unemployment,PT_INC_DISP_HH_BJL,Percentage of disposable household income before job loss,S_C0,"Single person, no children",Y4_6,4 and 6 years,AW100,100% of average wage,_Z,Not applicable,M7,7 months,NO,No,NO,No,A,Annual,2023,,59,,A,Normal value,0,Units,0,Zero
DATAFLOW,OECD.ELS.JAI:DSD_TAXBEN_NRR@DF_NRR(1.0),Net replacement rates in unemployment,I,DEU,Germany,NHIDU,Net household income during unemployment,PT_INC_DISP_HH_BJL,Percentage of disposable household income before job loss,S_C0,"Single person, no children",Y4_6,4 and 6 years,AW100,100% of average wage,_Z,Not applicable,M11,11 months,NO,No,NO,No,A,Annual,2023,,59,,A,Normal value,0,Units,0,Zero
DATAFLOW,OECD.ELS.JAI:DSD_TAXBEN_NRR@DF_NRR(1.0),Net replacement rates in unemployment,I,DEU,Germany,NHIDU,Net household income during unemployment,PT_INC_DISP_HH_BJL,Percentage of disposable household income before job loss,S_C0,"Single person, no children",Y4_6,4 and 6 years,AW100,100% of average wage,_Z,Not applicable,M2,2 months,NO,No,NO,No,A,Annual,2023,,59,,A,Normal value,0,Units,0,Zero
DATAFLOW,OECD.ELS.JAI:DSD_TAXBEN_NRR@DF_NRR(1.0),Net replacement rates in unemployment,I,DEU,Germany,NHIDU,Net household income during unemployment,PT_INC_DISP_HH_BJL,Percentage of disposable household income before job loss,S_C0,"Single person, no children",Y4_6,4 and 6 years,AW100,100% of average wage,_Z,Not applicable,M4,4 months,NO,No,NO,No,A,Annual,2023,,59,,A,Normal value,0,Units,0,Zero
DATAFLOW,OECD.ELS.JAI:DSD_TAXBEN_NRR@DF_NRR(1.0),Net replacement rates in unemployment,I,DEU,Germany,NHIDU,Net household income during unemployment,PT_INC_DISP_HH_BJL,Percentage of disposable household income before job loss,S_C0,"Single person, no children",Y4_6,4 and 6 years,AW100,100% of average wage,_Z,Not applicable,M8,8 months,NO,No,NO,No,A,Annual,2023,,59,,A,Normal value,0,Units,0,Zero
DATAFLOW,OECD.ELS.JAI:DSD_TAXBEN_NRR@DF_NRR(1.0),Net replacement rates in unemployment,I,DEU,Germany,NHIDU,Net household income during unemployment,PT_INC_DISP_HH_BJL,Percentage of disposable household income before job loss,S_C0,"Single person, no children",Y4_6,4 and 6 years,AW100,100% of average wage,_Z,Not applicable,M9,9 months,NO,No,NO,No,A,Annual,2023,,59,,A,Normal value,0,Units,0,Zero
DATAFLOW,OECD.ELS.JAI:DSD_TAXBEN_NRR@DF_NRR(1.0),Net replacement rates in unemployment,I,DEU,Germany,NHIDU,Net household income during unemployment,PT_INC_DISP_HH_BJL,Percentage of disposable household income before job loss,S_C0,"Single person, no children",Y4_6,4 and 6 years,AW100,100% of average wage,_Z,Not applicable,M12,12 months,NO,No,NO,No,A,Annual,2023,,59,,A,Normal value,0,Units,0,Zero
DATAFLOW,OECD.ELS.JAI:DSD_TAXBEN_NRR@DF_NRR(1.0),Net replacement rates in unemployment,I,DEU,Germany,NHIDU,Net household income during unemployment,PT_INC_DISP_HH_BJL,Percentage of disposable household income before job loss,S_C0,"Single person, no children",Y4_6,4 and 6 years,AW100,100% of average wage,_Z,Not applicable,M5,5 months,NO,No,NO,No,A,Annual,2023,,59,,A,Normal value,0,Units,0,Zero
DATAFLOW,OECD.ELS.JAI:DSD_TAXBEN_NRR@DF_NRR(1.0),Net replacement rates in unemployment,I,DEU,Germany,NHIDU,Net household income during unemployment,PT_INC_DISP_HH_BJL,Percentage of disposable household income before job loss,S_C0,"Single person, no children",Y4_6,4 and 6 years,AW100,100% of average wage,_Z,Not applicable,M1,1 month,NO,No,NO,No,A,Annual,2023,,59,,A,Normal value,0,Units,0,Zero
DATAFLOW,OECD.ELS.JAI:DSD_TAXBEN_NRR@DF_NRR(1.0),Net replacement rates in unemployment,I,DEU,Germany,NHIDU,Net household income during unemployment,PT_INC_DISP_HH_BJL,Percentage of disposable household income before job loss,S_C0,"Single person, no children",Y4_6,4 and 6 years,AW100,100% of average wage,_Z,Not applicable,M6,6 months,NO,No,NO,No,A,Annual,2023,,59,,A,Normal value,0,Units,0,Zero
DATAFLOW,OECD.ELS.JAI:DSD_TAXBEN_NRR@DF_NRR(1.0),Net replacement rates in unemployment,I,USA,United States,NHIDU,Net household income during unemployment,PT_INC_DISP_HH_BJL,Percentage of disposable household income before job loss,S_C0,"Single person, no children",Y4_6,4 and 6 years,AW100,100% of average wage,_Z,Not applicable,M5,5 months,NO,No,NO,No,A,Annual,2023,,22,,A,Normal value,0,Units,0,Zero
DATAFLOW,OECD.ELS.JAI:DSD_TAXBEN_NRR@DF_NRR(1.0),Net replacement rates in unemployment,I,USA,United States,NHIDU,Net household income during unemployment,PT_INC_DISP_HH_BJL,Percentage of disposable household income before job loss,S_C0,"Single person, no children",Y4_6,4 and 6 years,AW100,100% of average wage,_Z,Not applicable,M1,1 month,NO,No,NO,No,A,Annual,2023,,34,,A,Normal value,0,Units,0,Zero
DATAFLOW,OECD.ELS.JAI:DSD_TAXBEN_NRR@DF_NRR(1.0),Net replacement rates in unemployment,I,USA,United States,NHIDU,Net household income during unemployment,PT_INC_DISP_HH_BJL,Percentage of disposable household income before job loss,S_C0,"Single person, no children",Y4_6,4 and 6 years,AW100,100% of average wage,_Z,Not applicable,M3,3 months,NO,No,NO,No,A,Annual,2023,,34,,A,Normal value,0,Units,0,Zero
DATAFLOW,OECD.ELS.JAI:DSD_TAXBEN_NRR@DF_NRR(1.0),Net replacement rates in unemployment,I,USA,United States,NHIDU,Net household income during unemployment,PT_INC_DISP_HH_BJL,Percentage of disposable household income before job loss,S_C0,"Single person, no children",Y4_6,4 and 6 years,AW100,100% of average wage,_Z,Not applicable,M2,2 months,NO,No,NO,No,A,Annual,2023,,34,,A,Normal value,0,Units,0,Zero
DATAFLOW,OECD.ELS.JAI:DSD_TAXBEN_NRR@DF_NRR(1.0),Net replacement rates in unemployment,I,DEU,Germany,NHIDU,Net household income during unemployment,PT_INC_DISP_HH_BJL,Percentage of disposable household income before job loss,S_C0,"Single person, no children",Y4_6,4 and 6 years,AW100,100% of average wage,_Z,Not applicable,M34,34 months,YES,Yes,NO,No,A,Annual,2023,,16,,A,Normal value,0,Units,0,Zero
DATAFLOW,OECD.ELS.JAI:DSD_TAXBEN_NRR@DF_NRR(1.0),Net replacement rates in unemployment,I,DEU,Germany,NHIDU,Net household income during unemployment,PT_INC_DISP_HH_BJL,Percentage of disposable household income before job loss,S_C0,"Single person, no children",Y4_6,4 and 6 years,AW100,100% of average wage,_Z,Not applicable,M25,25 months,YES,Yes,NO,No,A,Annual,2023,,16,,A,Normal value,0,Units,0,Zero
DATAFLOW,OECD.ELS.JAI:DSD_TAXBEN_NRR@DF_NRR(1.0),Net replacement rates in unemployment,I,DEU,Germany,NHIDU,Net household income during unemployment,PT_INC_DISP_HH_BJL,Percentage of disposable household income before job loss,S_C0,"Single person, no children",Y4_6,4 and 6 years,AW100,100% of average wage,_Z,Not applicable,M26,26 months,YES,Yes,NO,No,A,Annual,2023,,16,,A,Normal value,0,Units,0,Zero
DATAFLOW,OECD.ELS.JAI:DSD_TAXBEN_NRR@DF_NRR(1.0),Net replacement rates in unemployment,I,DEU,Germany,NHIDU,Net household income during unemployment,PT_INC_DISP_HH_BJL,Percentage of disposable household income before job loss,S_C0,"Single person, no children",Y4_6,4 and 6 years,AW100,100% of average wage,_Z,Not applicable,M32,32 months,YES,Yes,NO,No,A,Annual,2023,,16,,A,Normal value,0,Units,0,Zero
DATAFLOW,OECD.ELS.JAI:DSD_TAXBEN_NRR@DF_NRR(1.0),Net replacement rates in unemployment,I,DEU,Germany,NHIDU,Net household income during unemployment,PT_INC_DISP_HH_BJL,Percentage of disposable household income before job loss,S_C0,"Single person, no children",Y4_6,4 and 6 years,AW100,100% of average wage,_Z,Not applicable,M58,58 months,YES,Yes,NO,No,A,Annual,2023,,16,,A,Normal value,0,Units,0,Zero
DATAFLOW,OECD.ELS.JAI:DSD_TAXBEN_NRR@DF_NRR(1.0),Net replacement rates in unemployment,I,DEU,Germany,NHIDU,Net household income during unemployment,PT_INC_DISP_HH_BJL,Percentage of disposable household income before job loss,S_C0,"Single person, no children",Y4_6,4 and 6 years,AW100,100% of average wage,_Z,Not applicable,M35,35 months,YES,Yes,NO,No,A,Annual,2023,,16,,A,Normal value,0,Units,0,Zero
DATAFLOW,OECD.ELS.JAI:DSD_TAXBEN_NRR@DF_NRR(1.0),Net replacement rates in unemployment,I,DEU,Germany,NHIDU,Net household income during unemployment,PT_INC_DISP_HH_BJL,Percentage of disposable household income before job loss,S_C0,"Single person, no children",Y4_6,4 and 6 years,AW100,100% of average wage,_Z,Not applicable,M18,18 months,YES,Yes,NO,No,A,Annual,2023,,16,,A,Normal value,0,Units,0,Zero
DATAFLOW,OECD.ELS.JAI:DSD_TAXBEN_NRR@DF_NRR(1.0),Net replacement rates in unemployment,I,DEU,Germany,NHIDU,Net household income during unemployment,PT_INC_DISP_HH_BJL,Percentage of disposable household income before job loss,S_C0,"Single person, no children",Y4_6,4 and 6 years,AW100,100% of average wage,_Z,Not applicable,M49,49 months,YES,Yes,NO,No,A,Annual,2023,,16,,A,Normal value,0,Units,0,Zero
DATAFLOW,OECD.ELS.JAI:DSD_TAXBEN_NRR@DF_NRR(1.0),Net replacement rates in unemployment,I,DEU,Germany,NHIDU,Net household income during unemployment,PT_INC_DISP_HH_BJL,Percentage of disposable household income before job loss,S_C0,"Single person, no children",Y4_6,4 and 6 years,AW100,100% of average wage,_Z,Not applicable,M13,13 months,YES,Yes,NO,No,A,Annual,2023,,16,,A,Normal value,0,Units,0,Zero
DATAFLOW,OECD.ELS.JAI:DSD_TAXBEN_NRR@DF_NRR(1.0),Net replacement rates in unemployment,I,DEU,Germany,NHIDU,Net household income during unemployment,PT_INC_DISP_HH_BJL,Percentage of disposable household income before job loss,S_C0,"Single person, no children",Y4_6,4 and 6 years,AW100,100% of average wage,_Z,Not applicable,M47,47 months,YES,Yes,NO,No,A,Annual,2023,,16,,A,Normal value,0,Units,0,Zero
DATAFLOW,OECD.ELS.JAI:DSD_TAXBEN_NRR@DF_NRR(1.0),Net replacement rates in unemployment,I,DEU,Germany,NHIDU,Net household income during unemployment,PT_INC_DISP_HH_BJL,Percentage of disposable household income before job loss,S_C0,"Single person, no children",Y4_6,4 and 6 years,AW100,100% of average wage,_Z,Not applicable,M37,37 months,YES,Yes,NO,No,A,Annual,2023,,16,,A,Normal value,0,Units,0,Zero
DATAFLOW,OECD.ELS.JAI:DSD_TAXBEN_NRR@DF_NRR(1.0),Net replacement rates in unemployment,I,DEU,Germany,NHIDU,Net household income during unemployment,PT_INC_DISP_HH_BJL,Percentage of disposable household income before job loss,S_C0,"Single person, no children",Y4_6,4 and 6 years,AW100,100% of average wage,_Z,Not applicable,M50,50 months,YES,Yes,NO,No,A,Annual,2023,,16,,A,Normal value,0,Units,0,Zero
DATAFLOW,OECD.ELS.JAI:DSD_TAXBEN_NRR@DF_NRR(1.0),Net replacement rates in unemployment,I,DEU,Germany,NHIDU,Net household income during unemployment,PT_INC_DISP_HH_BJL,Percentage of disposable household income before job loss,S_C0,"Single person, no children",Y4_6,4 and 6 years,AW100,100% of average wage,_Z,Not applicable,M54,54 months,YES,Yes,NO,No,A,Annual,2023,,16,,A,Normal value,0,Units,0,Zero
DATAFLOW,OECD.ELS.JAI:DSD_TAXBEN_NRR@DF_NRR(1.0),Net replacement rates in unemployment,I,DEU,Germany,NHIDU,Net household income during unemployment,PT_INC_DISP_HH_BJL,Percentage of disposable household income before job loss,S_C0,"Single person, no children",Y4_6,4 and 6 years,AW100,100% of average wage,_Z,Not applicable,M39,39 months,YES,Yes,NO,No,A,Annual,2023,,16,,A,Normal value,0,Units,0,Zero
DATAFLOW,OECD.ELS.JAI:DSD_TAXBEN_NRR@DF_NRR(1.0),Net replacement rates in unemployment,I,DEU,Germany,NHIDU,Net household income during unemployment,PT_INC_DISP_HH_BJL,Percentage of disposable household income before job loss,S_C0,"Single person, no children",Y4_6,4 and 6 years,AW100,100% of average wage,_Z,Not applicable,M56,56 months,YES,Yes,NO,No,A,Annual,2023,,16,,A,Normal value,0,Units,0,Zero
DATAFLOW,OECD.ELS.JAI:DSD_TAXBEN_NRR@DF_NRR(1.0),Net replacement rates in unemployment,I,DEU,Germany,NHIDU,Net household income during unemployment,PT_INC_DISP_HH_BJL,Percentage of disposable household income before job loss,S_C0,"Single person, no children",Y4_6,4 and 6 years,AW100,100% of average wage,_Z,Not applicable,M23,23 months,YES,Yes,NO,No,A,Annual,2023,,16,,A,Normal value,0,Units,0,Zero
DATAFLOW,OECD.ELS.JAI:DSD_TAXBEN_NRR@DF_NRR(1.0),Net replacement rates in unemployment,I,DEU,Germany,NHIDU,Net household income during unemployment,PT_INC_DISP_HH_BJL,Percentage of disposable household income before job loss,S_C0,"Single person, no children",Y4_6,4 and 6 years,AW100,100% of average wage,_Z,Not applicable,M46,46 months,YES,Yes,NO,No,A,Annual,2023,,16,,A,Normal value,0,Units,0,Zero
DATAFLOW,OECD.ELS.JAI:DSD_TAXBEN_NRR@DF_NRR(1.0),Net replacement rates in unemployment,I,DEU,Germany,NHIDU,Net household income during unemployment,PT_INC_DISP_HH_BJL,Percentage of disposable household income before job loss,S_C0,"Single person, no children",Y4_6,4 and 6 years,AW100,100% of average wage,_Z,Not applicable,M21,21 months,YES,Yes,NO,No,A,Annual,2023,,16,,A,Normal value,0,Units,0,Zero
DATAFLOW,OECD.ELS.JAI:DSD_TAXBEN_NRR@DF_NRR(1.0),Net replacement rates in unemployment,I,DEU,Germany,NHIDU,Net household income during unemployment,PT_INC_DISP_HH_BJL,Percentage of disposable household income before job loss,S_C0,"Single person, no children",Y4_6,4 and 6 years,AW100,100% of average wage,_Z,Not applicable,M17,17 months,YES,Yes,NO,No,A,Annual,2023,,16,,A,Normal value,0,Units,0,Zero
DATAFLOW,OECD.ELS.JAI:DSD_TAXBEN_NRR@DF_NRR(1.0),Net replacement rates in unemployment,I,DEU,Germany,NHIDU,Net household income during unemployment,PT_INC_DISP_HH_BJL,Percentage of disposable household income before job loss,S_C0,"Single person, no children",Y4_6,4 and 6 years,AW100,100% of average wage,_Z,Not applicable,M48,48 months,YES,Yes,NO,No,A,Annual,2023,,16,,A,Normal value,0,Units,0,Zero
DATAFLOW,OECD.ELS.JAI:DSD_TAXBEN_NRR@DF_NRR(1.0),Net replacement rates in unemployment,I,DEU,Germany,NHIDU,Net household income during unemployment,PT_INC_DISP_HH_BJL,Percentage of disposable household income before job loss,S_C0,"Single person, no children",Y4_6,4 and 6 years,AW100,100% of average wage,_Z,Not applicable,M20,20 months,YES,Yes,NO,No,A,Annual,2023,,16,,A,Normal value,0,Units,0,Zero
DATAFLOW,OECD.ELS.JAI:DSD_TAXBEN_NRR@DF_NRR(1.0),Net replacement rates in unemployment,I,DEU,Germany,NHIDU,Net household income during unemployment,PT_INC_DISP_HH_BJL,Percentage of disposable household income before job loss,S_C0,"Single person, no children",Y4_6,4 and 6 years,AW100,100% of average wage,_Z,Not applicable,M45,45 months,YES,Yes,NO,No,A,Annual,2023,,16,,A,Normal value,0,Units,0,Zero
DATAFLOW,OECD.ELS.JAI:DSD_TAXBEN_NRR@DF_NRR(1.0),Net replacement rates in unemployment,I,DEU,Germany,NHIDU,Net household income during unemployment,PT_INC_DISP_HH_BJL,Percentage of disposable household income before job loss,S_C0,"Single person, no children",Y4_6,4 and 6 years,AW100,100% of average wage,_Z,Not applicable,M31,31 months,YES,Yes,NO,No,A,Annual,2023,,16,,A,Normal value,0,Units,0,Zero
DATAFLOW,OECD.ELS.JAI:DSD_TAXBEN_NRR@DF_NRR(1.0),Net replacement rates in unemployment,I,DEU,Germany,NHIDU,Net household income during unemployment,PT_INC_DISP_HH_BJL,Percentage of disposable household income before job loss,S_C0,"Single person, no children",Y4_6,4 and 6 years,AW100,100% of average wage,_Z,Not applicable,M28,28 months,YES,Yes,NO,No,A,Annual,2023,,16,,A,Normal value,0,Units,0,Zero
DATAFLOW,OECD.ELS.JAI:DSD_TAXBEN_NRR@DF_NRR(1.0),Net replacement rates in unemployment,I,DEU,Germany,NHIDU,Net household income during unemployment,PT_INC_DISP_HH_BJL,Percentage of disposable household income before job loss,S_C0,"Single person, no children",Y4_6,4 and 6 years,AW100,100% of average wage,_Z,Not applicable,M24,24 months,YES,Yes,NO,No,A,Annual,2023,,16,,A,Normal value,0,Units,0,Zero
DATAFLOW,OECD.ELS.JAI:DSD_TAXBEN_NRR@DF_NRR(1.0),Net replacement rates in unemployment,I,DEU,Germany,NHIDU,Net household income during unemployment,PT_INC_DISP_HH_BJL,Percentage of disposable household income before job loss,S_C0,"Single person, no children",Y4_6,4 and 6 years,AW100,100% of average wage,_Z,Not applicable,M41,41 months,YES,Yes,NO,No,A,Annual,2023,,16,,A,Normal value,0,Units,0,Zero
DATAFLOW,OECD.ELS.JAI:DSD_TAXBEN_NRR@DF_NRR(1.0),Net replacement rates in unemployment,I,DEU,Germany,NHIDU,Net household income during unemployment,PT_INC_DISP_HH_BJL,Percentage of disposable household income before job loss,S_C0,"Single person, no children",Y4_6,4 and 6 years,AW100,100% of average wage,_Z,Not applicable,M27,27 months,YES,Yes,NO,No,A,Annual,2023,,16,,A,Normal value,0,Units,0,Zero
DATAFLOW,OECD.ELS.JAI:DSD_TAXBEN_NRR@DF_NRR(1.0),Net replacement rates in unemployment,I,DEU,Germany,NHIDU,Net household income during unemployment,PT_INC_DISP_HH_BJL,Percentage of disposable household income before job loss,S_C0,"Single person, no children",Y4_6,4 and 6 years,AW100,100% of average wage,_Z,Not applicable,M52,52 months,YES,Yes,NO,No,A,Annual,2023,,16,,A,Normal value,0,Units,0,Zero
DATAFLOW,OECD.ELS.JAI:DSD_TAXBEN_NRR@DF_NRR(1.0),Net replacement rates in unemployment,I,DEU,Germany,NHIDU,Net household income during unemployment,PT_INC_DISP_HH_BJL,Percentage of disposable household income before job loss,S_C0,"Single person, no children",Y4_6,4 and 6 years,AW100,100% of average wage,_Z,Not applicable,M59,59 months,YES,Yes,NO,No,A,Annual,2023,,16,,A,Normal value,0,Units,0,Zero
DATAFLOW,OECD.ELS.JAI:DSD_TAXBEN_NRR@DF_NRR(1.0),Net replacement rates in unemployment,I,DEU,Germany,NHIDU,Net household income during unemployment,PT_INC_DISP_HH_BJL,Percentage of disposable household income before job loss,S_C0,"Single person, no children",Y4_6,4 and 6 years,AW100,100% of average wage,_Z,Not applicable,M44,44 months,YES,Yes,NO,No,A,Annual,2023,,16,,A,Normal value,0,Units,0,Zero
DATAFLOW,OECD.ELS.JAI:DSD_TAXBEN_NRR@DF_NRR(1.0),Net replacement rates in unemployment,I,DEU,Germany,NHIDU,Net household income during unemployment,PT_INC_DISP_HH_BJL,Percentage of disposable household income before job loss,S_C0,"Single person, no children",Y4_6,4 and 6 years,AW100,100% of average wage,_Z,Not applicable,M19,19 months,YES,Yes,NO,No,A,Annual,2023,,16,,A,Normal value,0,Units,0,Zero
DATAFLOW,OECD.ELS.JAI:DSD_TAXBEN_NRR@DF_NRR(1.0),Net replacement rates in unemployment,I,DEU,Germany,NHIDU,Net household income during unemployment,PT_INC_DISP_HH_BJL,Percentage of disposable household income before job loss,S_C0,"Single person, no children",Y4_6,4 and 6 years,AW100,100% of average wage,_Z,Not applicable,M3,3 months,YES,Yes,NO,No,A,Annual,2023,,59,,A,Normal value,0,Units,0,Zero
DATAFLOW,OECD.ELS.JAI:DSD_TAXBEN_NRR@DF_NRR(1.0),Net replacement rates in unemployment,I,DEU,Germany,NHIDU,Net household income during unemployment,PT_INC_DISP_HH_BJL,Percentage of disposable household income before job loss,S_C0,"Single person, no children",Y4_6,4 and 6 years,AW100,100% of average wage,_Z,Not applicable,M11,11 months,YES,Yes,NO,No,A,Annual,2023,,59,,A,Normal value,0,Units,0,Zero
DATAFLOW,OECD.ELS.JAI:DSD_TAXBEN_NRR@DF_NRR(1.0),Net replacement rates in unemployment,I,DEU,Germany,NHIDU,Net household income during unemployment,PT_INC_DISP_HH_BJL,Percentage of disposable household income before job loss,S_C0,"Single person, no children",Y4_6,4 and 6 years,AW100,100% of average wage,_Z,Not applicable,M9,9 months,YES,Yes,NO,No,A,Annual,2023,,59,,A,Normal value,0,Units,0,Zero
DATAFLOW,OECD.ELS.JAI:DSD_TAXBEN_NRR@DF_NRR(1.0),Net replacement rates in unemployment,I,DEU,Germany,NHIDU,Net household income during unemployment,PT_INC_DISP_HH_BJL,Percentage of disposable household income before job loss,S_C0,"Single person, no children",Y4_6,4 and 6 years,AW100,100% of average wage,_Z,Not applicable,M4,4 months,YES,Yes,NO,No,A,Annual,2023,,59,,A,Normal value,0,Units,0,Zero
DATAFLOW,OECD.ELS.JAI:DSD_TAXBEN_NRR@DF_NRR(1.0),Net replacement rates in unemployment,I,DEU,Germany,NHIDU,Net household income during unemployment,PT_INC_DISP_HH_BJL,Percentage of disposable household income before job loss,S_C0,"Single person, no children",Y4_6,4 and 6 years,AW100,100% of average wage,_Z,Not applicable,M6,6 months,YES,Yes,NO,No,A,Annual,2023,,59,,A,Normal value,0,Units,0,Zero
DATAFLOW,OECD.ELS.JAI:DSD_TAXBEN_NRR@DF_NRR(1.0),Net replacement rates in unemployment,I,DEU,Germany,NHIDU,Net household income during unemployment,PT_INC_DISP_HH_BJL,Percentage of disposable household income before job loss,S_C0,"Single person, no children",Y4_6,4 and 6 years,AW100,100% of average wage,_Z,Not applicable,M5,5 months,YES,Yes,NO,No,A,Annual,2023,,59,,A,Normal value,0,Units,0,Zero
DATAFLOW,OECD.ELS.JAI:DSD_TAXBEN_NRR@DF_NRR(1.0),Net replacement rates in unemployment,I,DEU,Germany,NHIDU,Net household income during unemployment,PT_INC_DISP_HH_BJL,Percentage of disposable household income before job loss,S_C0,"Single person, no children",Y4_6,4 and 6 years,AW100,100% of average wage,_Z,Not applicable,M10,10 months,YES,Yes,NO,No,A,Annual,2023,,59,,A,Normal value,0,Units,0,Zero
DATAFLOW,OECD.ELS.JAI:DSD_TAXBEN_NRR@DF_NRR(1.0),Net replacement rates in unemployment,I,DEU,Germany,NHIDU,Net household income during unemployment,PT_INC_DISP_HH_BJL,Percentage of disposable household income before job loss,S_C0,"Single person, no children",Y4_6,4 and 6 years,AW100,100% of average wage,_Z,Not applicable,M7,7 months,YES,Yes,NO,No,A,Annual,2023,,59,,A,Normal value,0,Units,0,Zero
DATAFLOW,OECD.ELS.JAI:DSD_TAXBEN_NRR@DF_NRR(1.0),Net replacement rates in unemployment,I,DEU,Germany,NHIDU,Net household income during unemployment,PT_INC_DISP_HH_BJL,Percentage of disposable household income before job loss,S_C0,"Single person, no children",Y4_6,4 and 6 years,AW100,100% of average wage,_Z,Not applicable,M2,2 months,YES,Yes,NO,No,A,Annual,2023,,59,,A,Normal value,0,Units,0,Zero
DATAFLOW,OECD.ELS.JAI:DSD_TAXBEN_NRR@DF_NRR(1.0),Net replacement rates in unemployment,I,DEU,Germany,NHIDU,Net household income during unemployment,PT_INC_DISP_HH_BJL,Percentage of disposable household income before job loss,S_C0,"Single person, no children",Y4_6,4 and 6 years,AW100,100% of average wage,_Z,Not applicable,M1,1 month,YES,Yes,NO,No,A,Annual,2023,,59,,A,Normal value,0,Units,0,Zero
DATAFLOW,OECD.ELS.JAI:DSD_TAXBEN_NRR@DF_NRR(1.0),Net replacement rates in unemployment,I,DEU,Germany,NHIDU,Net household income during unemployment,PT_INC_DISP_HH_BJL,Percentage of disposable household income before job loss,S_C0,"Single person, no children",Y4_6,4 and 6 years,AW100,100% of average wage,_Z,Not applicable,M12,12 months,YES,Yes,NO,No,A,Annual,2023,,59,,A,Normal value,0,Units,0,Zero
DATAFLOW,OECD.ELS.JAI:DSD_TAXBEN_NRR@DF_NRR(1.0),Net replacement rates in unemployment,I,USA,United States,NHIDU,Net household income during unemployment,PT_INC_DISP_HH_BJL,Percentage of disposable household income before job loss,S_C0,"Single person, no children",Y4_6,4 and 6 years,AW100,100% of average wage,_Z,Not applicable,M1,1 month,YES,Yes,NO,No,A,Annual,2023,,34,,A,Normal value,0,Units,0,Zero
DATAFLOW,OECD.ELS.JAI:DSD_TAXBEN_NRR@DF_NRR(1.0),Net replacement rates in unemployment,I,USA,United States,NHIDU,Net household income during unemployment,PT_INC_DISP_HH_BJL,Percentage of disposable household income before job loss,S_C0,"Single person, no children",Y4_6,4 and 6 years,AW100,100% of average wage,_Z,Not applicable,M2,2 months,YES,Yes,NO,No,A,Annual,2023,,34,,A,Normal value,0,Units,0,Zero
DATAFLOW,OECD.ELS.JAI:DSD_TAXBEN_NRR@DF_NRR(1.0),Net replacement rates in unemployment,I,USA,United States,NHIDU,Net household income during unemployment,PT_INC_DISP_HH_BJL,Percentage of disposable household income before job loss,S_C0,"Single person, no children",Y4_6,4 and 6 years,AW100,100% of average wage,_Z,Not applicable,M3,3 months,YES,Yes,NO,No,A,Annual,2023,,34,,A,Normal value,0,Units,0,Zero
DATAFLOW,OECD.ELS.JAI:DSD_TAXBEN_NRR@DF_NRR(1.0),Net replacement rates in unemployment,I,USA,United States,NHIDU,Net household income during unemployment,PT_INC_DISP_HH_BJL,Percentage of disposable household income before job loss,S_C0,"Single person, no children",Y4_6,4 and 6 years,AW100,100% of average wage,_Z,Not applicable,M5,5 months,YES,Yes,NO,No,A,Annual,2023,,23,,A,Normal value,0,Units,0,Zero
DATAFLOW,OECD.ELS.JAI:DSD_TAXBEN_NRR@DF_NRR(1.0),Net replacement rates in unemployment,I,USA,United States,NHIDU,Net household income during unemployment,PT_INC_DISP_HH_BJL,Percentage of disposable household income before job loss,S_C0,"Single person, no children",Y4_6,4 and 6 years,AW100,100% of average wage,_Z,Not applicable,M24,24 months,YES,Yes,NO,No,A,Annual,2023,,7,,A,Normal value,0,Units,0,Zero
DATAFLOW,OECD.ELS.JAI:DSD_TAXBEN_NRR@DF_NRR(1.0),Net replacement rates in unemployment,I,USA,United States,NHIDU,Net household income during unemployment,PT_INC_DISP_HH_BJL,Percentage of disposable household income before job loss,S_C0,"Single person, no children",Y4_6,4 and 6 years,AW100,100% of average wage,_Z,Not applicable,M10,10 months,YES,Yes,NO,No,A,Annual,2023,,7,,A,Normal value,0,Units,0,Zero
DATAFLOW,OECD.ELS.JAI:DSD_TAXBEN_NRR@DF_NRR(1.0),Net replacement rates in unemployment,I,USA,United States,NHIDU,Net household income during unemployment,PT_INC_DISP_HH_BJL,Percentage of disposable household income before job loss,S_C0,"Single person, no children",Y4_6,4 and 6 years,AW100,100% of average wage,_Z,Not applicable,M34,34 months,YES,Yes,NO,No,A,Annual,2023,,7,,A,Normal value,0,Units,0,Zero
DATAFLOW,OECD.ELS.JAI:DSD_TAXBEN_NRR@DF_NRR(1.0),Net replacement rates in unemployment,I,USA,United States,NHIDU,Net household income during unemployment,PT_INC_DISP_HH_BJL,Percentage of disposable household income before job loss,S_C0,"Single person, no children",Y4_6,4 and 6 years,AW100,100% of average wage,_Z,Not applicable,M57,57 months,YES,Yes,NO,No,A,Annual,2023,,7,,A,Normal value,0,Units,0,Zero
DATAFLOW,OECD.ELS.JAI:DSD_TAXBEN_NRR@DF_NRR(1.0),Net replacement rates in unemployment,I,USA,United States,NHIDU,Net household income during unemployment,PT_INC_DISP_HH_BJL,Percentage of disposable household income before job loss,S_C0,"Single person, no children",Y4_6,4 and 6 years,AW100,100% of average wage,_Z,Not applicable,M41,41 months,YES,Yes,NO,No,A,Annual,2023,,7,,A,Normal value,0,Units,0,Zero
DATAFLOW,OECD.ELS.JAI:DSD_TAXBEN_NRR@DF_NRR(1.0),Net replacement rates in unemployment,I,USA,United States,NHIDU,Net household income during unemployment,PT_INC_DISP_HH_BJL,Percentage of disposable household income before job loss,S_C0,"Single person, no children",Y4_6,4 and 6 years,AW100,100% of average wage,_Z,Not applicable,M33,33 months,YES,Yes,NO,No,A,Annual,2023,,7,,A,Normal value,0,Units,0,Zero
DATAFLOW,OECD.ELS.JAI:DSD_TAXBEN_NRR@DF_NRR(1.0),Net replacement rates in unemployment,I,USA,United States,NHIDU,Net household income during unemployment,PT_INC_DISP_HH_BJL,Percentage of disposable household income before job loss,S_C0,"Single person, no children",Y4_6,4 and 6 years,AW100,100% of average wage,_Z,Not applicable,M43,43 months,YES,Yes,NO,No,A,Annual,2023,,7,,A,Normal value,0,Units,0,Zero
DATAFLOW,OECD.ELS.JAI:DSD_TAXBEN_NRR@DF_NRR(1.0),Net replacement rates in unemployment,I,USA,United States,NHIDU,Net household income during unemployment,PT_INC_DISP_HH_BJL,Percentage of disposable household income before job loss,S_C0,"Single person, no children",Y4_6,4 and 6 years,AW100,100% of average wage,_Z,Not applicable,M59,59 months,YES,Yes,NO,No,A,Annual,2023,,7,,A,Normal value,0,Units,0,Zero
DATAFLOW,OECD.ELS.JAI:DSD_TAXBEN_NRR@DF_NRR(1.0),Net replacement rates in unemployment,I,USA,United States,NHIDU,Net household income during unemployment,PT_INC_DISP_HH_BJL,Percentage of disposable household income before job loss,S_C0,"Single person, no children",Y4_6,4 and 6 years,AW100,100% of average wage,_Z,Not applicable,M58,58 months,YES,Yes,NO,No,A,Annual,2023,,7,,A,Normal value,0,Units,0,Zero
DATAFLOW,OECD.ELS.JAI:DSD_TAXBEN_NRR@DF_NRR(1.0),Net replacement rates in unemployment,I,USA,United States,NHIDU,Net household income during unemployment,PT_INC_DISP_HH_BJL,Percentage of disposable household income before job loss,S_C0,"Single person, no children",Y4_6,4 and 6 years,AW100,100% of average wage,_Z,Not applicable,M26,26 months,YES,Yes,NO,No,A,Annual,2023,,7,,A,Normal value,0,Units,0,Zero
DATAFLOW,OECD.ELS.JAI:DSD_TAXBEN_NRR@DF_NRR(1.0),Net replacement rates in unemployment,I,USA,United States,NHIDU,Net household income during unemployment,PT_INC_DISP_HH_BJL,Percentage of disposable household income before job loss,S_C0,"Single person, no children",Y4_6,4 and 6 years,AW100,100% of average wage,_Z,Not applicable,M13,13 months,YES,Yes,NO,No,A,Annual,2023,,7,,A,Normal value,0,Units,0,Zero
DATAFLOW,OECD.ELS.JAI:DSD_TAXBEN_NRR@DF_NRR(1.0),Net replacement rates in unemployment,I,USA,United States,NHIDU,Net household income during unemployment,PT_INC_DISP_HH_BJL,Percentage of disposable household income before job loss,S_C0,"Single person, no children",Y4_6,4 and 6 years,AW100,100% of average wage,_Z,Not applicable,M21,21 months,YES,Yes,NO,No,A,Annual,2023,,7,,A,Normal value,0,Units,0,Zero
DATAFLOW,OECD.ELS.JAI:DSD_TAXBEN_NRR@DF_NRR(1.0),Net replacement rates in unemployment,I,USA,United States,NHIDU,Net household income during unemployment,PT_INC_DISP_HH_BJL,Percentage of disposable household income before job loss,S_C0,"Single person, no children",Y4_6,4 and 6 years,AW100,100% of average wage,_Z,Not applicable,M53,53 months,YES,Yes,NO,No,A,Annual,2023,,7,,A,Normal value,0,Units,0,Zero
DATAFLOW,OECD.ELS.JAI:DSD_TAXBEN_NRR@DF_NRR(1.0),Net replacement rates in unemployment,I,USA,United States,NHIDU,Net household income during unemployment,PT_INC_DISP_HH_BJL,Percentage of disposable household income before job loss,S_C0,"Single person, no children",Y4_6,4 and 6 years,AW100,100% of average wage,_Z,Not applicable,M45,45 months,YES,Yes,NO,No,A,Annual,2023,,7,,A,Normal value,0,Units,0,Zero
DATAFLOW,OECD.ELS.JAI:DSD_TAXBEN_NRR@DF_NRR(1.0),Net replacement rates in unemployment,I,USA,United States,NHIDU,Net household income during unemployment,PT_INC_DISP_HH_BJL,Percentage of disposable household income before job loss,S_C0,"Single person, no children",Y4_6,4 and 6 years,AW100,100% of average wage,_Z,Not applicable,M48,48 months,YES,Yes,NO,No,A,Annual,2023,,7,,A,Normal value,0,Units,0,Zero
DATAFLOW,OECD.ELS.JAI:DSD_TAXBEN_NRR@DF_NRR(1.0),Net replacement rates in unemployment,I,USA,United States,NHIDU,Net household income during unemployment,PT_INC_DISP_HH_BJL,Percentage of disposable household income before job loss,S_C0,"Single person, no children",Y4_6,4 and 6 years,AW100,100% of average wage,_Z,Not applicable,M12,12 months,YES,Yes,NO,No,A,Annual,2023,,7,,A,Normal value,0,Units,0,Zero
DATAFLOW,OECD.ELS.JAI:DSD_TAXBEN_NRR@DF_NRR(1.0),Net replacement rates in unemployment,I,USA,United States,NHIDU,Net household income during unemployment,PT_INC_DISP_HH_BJL,Percentage of disposable household income before job loss,S_C0,"Single person, no children",Y4_6,4 and 6 years,AW100,100% of average wage,_Z,Not applicable,M49,49 months,YES,Yes,NO,No,A,Annual,2023,,7,,A,Normal value,0,Units,0,Zero
DATAFLOW,OECD.ELS.JAI:DSD_TAXBEN_NRR@DF_NRR(1.0),Net replacement rates in unemployment,I,USA,United States,NHIDU,Net household income during unemployment,PT_INC_DISP_HH_BJL,Percentage of disposable household income before job loss,S_C0,"Single person, no children",Y4_6,4 and 6 years,AW100,100% of average wage,_Z,Not applicable,M38,38 months,YES,Yes,NO,No,A,Annual,2023,,7,,A,Normal value,0,Units,0,Zero
DATAFLOW,OECD.ELS.JAI:DSD_TAXBEN_NRR@DF_NRR(1.0),Net replacement rates in unemployment,I,USA,United States,NHIDU,Net household income during unemployment,PT_INC_DISP_HH_BJL,Percentage of disposable household income before job loss,S_C0,"Single person, no children",Y4_6,4 and 6 years,AW100,100% of average wage,_Z,Not applicable,M24,24 months,NO,No,NO,No,A,Annual,2023,,0,,A,Normal value,0,Units,0,Zero
DATAFLOW,OECD.ELS.JAI:DSD_TAXBEN_NRR@DF_NRR(1.0),Net replacement rates in unemployment,I,USA,United States,NHIDU,Net household income during unemployment,PT_INC_DISP_HH_BJL,Percentage of disposable household income before job loss,S_C0,"Single person, no children",Y4_6,4 and 6 years,AW100,100% of average wage,_Z,Not applicable,M15,15 months,NO,No,NO,No,A,Annual,2023,,0,,A,Normal value,0,Units,0,Zero
DATAFLOW,OECD.ELS.JAI:DSD_TAXBEN_NRR@DF_NRR(1.0),Net replacement rates in unemployment,I,USA,United States,NHIDU,Net household income during unemployment,PT_INC_DISP_HH_BJL,Percentage of disposable household income before job loss,S_C0,"Single person, no children",Y4_6,4 and 6 years,AW100,100% of average wage,_Z,Not applicable,M14,14 months,NO,No,NO,No,A,Annual,2023,,0,,A,Normal value,0,Units,0,Zero
DATAFLOW,OECD.ELS.JAI:DSD_TAXBEN_NRR@DF_NRR(1.0),Net replacement rates in unemployment,I,USA,United States,NHIDU,Net household income during unemployment,PT_INC_DISP_HH_BJL,Percentage of disposable household income before job loss,S_C0,"Single person, no children",Y4_6,4 and 6 years,AW100,100% of average wage,_Z,Not applicable,M7,7 months,NO,No,NO,No,A,Annual,2023,,0,,A,Normal value,0,Units,0,Zero
DATAFLOW,OECD.ELS.JAI:DSD_TAXBEN_NRR@DF_NRR(1.0),Net replacement rates in unemployment,I,USA,United States,NHIDU,Net household income during unemployment,PT_INC_DISP_HH_BJL,Percentage of disposable household income before job loss,S_C0,"Single person, no children",Y4_6,4 and 6 years,AW100,100% of average wage,_Z,Not applicable,M40,40 months,NO,No,NO,No,A,Annual,2023,,0,,A,Normal value,0,Units,0,Zero
DATAFLOW,OECD.ELS.JAI:DSD_TAXBEN_NRR@DF_NRR(1.0),Net replacement rates in unemployment,I,USA,United States,NHIDU,Net household income during unemployment,PT_INC_DISP_HH_BJL,Percentage of disposable household income before job loss,S_C0,"Single person, no children",Y4_6,4 and 6 years,AW100,100% of average wage,_Z,Not applicable,M6,6 months,NO,No,NO,No,A,Annual,2023,,0,,A,Normal value,0,Units,0,Zero
DATAFLOW,OECD.ELS.JAI:DSD_TAXBEN_NRR@DF_NRR(1.0),Net replacement rates in unemployment,I,USA,United States,NHIDU,Net household income during unemployment,PT_INC_DISP_HH_BJL,Percentage of disposable household income before job loss,S_C0,"Single person, no children",Y4_6,4 and 6 years,AW100,100% of average wage,_Z,Not applicable,M38,38 months,NO,No,NO,No,A,Annual,2023,,0,,A,Normal value,0,Units,0,Zero
DATAFLOW,OECD.ELS.JAI:DSD_TAXBEN_NRR@DF_NRR(1.0),Net replacement rates in unemployment,I,USA,United States,NHIDU,Net household income during unemployment,PT_INC_DISP_HH_BJL,Percentage of disposable household income before job loss,S_C0,"Single person, no children",Y4_6,4 and 6 years,AW100,100% of average wage,_Z,Not applicable,M30,30 months,NO,No,NO,No,A,Annual,2023,,0,,A,Normal value,0,Units,0,Zero
DATAFLOW,OECD.ELS.JAI:DSD_TAXBEN_NRR@DF_NRR(1.0),Net replacement rates in unemployment,I,USA,United States,NHIDU,Net household income during unemployment,PT_INC_DISP_HH_BJL,Percentage of disposable household income before job loss,S_C0,"Single person, no children",Y4_6,4 and 6 years,AW100,100% of average wage,_Z,Not applicable,M11,11 months,NO,No,NO,No,A,Annual,2023,,0,,A,Normal value,0,Units,0,Zero
DATAFLOW,OECD.ELS.JAI:DSD_TAXBEN_NRR@DF_NRR(1.0),Net replacement rates in unemployment,I,USA,United States,NHIDU,Net household income during unemployment,PT_INC_DISP_HH_BJL,Percentage of disposable household income before job loss,S_C0,"Single person, no children",Y4_6,4 and 6 years,AW100,100% of average wage,_Z,Not applicable,M47,47 months,NO,No,NO,No,A,Annual,2023,,0,,A,Normal value,0,Units,0,Zero
DATAFLOW,OECD.ELS.JAI:DSD_TAXBEN_NRR@DF_NRR(1.0),Net replacement rates in unemployment,I,USA,United States,NHIDU,Net household income during unemployment,PT_INC_DISP_HH_BJL,Percentage of disposable household income before job loss,S_C0,"Single person, no children",Y4_6,4 and 6 years,AW100,100% of average wage,_Z,Not applicable,M57,57 months,NO,No,NO,No,A,Annual,2023,,0,,A,Normal value,0,Units,0,Zero
DATAFLOW,OECD.ELS.JAI:DSD_TAXBEN_NRR@DF_NRR(1.0),Net replacement rates in unemployment,I,USA,United States,NHIDU,Net household income during unemployment,PT_INC_DISP_HH_BJL,Percentage of disposable household income before job loss,S_C0,"Single person, no children",Y4_6,4 and 6 years,AW100,100% of average wage,_Z,Not applicable,M56,56 months,NO,No,NO,No,A,Annual,2023,,0,,A,Normal value,0,Units,0,Zero
DATAFLOW,OECD.ELS.JAI:DSD_TAXBEN_NRR@DF_NRR(1.0),Net replacement rates in unemployment,I,USA,United States,NHIDU,Net household income during unemployment,PT_INC_DISP_HH_BJL,Percentage of disposable household income before job loss,S_C0,"Single person, no children",Y4_6,4 and 6 years,AW100,100% of average wage,_Z,Not applicable,M48,48 months,NO,No,NO,No,A,Annual,2023,,0,,A,Normal value,0,Units,0,Zero
DATAFLOW,OECD.ELS.JAI:DSD_TAXBEN_NRR@DF_NRR(1.0),Net replacement rates in unemployment,I,USA,United States,NHIDU,Net household income during unemployment,PT_INC_DISP_HH_BJL,Percentage of disposable household income before job loss,S_C0,"Single person, no children",Y4_6,4 and 6 years,AW100,100% of average wage,_Z,Not applicable,M17,17 months,NO,No,NO,No,A,Annual,2023,,0,,A,Normal value,0,Units,0,Zero
DATAFLOW,OECD.ELS.JAI:DSD_TAXBEN_NRR@DF_NRR(1.0),Net replacement rates in unemployment,I,USA,United States,NHIDU,Net household income during unemployment,PT_INC_DISP_HH_BJL,Percentage of disposable household income before job loss,S_C0,"Single person, no children",Y4_6,4 and 6 years,AW100,100% of average wage,_Z,Not applicable,M8,8 months,NO,No,NO,No,A,Annual,2023,,0,,A,Normal value,0,Units,0,Zero
DATAFLOW,OECD.ELS.JAI:DSD_TAXBEN_NRR@DF_NRR(1.0),Net replacement rates in unemployment,I,USA,United States,NHIDU,Net household income during unemployment,PT_INC_DISP_HH_BJL,Percentage of disposable household income before job loss,S_C0,"Single person, no children",Y4_6,4 and 6 years,AW100,100% of average wage,_Z,Not applicable,M35,35 months,NO,No,NO,No,A,Annual,2023,,0,,A,Normal value,0,Units,0,Zero
DATAFLOW,OECD.ELS.JAI:DSD_TAXBEN_NRR@DF_NRR(1.0),Net replacement rates in unemployment,I,USA,United States,NHIDU,Net household income during unemployment,PT_INC_DISP_HH_BJL,Percentage of disposable household income before job loss,S_C0,"Single person, no children",Y4_6,4 and 6 years,AW100,100% of average wage,_Z,Not applicable,M50,50 months,NO,No,NO,No,A,Annual,2023,,0,,A,Normal value,0,Units,0,Zero
DATAFLOW,OECD.ELS.JAI:DSD_TAXBEN_NRR@DF_NRR(1.0),Net replacement rates in unemployment,I,USA,United States,NHIDU,Net household income during unemployment,PT_INC_DISP_HH_BJL,Percentage of disposable household income before job loss,S_C0,"Single person, no children",Y4_6,4 and 6 years,AW100,100% of average wage,_Z,Not applicable,M44,44 months,NO,No,NO,No,A,Annual,2023,,0,,A,Normal value,0,Units,0,Zero
DATAFLOW,OECD.ELS.JAI:DSD_TAXBEN_NRR@DF_NRR(1.0),Net replacement rates in unemployment,I,USA,United States,NHIDU,Net household income during unemployment,PT_INC_DISP_HH_BJL,Percentage of disposable household income before job loss,S_C0,"Single person, no children",Y4_6,4 and 6 years,AW100,100% of average wage,_Z,Not applicable,M43,43 months,NO,No,NO,No,A,Annual,2023,,0,,A,Normal value,0,Units,0,Zero
DATAFLOW,OECD.ELS.JAI:DSD_TAXBEN_NRR@DF_NRR(1.0),Net replacement rates in unemployment,I,USA,United States,NHIDU,Net household income during unemployment,PT_INC_DISP_HH_BJL,Percentage of disposable household income before job loss,S_C0,"Single person, no children",Y4_6,4 and 6 years,AW100,100% of average wage,_Z,Not applicable,M19,19 months,NO,No,NO,No,A,Annual,2023,,0,,A,Normal value,0,Units,0,Zero
DATAFLOW,OECD.ELS.JAI:DSD_TAXBEN_NRR@DF_NRR(1.0),Net replacement rates in unemployment,I,USA,United States,NHIDU,Net household income during unemployment,PT_INC_DISP_HH_BJL,Percentage of disposable household income before job loss,S_C0,"Single person, no children",Y4_6,4 and 6 years,AW100,100% of average wage,_Z,Not applicable,M52,52 months,NO,No,NO,No,A,Annual,2023,,0,,A,Normal value,0,Units,0,Zero
DATAFLOW,OECD.ELS.JAI:DSD_TAXBEN_NRR@DF_NRR(1.0),Net replacement rates in unemployment,I,USA,United States,NHIDU,Net household income during unemployment,PT_INC_DISP_HH_BJL,Percentage of disposable household income before job loss,S_C0,"Single person, no children",Y4_6,4 and 6 years,AW100,100% of average wage,_Z,Not applicable,M26,26 months,NO,No,NO,No,A,Annual,2023,,0,,A,Normal value,0,Units,0,Zero
DATAFLOW,OECD.ELS.JAI:DSD_TAXBEN_NRR@DF_NRR(1.0),Net replacement rates in unemployment,I,USA,United States,NHIDU,Net household income during unemployment,PT_INC_DISP_HH_BJL,Percentage of disposable household income before job loss,S_C0,"Single person, no children",Y4_6,4 and 6 years,AW100,100% of average wage,_Z,Not applicable,M23,23 months,NO,No,NO,No,A,Annual,2023,,0,,A,Normal value,0,Units,0,Zero
